Date,Close,High,Low,Open,Volume,ticker
2010-01-04,7.321211814880371,7.559023575948519,7.236279448061721,7.43162462072914,9100,TATT
2010-01-05,7.601491451263428,7.601491451263428,7.355186168819683,7.363679649934316,2300,TATT
2010-01-06,7.635462760925293,7.635462760925293,7.525049962482452,7.635462760925293,2000,TATT
2010-01-07,7.499571800231934,7.601491139478341,7.431625574067662,7.440119054833922,4300,TATT
2010-01-08,8.034648895263672,8.111088601780365,7.686424285561318,7.686424285561318,800,TATT
2010-01-11,7.915741920471191,8.017661250479247,7.8562891804622,7.898755770461265,2900,TATT
2010-01-12,7.474091529846191,7.847795741846224,7.431624939623205,7.737382931259596,2300,TATT
2010-01-13,7.7034101486206055,7.7034101486206055,7.338199401133269,7.43162525560996,2100,TATT
2010-01-14,7.643957614898682,7.7883435457565104,7.643957614898682,7.70341035937559,1100,TATT
2010-01-15,7.643957614898682,7.643957614898682,7.643957614898682,7.643957614898682,100,TATT
2010-01-19,7.609983921051025,7.609983921051025,7.609983921051025,7.609983921051025,600,TATT
2010-01-20,7.4910783767700195,7.6609447534630295,7.4910783767700195,7.6609447534630295,1200,TATT
2010-01-21,7.643957614898682,7.720397320644932,7.63546413426401,7.63546413426401,2800,TATT
2010-01-22,7.448611736297607,7.6099838036253615,7.355185077860068,7.601490323770527,2300,TATT
2010-01-25,7.346692085266113,7.431625269481914,7.006960968368661,7.431625269481914,2000,TATT
2010-01-26,7.244772911071777,7.346692248404198,7.244772911071777,7.329706097173574,4700,TATT
2010-01-27,7.244772911071777,7.244772911071777,7.151347054346115,7.176826686183497,3400,TATT
2010-01-28,7.304226398468018,7.440118847000521,7.304226398468018,7.440118847000521,1100,TATT
2010-01-29,7.142853260040283,7.423131627890928,7.142853260040284,7.287239184082477,500,TATT
2010-02-01,7.389158725738525,7.389158725738525,7.142853461880003,7.142853461880003,500,TATT
2010-02-02,7.363678932189941,7.389158563067374,7.219293007246384,7.219293007246384,6500,TATT
2010-02-03,7.406145095825195,7.406145095825195,7.287238808627689,7.287238808627689,3100,TATT
2010-02-04,7.210799694061279,7.389158734302291,7.108880358206827,7.389158734302291,3600,TATT
2010-02-05,7.091894149780273,7.3042263002529415,7.091894149780273,7.3042263002529415,1200,TATT
2010-02-08,7.176826477050781,7.219293068864204,7.091894103406806,7.091894103406806,1300,TATT
2010-02-09,7.219293117523193,7.2617597096228454,7.210799637106688,7.2617597096228454,7400,TATT
2010-02-10,7.346692085266113,7.346692085266113,7.236280079761597,7.244772750196878,800,TATT
2010-02-11,7.431625843048096,7.431625843048096,7.304226866874731,7.389159247662661,2400,TATT
2010-02-12,7.406145095825195,7.406145095825195,7.227786070020343,7.346691547235034,4200,TATT
2010-02-16,7.499571800231934,7.499571800231934,7.423132093301401,7.423132093301401,2100,TATT
2010-02-17,7.830809593200684,7.9072492936196825,7.516558121464781,7.516558121464781,9100,TATT
2010-02-18,7.754371166229248,7.983689495162796,7.643958337489773,7.941223707940897,6200,TATT
2010-02-19,7.8138227462768555,7.830809706608348,7.796836595928212,7.830809706608348,5200,TATT
2010-02-22,8.04314136505127,8.280953125448452,7.915741600208536,8.280953125448452,39200,TATT
2010-02-23,8.017662048339844,8.23848769032371,7.898756556489235,8.23848769032371,7300,TATT
2010-02-24,8.40835189819336,8.40835189819336,8.085607778207416,8.085607778207416,7400,TATT
2010-02-25,8.442326545715332,8.442326545715332,7.822317011112903,7.941223315412501,3000,TATT
2010-02-26,8.238487243652344,8.408352801359872,8.238487243652344,8.408352801359872,2000,TATT
2010-03-01,8.102594375610352,8.111087855549219,7.9921815663535805,8.068621265837717,6600,TATT
2010-03-02,7.966701984405518,8.026154724369276,7.924235394438761,8.026154724369276,3800,TATT
2010-03-03,7.966701984405518,7.966701984405518,7.966701984405518,7.966701984405518,0,TATT
2010-03-04,8.162047386169434,8.238487088191112,7.983688351446468,7.983688351446468,3200,TATT
2010-03-05,8.280953407287598,8.280953407287598,8.280953407287598,8.280953407287598,1300,TATT
2010-03-08,8.38287353515625,8.38287353515625,8.221501450804322,8.280954196094573,8400,TATT
2010-03-09,8.374380111694336,8.382873592503305,8.07711557322659,8.382873592503305,3200,TATT
2010-03-10,8.416845321655273,8.450818429321563,8.323419478068672,8.382872213988984,4700,TATT
2010-03-11,8.416845321655273,8.493285016400119,8.416845321655273,8.493285016400119,800,TATT
2010-03-12,8.425339698791504,8.493285921363785,8.416846218474252,8.416846218474252,2400,TATT
2010-03-15,8.255474090576172,8.416846165677375,7.813822836643854,8.416846165677375,45700,TATT
2010-03-16,7.482585430145264,7.8138230705262055,7.219293203961266,7.8138230705262055,18500,TATT
2010-03-17,7.006960391998291,7.431624658180006,6.82010788808315,7.304225702318615,28300,TATT
2010-03-18,6.794628620147705,7.083400466101239,6.794628620147705,6.896547952251979,10800,TATT
2010-03-19,6.709696292877197,6.879562262755079,6.565310360228006,6.854081820534936,8000,TATT
2010-03-22,6.641749858856201,6.794628862464739,6.607776746943192,6.709696082682218,14100,TATT
2010-03-23,6.718188762664795,6.803121942438738,6.709695687682251,6.709695687682251,3500,TATT
2010-03-24,6.947508335113525,6.989974117909117,6.811615886208704,6.854081669004295,8000,TATT
2010-03-25,6.972987651824951,7.32121223891034,6.972987651824951,7.032440393039671,21600,TATT
2010-03-26,6.981481075286865,7.134359667166232,6.964494115087578,7.006960705602952,17000,TATT
2010-03-29,6.837095260620117,7.159840219616439,6.837095260620117,7.006960815359535,10100,TATT
2010-03-30,6.939014911651611,6.939014911651611,6.497364044085841,6.7521623878787205,10900,TATT
2010-03-31,6.879561424255371,6.879561424255371,6.590789594153287,6.786134767467752,5600,TATT
2010-04-01,6.956000804901123,6.956000804901123,6.752162137427601,6.803122209287413,3000,TATT
2010-04-05,6.871068954467773,6.964494815004422,6.769149207986443,6.9560013340512015,5100,TATT
2010-04-06,6.930521011352539,6.93901449146037,6.786135089450791,6.803122049666453,4500,TATT
2010-04-07,6.837095260620117,6.879561851800686,6.624763114700131,6.862574891335315,9500,TATT
2010-04-08,6.913535118103027,6.913535118103027,6.752162229987218,6.769148785842866,3000,TATT
2010-04-09,6.913535118103027,6.913535118103027,6.913535118103027,6.913535118103027,0,TATT
2010-04-12,6.845588684082031,6.845588684082031,6.709695836426035,6.735175466929929,5900,TATT
2010-04-13,6.786135673522949,6.854081900267935,6.624763587499339,6.854081900267935,8800,TATT
2010-04-14,6.837095260620117,6.837095260620117,6.735175522785038,6.794628669439549,8700,TATT
2010-04-15,6.803122043609619,6.828601673927583,6.624763011418184,6.624763011418184,1200,TATT
2010-04-16,6.692709445953369,6.79462878046236,6.582296631072912,6.79462878046236,3300,TATT
2010-04-19,6.692709445953369,6.743669113207864,6.582296631072912,6.624763222947375,5600,TATT
2010-04-20,6.641749858856201,6.641749858856201,6.5483235985997075,6.5483235985997075,4400,TATT
2010-04-21,6.667229652404785,6.735175877882873,6.624763463976706,6.641750020346228,4000,TATT
2010-04-22,6.675722599029541,6.752161894081545,6.667229119028531,6.667229119028531,3300,TATT
2010-04-23,6.624763011932373,6.624763011932373,6.590789901511504,6.590789901511504,900,TATT
2010-04-26,6.675722599029541,6.709695709050746,6.590789823976528,6.624762933997733,8500,TATT
2010-04-27,6.582296848297119,6.692709666821341,6.582296848297119,6.633256517233349,1500,TATT
2010-04-28,6.556816101074219,6.701202016582166,6.556816101074219,6.5907896150096805,900,TATT
2010-04-29,6.582296848297119,6.582296848297119,6.531337179360889,6.5398302550212035,2600,TATT
2010-04-30,6.369964599609375,6.590790233458392,6.369964599609375,6.49736397259985,5200,TATT
2010-05-03,6.259552001953125,6.335991709423335,6.106672992004162,6.335991709423335,16000,TATT
2010-05-04,6.081192493438721,6.208591861232452,5.5546088718821505,6.089685973620968,7800,TATT
2010-05-05,6.072699069976807,6.081192144680548,5.979272818287237,5.979272818287237,4000,TATT
2010-05-06,6.013246536254883,6.038726572930159,5.945300311776073,6.013246536254883,4400,TATT
2010-05-07,6.030232906341553,6.098179128724218,5.928313572767555,5.945300128363222,1400,TATT
2010-05-10,6.437910556793213,6.454897112154485,6.123659080113981,6.183112226374143,5800,TATT
2010-05-11,6.369964599609375,6.369964599609375,6.268045263213571,6.268045263213571,3000,TATT
2010-05-12,6.582296848297119,6.582296848297119,6.285031910340055,6.573803367645357,5000,TATT
2010-05-13,6.276537895202637,6.454896923786801,5.962286427693933,6.208591675740367,13700,TATT
2010-05-14,6.183112144470215,6.28503147528778,6.183112144470215,6.2000986996064755,1600,TATT
2010-05-17,6.344484329223633,6.344484329223633,5.868860371911611,6.183112255039145,11600,TATT
2010-05-18,6.344484329223633,6.344484329223633,6.157632219383399,6.183112255039145,2200,TATT
2010-05-19,6.259552001953125,6.285032039440347,6.200099256135368,6.285032039440347,2500,TATT
2010-05-20,5.800914287567139,6.021739918509895,5.741461544614425,6.021739918509895,4000,TATT
2010-05-21,6.115165710449219,6.115165710449219,5.605568635410356,5.749954561086178,4600,TATT
2010-05-24,6.115165710449219,6.149138821785714,5.987766745433078,6.030232932107981,3000,TATT
2010-05-25,6.055713176727295,6.055713176727295,5.605568828523968,5.7669413154273705,11600,TATT
2010-05-26,5.902833461761475,6.268045009907924,5.86036727580843,6.02173975440942,2500,TATT
2010-05-27,6.242565155029297,6.242565155029297,6.013246448272839,6.02173992870414,900,TATT
2010-05-28,6.242565155029297,6.242565155029297,6.242565155029297,6.242565155029297,0,TATT
2010-06-01,5.817900657653809,5.970780060345747,5.732967881153522,5.741461361299263,15900,TATT
2010-06-02,5.919820308685303,6.081192795233701,5.919820308685303,5.945300345505132,1900,TATT
2010-06-03,5.877353668212891,5.945299887846799,5.775434338762028,5.8688601882629445,4500,TATT
2010-06-04,5.877353668212891,6.064205772206139,5.783927413720559,5.936806407896853,8100,TATT
2010-06-07,5.902833461761475,5.902833461761475,5.741461388151911,5.877353831187933,2800,TATT
2010-06-08,6.030232906341553,6.055712942230768,5.707487945032463,5.707487945032463,2400,TATT
2010-06-09,6.089686393737793,6.089686393737793,5.59707584894302,5.690501707444475,6100,TATT
2010-06-10,5.919820308685303,6.030233126585488,5.902833752469231,6.030233126585488,3200,TATT
2010-06-11,6.030232906341553,6.030232906341553,5.95379360865677,5.987766719848103,3100,TATT
2010-06-14,6.038726329803467,6.038726329803467,5.868860370454015,6.004753218931862,3100,TATT
2010-06-15,6.021739482879639,6.0642056669178155,5.902833195593367,5.911326675395847,13000,TATT
2010-06-16,5.732967853546143,5.945299996270073,5.732967853546143,5.945299996270073,400,TATT
2010-06-17,5.834887504577637,6.00475347105942,5.834887504577637,6.00475347105942,1700,TATT
2010-06-18,5.885847091674805,5.962286795784685,5.783927756189257,5.84338090438488,400,TATT
2010-06-21,5.894340515136719,5.945300182386776,5.7839277002658775,5.945300182386776,1100,TATT
2010-06-22,5.902833461761475,5.902833461761475,5.698994797207441,5.775434498910917,800,TATT
2010-06-23,5.902833461761475,5.902833461761475,5.902833461761475,5.902833461761475,0,TATT
2010-06-24,5.571595191955566,5.715981109024661,5.571595191955566,5.614061781090503,2700,TATT
2010-06-25,5.605568885803223,5.724474780792315,5.563102697231415,5.724474780792315,1300,TATT
2010-06-28,5.7074875831604,5.7074875831604,5.563102072247434,5.605568256048398,11800,TATT
2010-06-29,5.520636081695557,5.6905016452896096,5.520636081695557,5.648035456886821,16200,TATT
2010-06-30,5.520636081695557,5.682008569605632,5.401730187179719,5.401730187179719,700,TATT
2010-07-01,5.4441962242126465,5.605568707635937,5.427209668325534,5.427209668325534,6600,TATT
2010-07-02,5.597075462341309,5.682008239199534,5.444196059005077,5.461182614376722,800,TATT
2010-07-06,5.316797733306885,5.359263924328861,4.832680239717741,5.316797733306885,5600,TATT
2010-07-07,5.384743690490723,5.384743690490723,5.206384644244777,5.21487772002287,3500,TATT
2010-07-08,5.486662864685059,5.486662864685059,5.486662864685059,5.486662864685059,100,TATT
2010-07-09,5.384743690490723,5.401730247038362,5.291317426982976,5.359263653173536,2300,TATT
2010-07-12,5.29980993270874,5.325289967285272,5.29980993270874,5.325289967285272,800,TATT
2010-07-13,5.4696760177612305,5.520635683160666,5.4696760177612305,5.503649128027521,1800,TATT
2010-07-14,5.512142658233643,5.512142658233643,5.308303979805027,5.308303979805027,2700,TATT
2010-07-15,5.231863975524902,5.478169233788806,4.968572161690778,5.444196122648367,4100,TATT
2010-07-16,5.2233710289001465,5.316797289333393,4.960079208580489,5.11295821247826,1300,TATT
2010-07-19,5.28282356262207,5.28282356262207,5.206384266203756,5.206384266203756,2300,TATT
2010-07-20,5.316797733306885,5.316797733306885,5.019532371195679,5.019532371195679,1200,TATT
2010-07-21,5.401730060577393,5.401730060577393,5.206384464526893,5.3252903562558895,1400,TATT
2010-07-22,5.520636081695557,5.520636081695557,5.2063845865508345,5.2063845865508345,1300,TATT
2010-07-23,5.5885820388793945,5.5885820388793945,5.393236447627162,5.4017299278949,4500,TATT
2010-07-26,5.715981483459473,5.834887373838449,5.4781692977100835,5.605568668468991,5500,TATT
2010-07-27,5.902833461761475,5.945300052705944,5.690501317021977,5.86036727580843,7800,TATT
2010-07-28,5.902833461761475,5.902833461761475,5.902833461761475,5.902833461761475,0,TATT
2010-07-29,5.911326885223389,5.945299995656398,5.911326885223389,5.945299995656398,3300,TATT
2010-07-30,5.911326885223389,5.911326885223389,5.911326885223389,5.911326885223389,0,TATT
2010-08-02,6.013246536254883,6.157632465768076,5.826394418938156,5.945300311776073,15400,TATT
2010-08-03,5.911326885223389,5.970780030976865,5.911326885223389,5.970780030976865,400,TATT
2010-08-04,6.259552001953125,6.4464045302155375,5.698995227148802,5.945300501228972,27800,TATT
2010-08-05,6.531336784362793,6.573802970079017,6.3274977159540775,6.344484271238852,3700,TATT
2010-08-06,6.327497959136963,6.4973639235045395,6.285031771788649,6.4973639235045395,900,TATT
2010-08-09,6.497364044189453,6.565310269201971,6.3274980766667115,6.565310269201971,4400,TATT
2010-08-10,6.403937339782715,6.463390485056117,6.369964229624033,6.429417374897435,2000,TATT
2010-08-11,6.497364044189453,6.505857119820295,6.149139033513128,6.2255787391479345,2200,TATT
2010-08-12,5.817900657653809,6.1151655779005205,5.74995443645358,6.013246246100178,11000,TATT
2010-08-13,5.817900657653809,5.894340358999778,5.817900657653809,5.817900657653809,3300,TATT
2010-08-16,5.860367298126221,5.860367298126221,5.817900707020026,5.817900707020026,2500,TATT
2010-08-17,5.775434494018555,5.851873790665853,5.732967903110058,5.851873790665853,2300,TATT
2010-08-18,5.732967853546143,5.775434444087497,5.520635710822211,5.605568486913499,4000,TATT
2010-08-19,5.732967853546143,5.732967853546143,5.732967853546143,5.732967853546143,0,TATT
2010-08-20,5.580089092254639,5.775434688010655,5.563102536318961,5.563102536318961,2900,TATT
2010-08-23,5.766941547393799,5.7754350283578795,5.614062534963515,5.724474952556322,5100,TATT
2010-08-24,5.809408187866211,5.885847492186079,5.614062579063941,5.809408187866211,7900,TATT
2010-08-25,5.7839274406433105,5.7839274406433105,5.5631022258052205,5.775434365645246,2600,TATT
2010-08-26,5.622554779052734,5.622554779052734,5.580088595489792,5.622554779052734,300,TATT
2010-08-27,5.715981483459473,5.792421186913104,5.57159555693214,5.57159555693214,4200,TATT
2010-08-30,5.520636081695557,5.775434832078085,5.520636081695557,5.775434832078085,7700,TATT
2010-08-31,5.622554779052734,5.809407282702172,5.580088595489792,5.580088595489792,5500,TATT
2010-09-01,5.741461753845215,5.809407979690953,5.741461753845215,5.809407979690953,1700,TATT
2010-09-02,6.055713176727295,6.055713176727295,5.81790098418769,5.81790098418769,2200,TATT
2010-09-03,6.030232906341553,6.055712942230768,6.030232906341553,6.047219461937219,1800,TATT
2010-09-07,5.953793525695801,6.2085918560804,5.919820009986429,5.996259711597522,2500,TATT
2010-09-08,5.953793525695801,5.953793525695801,5.953793525695801,5.953793525695801,0,TATT
2010-09-09,6.021739482879639,6.157631919788056,5.936806304820471,5.936806304820471,1200,TATT
2010-09-10,5.732967853546143,5.902833405728718,5.444196009844341,5.902833405728718,10500,TATT
2010-09-13,5.928313732147217,5.928313732147217,5.758448171623806,5.885847139520643,4600,TATT
2010-09-14,5.9452996253967285,5.9452996253967285,5.8773534087622465,5.8773534087622465,2200,TATT
2010-09-15,5.9452996253967285,5.9452996253967285,5.860366854603626,5.894339962920867,4100,TATT
2010-09-16,5.936806678771973,5.936806678771973,5.936806678771973,5.936806678771973,2200,TATT
2010-09-17,5.851873874664307,5.936806652709008,5.843380799355552,5.843380799355552,800,TATT
2010-09-20,5.928313732147217,5.945300288199558,5.817900915311279,5.817900915311279,3500,TATT
2010-09-21,5.987766742706299,5.987766742706299,5.92831359539879,5.945300151059302,6400,TATT
2010-09-22,5.9452996253967285,5.9452996253967285,5.9452996253967285,5.9452996253967285,400,TATT
2010-09-23,5.902833461761475,5.902833461761475,5.902833461761475,5.902833461761475,1000,TATT
2010-09-24,5.987766742706299,6.004753298366811,5.979273262380326,5.979273262380326,5200,TATT
2010-09-27,5.9452996253967285,5.9452996253967285,5.9452996253967285,5.9452996253967285,500,TATT
2010-09-28,5.885847091674805,5.894340572127653,5.885847091674805,5.894340572127653,1200,TATT
2010-09-29,5.885847091674805,5.885847091674805,5.885847091674805,5.885847091674805,0,TATT
2010-09-30,5.885847091674805,5.902833647589063,5.885847091674805,5.885847091674805,1100,TATT
2010-10-01,5.928313732147217,5.945300288199558,5.82639439583317,5.945300288199558,3000,TATT
2010-10-04,5.851873874664307,6.030232911053897,5.826394243746612,5.945300133009194,4700,TATT
2010-10-05,5.851873874664307,5.851873874664307,5.851873874664307,5.851873874664307,0,TATT
2010-10-06,5.851873874664307,5.860367354964493,5.783927652228545,5.783927652228545,1800,TATT
2010-10-07,6.115165710449219,6.115165710449219,5.73296800541793,5.945300153766742,11700,TATT
2010-10-08,5.877353668212891,6.021739587430654,5.817900523537514,5.996259552572231,2800,TATT
2010-10-11,5.894340515136719,5.945300182386776,5.707487996895074,5.741461513386547,9500,TATT
2010-10-12,5.775434494018555,5.94530004766969,5.724474422931789,5.919820012126307,5300,TATT
2010-10-13,6.038726329803467,6.157632217854084,5.953793552624455,5.953793552624455,7500,TATT
2010-10-14,6.166126251220703,6.20009936513998,6.149139289269601,6.149139289269601,5100,TATT
2010-10-15,6.183112144470215,6.183112144470215,6.123658998997592,6.140645554133853,2800,TATT
2010-10-18,6.369964599609375,6.369964599609375,6.2850318192795385,6.2850318192795385,7000,TATT
2010-10-19,6.242565155029297,6.36996452655876,6.242565155029297,6.36996452655876,3400,TATT
2010-10-20,6.369964599609375,6.369964599609375,6.242565226618899,6.2850318192795385,3900,TATT
2010-10-21,6.030232906341553,6.352977867650643,5.95379360865677,6.352977867650643,24200,TATT
2010-10-22,6.140645503997803,6.14913857900088,6.038726174012371,6.038726174012371,2700,TATT
2010-10-25,6.106672286987305,6.132151916541441,6.030232588342077,6.132151916541441,2300,TATT
2010-10-26,5.953793525695801,6.15763219000348,5.741461381212923,5.945300045520602,2500,TATT
2010-10-27,5.834887504577637,5.868860616875705,5.597075718491163,5.868860616875705,1400,TATT
2010-10-28,5.690501689910889,5.775434877365356,5.5715957944626675,5.588582350955271,5700,TATT
2010-10-29,5.520636081695557,6.030233177469165,5.299810444031839,5.529129562370984,9000,TATT
2010-11-01,5.401730060577393,5.707488067880525,5.316797280770967,5.631048768550462,2900,TATT
2010-11-02,5.5885820388793945,5.67351481659962,5.393236447627162,5.393236447627162,1700,TATT
2010-11-03,5.4781694412231445,5.58858225910614,5.367757028331594,5.58858225910614,3500,TATT
2010-11-04,5.648035526275635,5.758448346463968,5.648035526275635,5.758448346463968,800,TATT
2010-11-05,5.7244744300842285,5.732967910273111,5.537622320834518,5.537622320834518,500,TATT
2010-11-08,5.656527996063232,5.656527996063232,5.6055683318184135,5.622554886566686,2000,TATT
2010-11-09,5.894340515136719,5.945300182386776,5.800914256015896,5.809407736386623,1100,TATT
2010-11-10,5.690501689910889,5.766941396623329,5.605568907447874,5.614062388189901,3500,TATT
2010-11-11,5.248850345611572,5.495155595171557,5.214877235671672,5.495155595171557,4400,TATT
2010-11-12,5.1978912353515625,5.265837462481681,5.10446537554338,5.189398159456028,9700,TATT
2010-11-15,4.960079193115234,5.2233710126139625,4.909119525308201,5.095971640600658,7300,TATT
2010-11-16,4.849666118621826,4.968572003835639,4.841172638610845,4.841172638610845,5700,TATT
2010-11-17,4.943092346191406,5.002545085970717,4.875145721457113,4.875145721457113,2400,TATT
2010-11-18,5.129944324493408,5.138437804248377,5.0535046266643135,5.0535046266643135,3000,TATT
2010-11-19,5.07898473739624,5.180904066041712,4.926105744428034,5.0450116278477495,4100,TATT
2010-11-22,4.807199478149414,4.943092321960442,4.739253258739606,4.943092321960442,7000,TATT
2010-11-23,4.739253997802734,4.815693709054868,4.7137743640463405,4.756240555304156,5600,TATT
2010-11-24,4.679800510406494,4.773226359422689,4.4929480023912785,4.5948673313133535,8500,TATT
2010-11-26,4.374042510986328,4.543908074426177,4.374042510986328,4.543908074426177,400,TATT
2010-11-29,4.416508674621582,4.671307423346131,4.280616224630594,4.3655490058749615,22700,TATT
2010-11-30,4.416508674621582,4.458975267739489,4.382535562123835,4.416508674621582,47700,TATT
2010-12-01,4.46746826171875,4.841172458486405,4.425001673226724,4.671306914501107,1700,TATT
2010-12-02,4.46746826171875,4.51842792491434,4.450481302328818,4.450481302328818,2000,TATT
2010-12-03,4.492948055267334,4.790212970617506,4.492948055267334,4.790212970617506,1700,TATT
2010-12-06,4.586374759674072,4.756240326517333,4.586374759674072,4.756240326517333,800,TATT
2010-12-07,4.688293933868408,4.781720194821717,4.671307377785211,4.713773970488926,4800,TATT
2010-12-08,4.815692901611328,4.815692901611328,4.713773573691537,4.781719792304731,2200,TATT
2010-12-09,4.739253997802734,4.8241867853098395,4.722267440301313,4.8241867853098395,300,TATT
2010-12-10,4.93459939956665,4.93459939956665,4.7647338318501316,4.7647338318501316,4100,TATT
2010-12-13,4.71377420425415,4.917612887361278,4.645827571560312,4.917612887361278,8500,TATT
2010-12-14,4.62034797668457,4.662814166852242,4.543908267394709,4.662814166852242,13800,TATT
2010-12-15,4.433494567871094,4.5439073694730014,4.433494567871094,4.5269208157643535,9700,TATT
2010-12-16,4.577880859375,4.586374339434653,4.41650838316438,4.41650838316438,4000,TATT
2010-12-17,4.586374759674072,4.611854392204833,4.450481901208007,4.450481901208007,4700,TATT
2010-12-20,4.45048189163208,4.53541507986242,4.45048189163208,4.526921599042804,4300,TATT
2010-12-21,4.46746826171875,4.5863741425084585,4.416508193531758,4.416508193531758,15000,TATT
2010-12-22,4.569387912750244,4.569387912750244,4.441988543214254,4.552401357144874,3300,TATT
2010-12-23,4.569387912750244,4.569387912750244,4.569387912750244,4.569387912750244,0,TATT
2010-12-27,4.603360652923584,4.671306869868502,4.425001630947475,4.671306869868502,24800,TATT
2010-12-28,4.586374759674072,4.586374759674072,4.543908165467529,4.55240164630542,3600,TATT
2010-12-29,4.62034797668457,4.62034797668457,4.552401748423123,4.603361419619208,7900,TATT
2010-12-30,4.603360652923584,4.6203472071598135,4.509934402128622,4.543907510601081,5200,TATT
2010-12-31,4.569387912750244,4.620347579566354,4.416508507310484,4.458975098819624,6000,TATT
2011-01-03,4.46746826171875,4.569387588109929,4.416508193531758,4.441988227625254,2900,TATT
2011-01-04,4.603360652923584,4.603360652923584,4.492947847892393,4.569387544451125,2000,TATT
2011-01-05,4.662814140319824,4.756240406143433,4.543908241538891,4.654321064331204,3300,TATT
2011-01-06,4.645827293395996,4.662813849304537,4.645827293395996,4.662813849304537,3700,TATT
2011-01-07,4.67130708694458,4.67130708694458,4.637333976893387,4.662813606936073,3500,TATT
2011-01-10,4.59486722946167,4.764733178891222,4.586374154735465,4.586374154735465,7000,TATT
2011-01-11,4.67130708694458,4.98555855741382,4.484454981663021,4.688293641970176,7300,TATT
2011-01-12,4.730760097503662,4.798706315673895,4.730760097503662,4.798706315673895,6100,TATT
2011-01-13,4.67130708694458,4.747746787055472,4.67130708694458,4.747746787055472,2200,TATT
2011-01-14,4.628840446472168,4.628840446472168,4.594867336790976,4.6203473715475765,3100,TATT
2011-01-18,4.628840446472168,4.713773625666559,4.526921117428594,4.628840446472168,1300,TATT
2011-01-19,4.71377420425415,4.739253837146809,4.705280723295622,4.739253837146809,3100,TATT
2011-01-20,4.67130708694458,4.688293641970176,4.67130708694458,4.679800566953086,5500,TATT
2011-01-21,4.645827293395996,4.841172888839934,4.603361106120364,4.7647335897472205,12900,TATT
2011-01-24,4.67130708694458,4.67130708694458,4.5863743118165985,4.5863743118165985,300,TATT
2011-01-25,4.71377420425415,4.747747318105338,4.637334495593246,4.637334495593246,3600,TATT
2011-01-26,4.71377420425415,4.71377420425415,4.637334495593246,4.637334495593246,1300,TATT
2011-01-27,4.71377420425415,4.756240394072404,4.671307609444434,4.756240394072404,800,TATT
2011-01-28,4.628840446472168,4.705280145750555,4.628840446472168,4.705280145750555,4700,TATT
2011-01-31,4.67130708694458,4.798706452132261,4.67130708694458,4.67130708694458,24000,TATT
2011-02-01,4.628840446472168,4.679800515985368,4.552401152185194,4.671307036069364,18300,TATT
2011-02-02,4.679800510406494,4.713773620047186,4.679800510406494,4.713773620047186,400,TATT
2011-02-03,4.832679748535156,4.875145935240965,4.824186268199134,4.832679748535156,3800,TATT
2011-02-04,4.756239414215088,4.832679107128258,4.756239414215088,4.8071990744934086,3200,TATT
2011-02-07,4.798706531524658,4.798706531524658,4.671307164229213,4.671307164229213,1900,TATT
2011-02-08,4.926105976104736,4.926105976104736,4.900625940249327,4.926105976104736,2900,TATT
2011-02-09,4.926105976104736,4.926105976104736,4.926105976104736,4.926105976104736,0,TATT
2011-02-10,4.841172695159912,4.9261058762961465,4.841172695159912,4.9261058762961465,2300,TATT
2011-02-11,4.841172695159912,4.841172695159912,4.7562399190151,4.832679620041143,2400,TATT
2011-02-14,5.087478160858154,5.087478160858154,4.832679821786872,4.832679821786872,10100,TATT
2011-02-15,5.019531726837158,5.019531726837158,4.849666174571987,4.849666174571987,200,TATT
2011-02-16,5.019531726837158,5.019531726837158,5.019531726837158,5.019531726837158,0,TATT
2011-02-17,4.832679748535156,4.900625971257598,4.713773858770883,4.900625971257598,10200,TATT
2011-02-18,4.739253997802734,4.892133420307001,4.739253997802734,4.841173342811261,1600,TATT
2011-02-22,4.71377420425415,4.892133254468618,4.71377420425415,4.722267280221216,6600,TATT
2011-02-23,4.662814140319824,4.7222672922060225,4.662814140319824,4.7222672922060225,1200,TATT
2011-02-24,4.696787357330322,4.713773913207099,4.628840728831777,4.628840728831777,1100,TATT
2011-02-25,4.841172695159912,4.841172695159912,4.713773733438406,4.713773733438406,700,TATT
2011-02-28,4.696787357330322,4.764733580837429,4.696787357330322,4.764733580837429,900,TATT
2011-03-01,4.722266674041748,4.722266674041748,4.713773599164907,4.713773599164907,900,TATT
2011-03-02,4.747747421264648,4.917612994211436,4.586374924469464,4.586374924469464,7100,TATT
2011-03-03,4.679800510406494,4.69678706522684,4.671307030500615,4.69678706522684,3500,TATT
2011-03-04,4.679800510406494,4.679800510406494,4.662813550594736,4.679800510406494,700,TATT
2011-03-07,4.628840446472168,4.671307036069364,4.518428042504002,4.611853891631572,1200,TATT
2011-03-08,4.67130708694458,4.713773677004279,4.662813606936073,4.662813606936073,2000,TATT
2011-03-09,4.67130708694458,4.67130708694458,4.620347421867791,4.620347421867791,1600,TATT
2011-03-10,4.569387912750244,4.671307246382463,4.569387912750244,4.637334135171724,2300,TATT
2011-03-11,4.552401065826416,4.594867249626618,4.4674682932346075,4.560894140589895,9600,TATT
2011-03-14,4.552401065826416,4.552401065826416,4.552401065826416,4.552401065826416,0,TATT
2011-03-15,4.458975315093994,4.458975315093994,4.41650872152509,4.458975315093994,1800,TATT
2011-03-16,4.416508674621582,4.425002155241742,4.416508674621582,4.425002155241742,1700,TATT
2011-03-17,4.425002098083496,4.425002098083496,4.425002098083496,4.425002098083496,200,TATT
2011-03-18,4.569387912750244,4.603361023960984,4.509934765635734,4.603361023960984,1500,TATT
2011-03-21,4.586374759674072,4.586374759674072,4.501441976252442,4.577881278836181,2000,TATT
2011-03-22,4.56089448928833,4.586374525509625,4.458975154386023,4.5184283022414204,2600,TATT
2011-03-23,4.56089448928833,4.56089448928833,4.56089448928833,4.56089448928833,0,TATT
2011-03-24,4.56089448928833,4.56089448928833,4.56089448928833,4.56089448928833,0,TATT
2011-03-25,4.56089448928833,4.56089448928833,4.458975154386023,4.475961710203074,2900,TATT
2011-03-28,4.645827293395996,4.883639481107005,4.467468658852038,4.467468658852038,9400,TATT
2011-03-29,4.586374759674072,4.586374759674072,4.55240164630542,4.55240164630542,1200,TATT
2011-03-30,4.501441478729248,4.654320471991185,4.492947998830101,4.543907663250747,700,TATT
2011-03-31,4.54390811920166,4.620347825998551,4.458975336644812,4.501441930418962,2100,TATT
2011-04-01,4.552401065826416,4.586374174863139,4.509934477034809,4.509934477034809,3700,TATT
2011-04-04,4.756239414215088,4.756239414215088,4.552400773101806,4.6713066470845535,5300,TATT
2011-04-05,4.756239414215088,4.756239414215088,4.756239414215088,4.756239414215088,0,TATT
2011-04-06,4.756239414215088,4.756239414215088,4.756239414215088,4.756239414215088,0,TATT
2011-04-07,4.756239414215088,4.756239414215088,4.756239414215088,4.756239414215088,0,TATT
2011-04-08,4.586374759674072,4.739253769833008,4.586374759674072,4.739253769833008,500,TATT
2011-04-11,4.71377420425415,4.730760761179744,4.5778813438579355,4.5778813438579355,300,TATT
2011-04-12,4.586374759674072,4.586374759674072,4.586374759674072,4.586374759674072,300,TATT
2011-04-13,4.662814140319824,4.662814140319824,4.501442051612861,4.526921684570186,1500,TATT
2011-04-14,4.662814140319824,4.662814140319824,4.662814140319824,4.662814140319824,600,TATT
2011-04-15,4.71377420425415,4.71377420425415,4.501442040188494,4.586374824816464,1300,TATT
2011-04-18,4.63733434677124,4.688294015912617,4.63733434677124,4.688294015912617,2100,TATT
2011-04-19,4.59486722946167,4.637333818066909,4.59486722946167,4.637333818066909,600,TATT
2011-04-20,4.739253997802734,4.739253997802734,4.739253997802734,4.739253997802734,400,TATT
2011-04-21,4.696787357330322,4.756240100403322,4.696787357330322,4.739253544526545,5600,TATT
2011-04-25,4.67130708694458,4.696787121978683,4.67130708694458,4.696787121978683,2600,TATT
2011-04-26,4.696787357330322,4.696787357330322,4.594867617078224,4.594867617078224,1900,TATT
2011-04-27,4.628840446472168,4.628840446472168,4.628840446472168,4.628840446472168,200,TATT
2011-04-28,4.628840446472168,4.671307036069364,4.628840446472168,4.637333926388172,3000,TATT
2011-04-29,4.603360652923584,4.671306869868502,4.603360652923584,4.662813390254688,4500,TATT
2011-05-02,4.62034797668457,4.62034797668457,4.611854495656156,4.611854495656156,1100,TATT
2011-05-03,4.645827293395996,4.645827293395996,4.543907957944752,4.620347662028904,2000,TATT
2011-05-04,4.603360652923584,4.713773457954775,4.603360652923584,4.671306869868502,5000,TATT
2011-05-05,4.535415172576904,4.552401729571926,4.501442058586861,4.509935134588639,1000,TATT
2011-05-06,4.586374759674072,4.586374759674072,4.484455419568116,4.501441976252442,2400,TATT
2011-05-09,4.577880859375,4.577880859375,4.475961528607688,4.501441563795226,2100,TATT
2011-05-10,4.458975315093994,4.552401577950713,4.458975315093994,4.552401577950713,2100,TATT
2011-05-11,4.475961685180664,4.475961685180664,4.475961685180664,4.475961685180664,300,TATT
2011-05-12,4.569387912750244,4.586374468355614,4.5184282459341345,4.569387912750244,3600,TATT
2011-05-13,4.603360652923584,4.637333761396043,4.59486717330977,4.637333761396043,7900,TATT
2011-05-16,4.54390811920166,4.586374712975811,4.54390811920166,4.586374712975811,6700,TATT
2011-05-17,4.501441478729248,4.543907663250747,4.4589748892163374,4.475961444023219,1900,TATT
2011-05-18,4.458975315093994,4.509934984381808,4.458975315093994,4.5014419086628985,2900,TATT
2011-05-19,5.129944324493408,5.163917433530472,4.875145601724029,4.875145601724029,77500,TATT
2011-05-20,5.002545356750488,5.163917839870368,4.747747018922867,5.163917839870368,17900,TATT
2011-05-23,4.892132759094238,4.934598944612391,4.764733392556934,4.764733392556934,13300,TATT
2011-05-24,4.841172695159912,5.028025207669921,4.841172695159912,4.883639285728029,9900,TATT
2011-05-25,4.858159065246582,5.028025016054111,4.858159065246582,4.883639099614704,4300,TATT
2011-05-26,4.926105976104736,4.926105976104736,4.849666273529938,4.883639384676197,12900,TATT
2011-05-27,4.900626182556152,5.011039001736467,4.841173032614879,4.841173032614879,15500,TATT
2011-05-31,5.002545356750488,5.078985060594493,4.9091195020427465,4.9091195020427465,1000,TATT
2011-06-01,4.93459939956665,4.985559069881607,4.892133210133251,4.900626286023347,2300,TATT
2011-06-02,4.926105976104736,4.926105976104736,4.926105976104736,4.926105976104736,600,TATT
2011-06-03,4.926105976104736,4.926105976104736,4.926105976104736,4.926105976104736,0,TATT
2011-06-06,4.87514591217041,4.917612503666689,4.849666281265788,4.87514591217041,10900,TATT
2011-06-07,4.87514591217041,4.883639392466239,4.87514591217041,4.883639392466239,1400,TATT
2011-06-08,4.849666118621826,4.875145748671935,4.849666118621826,4.875145748671935,400,TATT
2011-06-09,4.841172695159912,4.917612396185954,4.832679620041143,4.858159250388875,24100,TATT
2011-06-10,4.798706531524658,4.900625863364445,4.764733420911396,4.764733420911396,5100,TATT
2011-06-13,4.722266674041748,4.764733263400189,4.679800489674718,4.679800489674718,22500,TATT
2011-06-14,4.858159065246582,4.909119133982825,4.756239737756909,4.7647332175434185,2100,TATT
2011-06-15,4.756239414215088,4.764732893423831,4.756239414215088,4.756239414215088,2700,TATT
2011-06-16,4.756239414215088,4.756239414215088,4.756239414215088,4.756239414215088,0,TATT
2011-06-17,4.739253997802734,4.739253997802734,4.696787806544919,4.7137743640463405,500,TATT
2011-06-20,4.71377420425415,4.722267280221216,4.71377420425415,4.722267280221216,200,TATT
2011-06-21,4.730760097503662,4.730760097503662,4.679800433875987,4.730760097503662,10800,TATT
2011-06-22,4.603360652923584,4.730760012191005,4.475961293656163,4.696786903718546,18200,TATT
2011-06-23,4.56089448928833,4.56089448928833,4.543907933471279,4.56089448928833,500,TATT
2011-06-24,4.71377420425415,4.71377420425415,4.586374824816464,4.586374824816464,1200,TATT
2011-06-27,4.654320240020752,4.662813314505194,4.637333686060477,4.637333686060477,1100,TATT
2011-06-28,4.781720161437988,4.781720161437988,4.713773937579567,4.713773937579567,500,TATT
2011-06-29,4.798706531524658,4.798706531524658,4.637334053615951,4.662813684080185,5300,TATT
2011-06-30,4.917612075805664,4.92610555536251,4.7987061969495945,4.7987061969495945,9400,TATT
2011-07-01,4.909119606018066,4.909119606018066,4.841172976166819,4.8496664567700165,8600,TATT
2011-07-05,5.0619988441467285,5.180904743105601,5.011039173164354,5.011039173164354,19700,TATT
2011-07-06,5.070491790771484,5.070491790771484,5.070491790771484,5.070491790771484,500,TATT
2011-07-07,5.095971584320068,5.095971584320068,5.095971584320068,5.095971584320068,15100,TATT
2011-07-08,5.180903911590576,5.180903911590576,5.08747766062171,5.08747766062171,2200,TATT
2011-07-11,5.095971584320068,5.172411287682129,5.061998472823916,5.163917807312373,9500,TATT
2011-07-12,5.1384382247924805,5.1384382247924805,5.095971632524865,5.1384382247924805,11400,TATT
2011-07-13,5.104464530944824,5.1384376388886,5.104464530944824,5.104464530944824,7400,TATT
2011-07-14,5.104464530944824,5.1384376388886,5.104464530944824,5.121451084916712,8000,TATT
2011-07-15,5.1639180183410645,5.180904574783313,5.104465273288919,5.138438386173417,1700,TATT
2011-07-18,5.17241096496582,5.223370629030581,5.138437855589313,5.138437855589313,3600,TATT
2011-07-19,5.1384382247924805,5.1384382247924805,5.03651848434849,5.045011964798589,600,TATT
2011-07-20,5.231863975524902,5.248850531095123,5.155424677954628,5.155424677954628,3300,TATT
2011-07-21,5.17241096496582,5.26583681325551,5.17241096496582,5.26583681325551,3900,TATT
2011-07-22,5.308303356170654,5.308303356170654,5.265836767324727,5.265836767324727,1300,TATT
2011-07-25,5.3337836265563965,5.350770181848333,5.206384259371165,5.291317035830845,6600,TATT
2011-07-26,5.367756366729736,5.367756366729736,5.350769812609984,5.350769812609984,1500,TATT
2011-07-27,5.231863975524902,5.350770269507873,5.231863975524902,5.231863975524902,5500,TATT
2011-07-28,5.231863975524902,5.316797158367432,5.231863975524902,5.316797158367432,500,TATT
2011-07-29,5.146931171417236,5.206384318105426,5.146931171417236,5.155424651654733,1000,TATT
2011-08-01,5.350770473480225,5.350770473480225,5.342276992875626,5.342276992875626,400,TATT
2011-08-02,5.20638370513916,5.3337830587624255,5.20638370513916,5.3337830587624255,200,TATT
2011-08-03,5.104464530944824,5.180903821322625,5.104464530944824,5.104464530944824,4900,TATT
2011-08-04,4.926105976104736,5.138438123264572,4.841172793247658,5.104465012118312,13700,TATT
2011-08-05,4.883638858795166,5.002544735003025,4.883638858795166,4.926105445650809,10300,TATT
2011-08-08,4.67130708694458,4.679800566953086,4.246642806313254,4.577880831808091,6200,TATT
2011-08-09,4.46746826171875,4.637333805704047,4.246642649546461,4.246642649546461,6200,TATT
2011-08-10,4.24664306640625,4.47596177579253,3.117036075540818,4.47596177579253,18000,TATT
2011-08-11,4.289109706878662,4.49294838194251,4.161710332468034,4.272123150623341,9400,TATT
2011-08-12,4.577880859375,4.577880859375,4.492948083735573,4.492948083735573,3900,TATT
2011-08-15,4.628840446472168,4.628840446472168,4.416508308469015,4.586374261866386,1900,TATT
2011-08-16,4.374042510986328,4.408015623674298,4.255136616578434,4.408015623674298,26500,TATT
2011-08-17,4.289109706878662,4.416508676297844,4.280616226255279,4.416508676297844,1900,TATT
2011-08-18,4.153216361999512,4.26362916713234,4.153216361999512,4.26362916713234,700,TATT
2011-08-19,4.26362943649292,4.272122916651139,4.26362943649292,4.272122916651139,200,TATT
2011-08-22,4.297603130340576,4.5608949761035085,4.144724111669303,4.5608949761035085,900,TATT
2011-08-23,4.45048189163208,4.628840938929464,4.238149731039142,4.3145894384498655,14100,TATT
2011-08-24,4.739253997802734,4.739253997802734,4.654321210295628,4.679801249043499,6000,TATT
2011-08-25,4.59486722946167,4.59486722946167,4.552401045847835,4.569387600291649,600,TATT
2011-08-26,4.645827293395996,4.645827293395996,4.569387994303282,4.569387994303282,1400,TATT
2011-08-29,4.790213108062744,4.7987065883122835,4.645827183752013,4.654320664001552,8200,TATT
2011-08-30,4.696787357330322,4.841172879787206,4.696787357330322,4.841172879787206,3200,TATT
2011-08-31,4.722266674041748,4.917612256106039,4.679800489674718,4.917612256106039,700,TATT
2011-09-01,4.722266674041748,4.722266674041748,4.722266674041748,4.722266674041748,0,TATT
2011-09-02,4.654320240020752,4.654320240020752,4.645826760544918,4.645826760544918,800,TATT
2011-09-06,4.62034797668457,4.62034797668457,4.458975482067899,4.586374862553846,11200,TATT
2011-09-07,4.458975315093994,4.739253698672699,4.458975315093994,4.671307472955613,6400,TATT
2011-09-08,4.365548610687256,4.688293555191078,4.365548610687256,4.671307000479898,5200,TATT
2011-09-09,4.586374759674072,4.662814062257811,4.458975382045899,4.458975382045899,3500,TATT
2011-09-12,4.399521827697754,4.662813634655414,4.399521827697754,4.662813634655414,23700,TATT
2011-09-13,4.458975315093994,4.5014419086628985,4.3655490522372755,4.41650872152509,5300,TATT
2011-09-14,4.391028881072998,4.518428250744622,4.391028881072998,4.518428250744622,4500,TATT
2011-09-15,4.374042510986328,4.450481812038536,4.331575917630642,4.331575917630642,900,TATT
2011-09-16,4.374042510986328,4.374042510986328,4.374042510986328,4.374042510986328,0,TATT
2011-09-19,4.374042510986328,4.374042510986328,4.374042510986328,4.374042510986328,0,TATT
2011-09-20,4.475961685180664,4.475961685180664,4.475961685180664,4.475961685180664,100,TATT
2011-09-21,4.238149166107178,4.31458886332873,4.238149166107178,4.31458886332873,1200,TATT
2011-09-22,4.051297187805176,4.170203072009399,3.9663644133735882,4.085270297577811,1200,TATT
2011-09-23,4.110750675201416,4.110750675201416,3.9493781878287253,4.0597910062929,3800,TATT
2011-09-26,4.161710739135742,4.161710739135742,4.076777949559806,4.161710739135742,4300,TATT
2011-09-27,4.20417594909668,4.229655982511639,4.20417594909668,4.221162503042856,2500,TATT
2011-09-28,4.20417594909668,4.20417594909668,4.20417594909668,4.20417594909668,600,TATT
2011-09-29,4.05979061126709,4.2041761232964925,4.05979061126709,4.2041761232964925,800,TATT
2011-09-30,4.20417594909668,4.20417594909668,4.076776996996059,4.076776996996059,200,TATT
2011-10-03,4.20417594909668,4.20417594909668,4.20417594909668,4.20417594909668,0,TATT
2011-10-04,4.238149166107178,4.238149166107178,3.796498347144191,4.0343105135049075,1400,TATT
2011-10-05,4.221163272857666,4.221163272857666,4.170203601725609,4.178697082743351,2700,TATT
2011-10-06,4.26362943649292,4.433494989743066,4.246642881167905,4.433494989743066,1300,TATT
2011-10-07,4.26362943649292,4.26362943649292,4.221162845684671,4.229656325842891,500,TATT
2011-10-10,4.28061580657959,4.28061580657959,4.161709924449992,4.28061580657959,5800,TATT
2011-10-11,4.255136489868164,4.255136489868164,4.170203305685947,4.170203305685947,1100,TATT
2011-10-12,4.20417594909668,4.20417594909668,4.161709766726937,4.170202841204329,5200,TATT
2011-10-13,4.46746826171875,4.46746826171875,4.076777105561163,4.076777105561163,500,TATT
2011-10-14,4.20417594909668,4.212669428565464,4.161709766726937,4.187189395150504,4500,TATT
2011-10-17,4.45048189163208,4.45048189163208,4.246643211858759,4.246643211858759,1500,TATT
2011-10-18,4.24664306640625,4.467468700255267,4.17869684214238,4.467468700255267,6800,TATT
2011-10-19,4.399521827697754,4.408015307756752,4.178696611052247,4.408015307756752,1200,TATT
2011-10-20,4.492948055267334,4.7137736755220665,4.492948055267334,4.7137736755220665,300,TATT
2011-10-21,4.492948055267334,4.492948055267334,4.492948055267334,4.492948055267334,0,TATT
2011-10-24,4.255136489868164,4.501441752017144,4.255136489868164,4.501441752017144,700,TATT
2011-10-25,4.255136489868164,4.255136489868164,4.255136489868164,4.255136489868164,0,TATT
2011-10-26,4.45048189163208,4.705280646340189,4.44198881580392,4.705280646340189,600,TATT
2011-10-27,4.45048189163208,4.45048189163208,4.45048189163208,4.45048189163208,0,TATT
2011-10-28,4.569387912750244,4.569387912750244,4.280616062467525,4.289109542765925,5000,TATT
2011-10-31,4.569387912750244,4.569387912750244,4.569387912750244,4.569387912750244,0,TATT
2011-11-01,4.289109706878662,4.289109706878662,4.289109706878662,4.289109706878662,200,TATT
2011-11-02,4.535415172576904,4.543908248578683,4.535415172576904,4.543908248578683,200,TATT
2011-11-03,4.535415172576904,4.535415172576904,4.535415172576904,4.535415172576904,0,TATT
2011-11-04,4.535415172576904,4.535415172576904,4.535415172576904,4.535415172576904,0,TATT
2011-11-07,4.535415172576904,4.535415172576904,4.535415172576904,4.535415172576904,0,TATT
2011-11-08,4.535415172576904,4.535415172576904,4.535415172576904,4.535415172576904,0,TATT
2011-11-09,4.535415172576904,4.535415172576904,4.535415172576904,4.535415172576904,0,TATT
2011-11-10,4.229656219482422,4.229656219482422,4.229656219482422,4.229656219482422,500,TATT
2011-11-11,4.306095600128174,4.416507996291934,4.2296559062528605,4.2296559062528605,3600,TATT
2011-11-14,4.119243621826172,4.136230177596925,4.119243621826172,4.136230177596925,1800,TATT
2011-11-15,4.034310817718506,4.034310817718506,3.983351150725244,3.983351150725244,4000,TATT
2011-11-16,4.034310817718506,4.034310817718506,4.034310817718506,4.034310817718506,0,TATT
2011-11-17,4.119243621826172,4.119243621826172,4.110750546436513,4.110750546436513,1500,TATT
2011-11-18,4.119243621826172,4.119243621826172,4.119243621826172,4.119243621826172,0,TATT
2011-11-21,3.9918441772460938,4.051297323840239,3.974857621789399,4.051297323840239,2300,TATT
2011-11-22,4.034310817718506,4.034310817718506,3.872938336410794,3.872938336410794,500,TATT
2011-11-23,4.034310817718506,4.034310817718506,4.034310817718506,4.034310817718506,0,TATT
2011-11-25,3.720059394836426,3.8219787304504935,3.7030728389007477,3.8219787304504935,8200,TATT
2011-11-28,3.915404796600342,3.9408844267457286,3.652112990146633,3.652112990146633,1000,TATT
2011-11-29,3.6945793628692627,3.804992179079342,3.635126619518789,3.7030728433430102,2800,TATT
2011-11-30,3.8984181880950928,3.9069112630300538,3.6690994949713467,3.6690994949713467,2700,TATT
2011-12-01,3.8984181880950928,3.8984181880950928,3.8984181880950928,3.8984181880950928,0,TATT
2011-12-02,3.830471992492676,3.864445102426815,3.8219785125134327,3.830471992492676,1400,TATT
2011-12-05,3.7625255584716797,3.9069114855108653,3.7370459272244334,3.9069114855108653,1300,TATT
2011-12-06,3.6775927543640137,3.703072790429732,3.6775927543640137,3.686086234716398,1400,TATT
2011-12-07,3.6436197757720947,3.6436197757720943,3.405807987115559,3.609646663106875,3000,TATT
2011-12-08,3.6436197757720947,3.6436197757720943,3.6436197757720943,3.6436197757720943,0,TATT
2011-12-09,3.6436197757720947,3.6436197757720943,3.6436197757720943,3.6436197757720943,0,TATT
2011-12-12,3.8899247646331787,3.8899247646331787,3.6096464028570248,3.6690995482304047,5000,TATT
2011-12-13,3.6351265907287598,3.711565889429893,3.6351265907287598,3.711565889429893,9600,TATT
2011-12-14,3.7115657329559326,3.8729382089528976,3.6266329574289564,3.8729382089528976,400,TATT
2011-12-15,3.6096465587615967,3.6775927821278906,3.6096465587615967,3.6775927821278906,700,TATT
2011-12-16,3.6096465587615967,3.6096465587615967,3.6096465587615967,3.6096465587615967,0,TATT
2011-12-19,3.5501933097839355,3.6860861576405295,3.414300866918767,3.6860861576405295,5900,TATT
2011-12-20,3.6011528968811035,3.6945791517976785,3.3123814621256975,3.62663293185523,17500,TATT
2011-12-21,3.5926599502563477,3.6775927282192122,3.5077271722934826,3.5077271722934826,10400,TATT
2011-12-22,3.5586867332458496,3.754032319247125,3.5586867332458496,3.686086098897363,600,TATT
2011-12-23,3.6011528968811035,3.711565706783291,3.6011528968811035,3.711565706783291,4000,TATT
2011-12-27,3.5501933097839355,3.6096464560331594,3.414300866918767,3.5162201990676434,7200,TATT
2011-12-28,3.5247137546539307,3.5671799414621503,3.3973143842464038,3.4397809760460576,7100,TATT
2011-12-29,3.5926599502563477,3.6096465058489207,3.431287469631189,3.431287469631189,14100,TATT
2011-12-30,3.4143009185791016,3.6096465106491853,3.312381584888127,3.5247137325733733,15300,TATT
2012-01-03,3.4992334842681885,3.643619400729251,3.490740409471812,3.490740409471812,4000,TATT
2012-01-04,3.61814022064209,3.61814022064209,3.61814022064209,3.61814022064209,200,TATT
2012-01-05,3.7964987754821777,3.7964987754821777,3.5756735435818943,3.771019143527869,700,TATT
2012-01-06,3.6011528968811035,3.9069112916135387,3.499233566967431,3.516220121953043,1400,TATT
2012-01-09,3.5247137546539307,3.5247137546539307,3.5247137546539307,3.5247137546539307,100,TATT
2012-01-10,3.8899247646331787,3.8899247646331787,3.8899247646331787,3.8899247646331787,200,TATT
2012-01-11,3.8899247646331787,3.8899247646331787,3.8899247646331787,3.8899247646331787,0,TATT
2012-01-12,3.7115657329559326,3.7795119533775137,3.7115657329559326,3.7625253982721185,800,TATT
2012-01-13,3.5671799182891846,3.6521131013367527,3.4822471402330484,3.4822471402330484,2200,TATT
2012-01-17,3.7370457649230957,3.7370457649230957,3.652112989468543,3.652112989468543,400,TATT
2012-01-18,3.7370457649230957,3.7370457649230957,3.7370457649230957,3.7370457649230957,0,TATT
2012-01-19,3.771019220352173,3.771019220352173,3.771019220352173,3.771019220352173,200,TATT
2012-01-20,3.771019220352173,3.771019220352173,3.771019220352173,3.771019220352173,0,TATT
2012-01-23,3.7880053520202637,3.7880053520202637,3.6775925437122976,3.6775925437122976,1800,TATT
2012-01-24,3.6860861778259277,3.6860861778259277,3.6860861778259277,3.6860861778259277,800,TATT
2012-01-25,3.7625255584716797,3.7625255584716797,3.6775927793284637,3.6860862597385036,3600,TATT
2012-01-26,3.7625255584716797,3.7625255584716797,3.7625255584716797,3.7625255584716797,0,TATT
2012-01-27,3.7625255584716797,3.7625255584716797,3.7625255584716797,3.7625255584716797,0,TATT
2012-01-30,3.6096465587615967,3.7880055975938376,3.3973144082462086,3.745539005494185,10900,TATT
2012-01-31,3.6860861778259277,3.8219786214352576,3.652113066923595,3.8219786214352576,2300,TATT
2012-02-01,3.652113199234009,3.660606274771569,3.6096466065718804,3.6096466065718804,3100,TATT
2012-02-02,3.7370457649230957,3.7370457649230957,3.499233588658929,3.499233588658929,1400,TATT
2012-02-03,3.771019220352173,3.8219788902904033,3.737046107060019,3.7455391828873292,2500,TATT
2012-02-06,3.821978807449341,3.821978807449341,3.762525657980986,3.762525657980986,2500,TATT
2012-02-07,3.6775927543640137,3.6775927543640137,3.6775927543640137,3.6775927543640137,1700,TATT
2012-02-08,3.7625255584716797,3.8219787063676494,3.6775927793284637,3.6775927793284637,900,TATT
2012-02-09,3.7370457649230957,3.7370457649230957,3.7370457649230957,3.7370457649230957,500,TATT
2012-02-10,3.7370457649230957,3.7370457649230957,3.7370457649230957,3.7370457649230957,200,TATT
2012-02-13,3.7370457649230957,3.7370457649230957,3.6266329543364675,3.7115657297910203,12300,TATT
2012-02-14,3.652113199234009,3.6860863113671347,3.6096466065718804,3.6860863113671347,3800,TATT
2012-02-15,3.5926599502563477,3.6436196170340662,3.5671799143717724,3.6096465058489207,7300,TATT
2012-02-16,3.7370457649230957,3.7370457649230957,3.5926598441546465,3.5926598441546465,3100,TATT
2012-02-17,3.6775927543640137,3.7370459018564,3.6775927543640137,3.7285524215040162,2500,TATT
2012-02-21,3.7795121669769287,4.391028995313917,3.677592830584578,3.677592830584578,17700,TATT
2012-02-22,3.6945793628692627,3.855951846947508,3.660606250957152,3.855951846947508,7600,TATT
2012-02-23,3.6860861778259277,3.6860861778259277,3.4312874410670062,3.618139956021263,5500,TATT
2012-02-24,3.8049919605255127,3.8049919605255127,3.660606040696664,3.660606040696664,2400,TATT
2012-02-27,3.5926599502563477,3.6775927282192122,3.5501933587791994,3.5501933587791994,10100,TATT
2012-02-28,3.5671799182891846,3.6436196210354233,3.5501933626779576,3.5586868429792866,7900,TATT
2012-02-29,3.5501933097839355,3.6096464560331594,3.5501933097839355,3.6011529758583736,6100,TATT
2012-03-01,3.5501933097839355,3.5501933097839355,3.5501933097839355,3.5501933097839355,0,TATT
2012-03-02,3.7285523414611816,3.7285523414611816,3.7285523414611816,3.7285523414611816,200,TATT
2012-03-05,3.7285523414611816,3.7285523414611816,3.7285523414611816,3.7285523414611816,0,TATT
2012-03-06,3.5841665267944336,3.5926600072211072,3.5501934150706145,3.5501934150706145,8300,TATT
2012-03-07,3.5247137546539307,3.584166497183725,3.5247137546539307,3.5671799414621503,10200,TATT
2012-03-08,3.5926599502563477,3.5926599502563477,3.5671799143717724,3.5671799143717724,6100,TATT
2012-03-09,3.6351265907287598,3.6436196661438025,3.6096465545007574,3.62663311032228,3500,TATT
2012-03-12,3.5756733417510986,3.6096464524335117,3.5756733417510986,3.6096464524335117,2400,TATT
2012-03-13,3.61814022064209,3.61814022064209,3.5671801455700836,3.5671801455700836,4700,TATT
2012-03-14,3.5926599502563477,3.6351265417334955,3.5926599502563477,3.6181399861409225,5200,TATT
2012-03-15,3.5926599502563477,3.771018986474079,3.5926599502563477,3.771018986474079,2000,TATT
2012-03-16,3.6096465587615967,3.6096465587615967,3.592660002920023,3.592660002920023,500,TATT
2012-03-19,3.61814022064209,3.61814022064209,3.6011532589571162,3.6011532589571162,5900,TATT
2012-03-20,3.6945793628692627,3.6945793628692627,3.609646583088986,3.609646583088986,700,TATT
2012-03-21,3.7370457649230957,3.7370457649230957,3.69457917470011,3.69457917470011,1400,TATT
2012-03-22,3.7880053520202637,3.796498426894732,3.5926597700105583,3.694579098452645,2700,TATT
2012-03-23,3.652113199234009,3.7795121672375096,3.652113199234009,3.694579386904695,1000,TATT
2012-03-26,3.652113199234009,3.652113199234009,3.652113199234009,3.652113199234009,0,TATT
2012-03-27,3.5756733417510986,3.592659897092305,3.507727120386272,3.507727120386272,4100,TATT
2012-03-28,3.5841665267944336,3.737045934543058,3.5841665267944336,3.737045934543058,400,TATT
2012-03-29,3.5841665267944336,3.5841665267944336,3.5841665267944336,3.5841665267944336,0,TATT
2012-03-30,3.6860861778259277,3.694579253055797,3.6860861778259277,3.694579253055797,500,TATT
2012-04-02,3.6011528968811035,3.6436194868408425,3.592659821884006,3.6436194868408425,4200,TATT
2012-04-03,3.5756733417510986,3.6096464524335117,3.5756733417510986,3.601152972267196,7700,TATT
2012-04-04,3.6011528968811035,3.609646376869618,3.5756732668983937,3.5841663418954917,7700,TATT
2012-04-05,3.6351265907287598,3.6351265907287598,3.516220294986665,3.516220294986665,3000,TATT
2012-04-09,3.652113199234009,3.660606274771569,3.6096466065718804,3.635126643167446,1700,TATT
2012-04-10,3.5671799182891846,3.575673398590514,3.5671799182891846,3.575673398590514,500,TATT
2012-04-11,3.5247137546539307,3.5247137546539307,3.4907406432107813,3.4907406432107813,600,TATT
2012-04-12,3.5756733417510986,3.5756733417510986,3.541700231068685,3.541700231068685,1500,TATT
2012-04-13,3.720059394836426,3.737045950772104,3.5756734668874435,3.737045950772104,1400,TATT
2012-04-16,3.652113199234009,3.652113199234009,3.652113199234009,3.652113199234009,200,TATT
2012-04-17,3.6096465587615967,3.6096465587615967,3.6096465587615967,3.6096465587615967,3100,TATT
2012-04-18,3.6096465587615967,3.6096465587615967,3.6096465587615967,3.6096465587615967,0,TATT
2012-04-19,3.6266326904296875,3.643619244284502,3.6096461365748733,3.6096461365748733,500,TATT
2012-04-20,3.6266326904296875,3.6266326904296875,3.6266326904296875,3.6266326904296875,0,TATT
2012-04-23,3.7795121669769287,3.796498723042321,3.7795121669769287,3.7795121669769287,2300,TATT
2012-04-24,4.07677698135376,4.07677698135376,3.7795116809491844,3.796498234830184,11300,TATT
2012-04-25,4.025816917419434,4.042803876303216,3.906911040172689,4.034310396861325,4400,TATT
2012-04-26,3.9493775367736816,4.034310304286705,3.9493775367736816,4.034310304286705,4500,TATT
2012-04-27,4.04280424118042,4.04280424118042,3.9069113927850885,3.9748576144870404,600,TATT
2012-04-30,3.9918441772460938,4.076777359520995,3.9918441772460938,4.076777359520995,7600,TATT
2012-05-01,4.066855430603027,4.301829506777722,3.822844122004426,4.066855430603027,1400,TATT
2012-05-02,4.2476043701171875,4.2476043701171875,4.2476043701171875,4.2476043701171875,1500,TATT
2012-05-03,4.256641864776611,4.256641864776611,4.093967809839612,4.093967809839612,4300,TATT
2012-05-04,4.12108039855957,4.12108039855957,3.958406325397581,3.958406325397581,9500,TATT
2012-05-07,4.193379878997803,4.193379878997803,4.130117956528354,4.130117956528354,400,TATT
2012-05-08,4.22952938079834,4.22952938079834,4.22952938079834,4.22952938079834,100,TATT
2012-05-09,4.22952938079834,4.22952938079834,4.22952938079834,4.22952938079834,0,TATT
2012-05-10,4.184342384338379,4.184342384338379,4.157229825734203,4.184342384338379,600,TATT
2012-05-11,4.184342384338379,4.184342384338379,4.184342384338379,4.184342384338379,0,TATT
2012-05-14,4.130117416381836,4.130117416381836,4.075892733811286,4.075892733811286,2400,TATT
2012-05-15,4.066855430603027,4.066855430603027,4.066855430603027,4.066855430603027,500,TATT
2012-05-16,3.985518455505371,3.985518455505371,3.9764812224660258,3.9764812224660258,1200,TATT
2012-05-17,3.985518455505371,3.985518455505371,3.985518455505371,3.985518455505371,0,TATT
2012-05-18,4.021667957305908,4.139154994856923,3.9855181658962895,4.139154994856923,2500,TATT
2012-05-21,4.148192405700684,4.148192405700684,3.976480691486419,4.05781750173777,600,TATT
2012-05-22,4.066855430603027,4.1301177813284085,4.021667975664968,4.1301177813284085,2700,TATT
2012-05-23,3.976480722427368,3.9855179543302905,3.976480722427368,3.9855179543302905,4800,TATT
2012-05-24,4.157229900360107,4.157229900360107,3.976480942885997,3.9855181752899487,4600,TATT
2012-05-25,4.13915491104126,4.13915491104126,3.8138063640033164,3.8138063640033164,1100,TATT
2012-05-29,3.931293487548828,3.9945558381264923,3.3528963927655666,3.8499566721655536,9700,TATT
2012-05-30,3.931293487548828,3.931293487548828,3.931293487548828,3.931293487548828,6600,TATT
2012-05-31,3.940330982208252,3.940330982208252,3.940330982208252,3.940330982208252,300,TATT
2012-06-01,3.886106491088867,3.8861064910888676,3.8499566993434415,3.8499566993434415,17200,TATT
2012-06-04,4.021667957305908,4.021667957305908,3.8861064549895903,3.8861064549895903,5200,TATT
2012-06-05,3.840919017791748,3.985518184090324,3.840919017791748,3.985518184090324,2800,TATT
2012-06-06,3.840919017791748,3.840919017791748,3.840919017791748,3.840919017791748,5400,TATT
2012-06-07,3.795731544494629,3.886106453933625,3.795731544494629,3.840918999214127,2700,TATT
2012-06-08,3.795731544494629,3.795731544494629,3.795731544494629,3.795731544494629,300,TATT
2012-06-11,3.795731544494629,3.831881335894425,3.795731544494629,3.831881335894425,3500,TATT
2012-06-12,3.840919017791748,3.840919017791748,3.822844122004426,3.822844122004426,1900,TATT
2012-06-13,3.8951432704925537,3.9222558266177856,3.8047688016408796,3.904180932847451,2900,TATT
2012-06-14,3.9132184982299805,3.913218498229981,3.79573146322634,3.8861063707303694,2400,TATT
2012-06-15,3.9584059715270996,3.9584059715270996,3.840918935943353,3.93129341295412,1500,TATT
2012-06-18,3.7234318256378174,3.7234318256378174,3.6872820355589644,3.6872820355589644,300,TATT
2012-06-19,3.7234318256378174,3.8409188588638363,3.7234318256378174,3.7957314057955243,2200,TATT
2012-06-20,3.7234318256378174,3.886106311932148,3.7234318256378174,3.8228439638244094,7700,TATT
2012-06-21,3.750544548034668,3.7595817804806937,3.750544548034668,3.7595817804806937,800,TATT
2012-06-22,3.7324695587158203,3.7595816863143283,3.7324695587158203,3.7324695587158203,1900,TATT
2012-06-25,3.7324695587158203,3.7505444540946584,3.7324695587158203,3.7505444540946584,1800,TATT
2012-06-26,3.7595815658569336,3.768619228726534,3.732469439127101,3.732469439127101,1700,TATT
2012-06-27,3.7595815658569336,3.7595815658569336,3.7595815658569336,3.7595815658569336,1300,TATT
2012-06-28,3.840919017791748,3.877068809366392,3.723431979704401,3.750544538855138,10800,TATT
2012-06-29,3.840919017791748,3.840919017791748,3.840919017791748,3.840919017791748,0,TATT
2012-07-02,3.840919017791748,3.840919017791748,3.840919017791748,3.840919017791748,0,TATT
2012-07-03,3.795731544494629,3.795731544494629,3.795731544494629,3.795731544494629,900,TATT
2012-07-05,4.0035929679870605,4.0035929679870605,3.7776565614901485,3.7776565614901485,1100,TATT
2012-07-06,3.8228440284729004,3.8770687145081797,3.8138063653306054,3.8138063653306054,2300,TATT
2012-07-09,3.8228440284729004,3.8228440284729004,3.8228440284729004,3.8228440284729004,0,TATT
2012-07-10,4.039742946624756,4.039742946624756,4.039742946624756,4.039742946624756,200,TATT
2012-07-11,4.0035929679870605,4.0035929679870605,4.0035929679870605,4.0035929679870605,200,TATT
2012-07-12,3.9132184982299805,3.913218498229981,3.868031475417463,3.868031475417463,200,TATT
2012-07-13,3.931293487548828,4.0035930705292975,3.931293487548828,4.0035930705292975,3300,TATT
2012-07-16,3.931293487548828,3.9493683832939452,3.931293487548828,3.9493683832939452,3900,TATT
2012-07-17,3.7686195373535156,3.7686195373535156,3.7686195373535156,3.7686195373535156,2000,TATT
2012-07-18,3.795731544494629,3.795731544494629,3.759581753094833,3.777656648794731,300,TATT
2012-07-19,3.795731544494629,3.795731544494629,3.795731544494629,3.795731544494629,0,TATT
2012-07-20,3.795731544494629,3.795731544494629,3.795731544494629,3.795731544494629,0,TATT
2012-07-23,3.6692073345184326,3.6692073345184326,3.6692073345184326,3.6692073345184326,700,TATT
2012-07-24,3.705357074737549,3.877068799761469,3.705357074737549,3.705357074737549,19100,TATT
2012-07-25,3.840919017791748,3.840919017791748,3.786694330429782,3.840919017791748,4900,TATT
2012-07-26,3.840919017791748,3.840919017791748,3.840919017791748,3.840919017791748,0,TATT
2012-07-27,3.840919017791748,3.840919017791748,3.840919017791748,3.840919017791748,0,TATT
2012-07-30,3.840919017791748,3.840919017791748,3.840919017791748,3.840919017791748,0,TATT
2012-07-31,3.7776565551757812,3.7776565551757812,3.7776565551757812,3.7776565551757812,300,TATT
2012-08-01,3.8770689964294434,3.9132187897482638,3.8770689964294434,3.9132187897482638,300,TATT
2012-08-02,3.840919017791748,3.840919017791748,3.831881354428333,3.831881354428333,4700,TATT
2012-08-03,4.039742946624756,4.039742946624756,4.039742946624756,4.039742946624756,200,TATT
2012-08-06,4.039742946624756,4.039742946624756,4.039742946624756,4.039742946624756,0,TATT
2012-08-07,3.8138065338134766,3.8228441973550296,3.795731637669887,3.795731637669887,4900,TATT
2012-08-08,3.840919017791748,3.840919017791748,3.4794206711057996,3.723431979704401,13200,TATT
2012-08-09,3.8047690391540527,3.8409188289513776,3.8047690391540527,3.8228439340527154,4700,TATT
2012-08-10,3.795731544494629,3.868031558233727,3.705357065995139,3.840918999214127,2500,TATT
2012-08-13,3.795731544494629,3.795731544494629,3.795731544494629,3.795731544494629,0,TATT
2012-08-14,3.7595815658569336,3.7957313554563665,3.7234317762575,3.7234317762575,5400,TATT
2012-08-15,3.8951432704925537,3.8951432704925533,3.76861901410021,3.76861901410021,300,TATT
2012-08-16,3.7324695587158203,3.7505444540946584,3.7324695587158203,3.7505444540946584,4200,TATT
2012-08-17,3.840919017791748,3.840919017791748,3.750544538855138,3.750544538855138,9800,TATT
2012-08-20,3.840919017791748,3.840919017791748,3.741506875491723,3.840919017791748,1700,TATT
2012-08-21,3.8228440284729004,3.8228440284729004,3.7415067839502334,3.7415067839502334,900,TATT
2012-08-22,3.6420950889587402,3.7415067982674097,3.6420950889587402,3.7415067982674097,5300,TATT
2012-08-23,3.660169839859009,3.660169839859009,3.614982387637744,3.614982387637744,4000,TATT
2012-08-24,3.660169839859009,3.660169839859009,3.660169839859009,3.660169839859009,0,TATT
2012-08-27,3.5426831245422363,3.6240203734131056,3.524608228230879,3.58787036532063,11200,TATT
2012-08-28,3.5246078968048096,3.5607576860282864,3.5155704494989406,3.5607576860282864,4000,TATT
2012-08-29,3.506533145904541,3.5336454889333186,3.506533145904541,3.5336454889333186,9200,TATT
2012-08-30,3.506533145904541,3.560757831962096,3.506533145904541,3.560757831962096,800,TATT
2012-08-31,3.506533145904541,3.506533145904541,3.506533145904541,3.506533145904541,0,TATT
2012-09-04,3.506533145904541,3.506533145904541,3.506533145904541,3.506533145904541,0,TATT
2012-09-05,3.506533145904541,3.506533145904541,3.506533145904541,3.506533145904541,0,TATT
2012-09-06,3.6149826049804688,3.6149826049804688,3.5878702612994857,3.5878702612994857,300,TATT
2012-09-07,3.5788326263427734,3.5788326263427734,3.5788326263427734,3.5788326263427734,900,TATT
2012-09-10,3.5788326263427734,3.5788326263427734,3.5788326263427734,3.5788326263427734,0,TATT
2012-09-11,3.5788326263427734,3.5788326263427734,3.5788326263427734,3.5788326263427734,0,TATT
2012-09-12,3.6149826049804688,3.6149826049804688,3.5246081260438586,3.5246081260438586,1000,TATT
2012-09-13,3.569795608520508,3.6149828510648647,3.569795608520508,3.6149828510648647,600,TATT
2012-09-14,3.506533145904541,3.5246080412570593,3.506533145904541,3.5246080412570593,3500,TATT
2012-09-17,3.569795608520508,3.5878705055382505,3.506533468958408,3.5878705055382505,2200,TATT
2012-09-18,3.551720380783081,3.551720380783081,3.5065331424463495,3.5155705901136955,300,TATT
2012-09-19,3.5969078540802,3.5969078540802,3.5155708197609137,3.5246082680186124,4300,TATT
2012-09-20,3.5246078968048096,3.5246078968048096,3.488457892111593,3.488457892111593,400,TATT
2012-09-21,3.4432709217071533,3.605945201255373,3.4432709217071533,3.605945201255373,500,TATT
2012-09-24,3.3980836868286133,3.515570726532863,3.3980836868286133,3.515570726532863,10800,TATT
2012-09-25,3.3348214626312256,3.3800087015280407,3.3348214626312256,3.3800087015280407,3700,TATT
2012-09-26,3.307709217071533,3.398083697536702,3.307709217071533,3.3438590092576006,9600,TATT
2012-09-27,3.2896342277526855,3.380008705656708,3.2805967799622833,3.380008705656708,57800,TATT
2012-09-28,3.3890461921691895,3.3890461921691895,3.3077091611262404,3.3077091611262404,17900,TATT
2012-10-01,3.307709217071533,3.307709217071533,3.307709217071533,3.307709217071533,200,TATT
2012-10-02,3.3890461921691895,3.3890461921691895,3.3890461921691895,3.3890461921691895,2600,TATT
2012-10-03,3.407120943069458,3.407120943069458,3.407120943069458,3.407120943069458,1400,TATT
2012-10-04,3.4794206619262695,3.4794206619262695,3.443270870446997,3.443270870446997,3000,TATT
2012-10-05,3.452308416366577,3.452308416366577,3.452308416366577,3.452308416366577,300,TATT
2012-10-08,3.407120943069458,3.407120943069458,3.389046048050767,3.389046048050767,800,TATT
2012-10-09,3.605945110321045,3.605945110321045,3.42519593932222,3.479420625980942,800,TATT
2012-10-10,3.605945110321045,3.605945110321045,3.605945110321045,3.605945110321045,0,TATT
2012-10-11,3.750544548034668,3.8318813638069362,3.524608134670405,3.6511324054913294,19000,TATT
2012-10-12,3.7776565551757812,3.8228440087754314,3.7595816599238208,3.7866942182715095,8000,TATT
2012-10-15,3.9222562313079834,4.039742837467452,3.84091898547954,3.8861064400374543,4100,TATT
2012-10-16,3.976480722427368,3.9945556171726957,3.9312932700943084,3.9945556171726957,800,TATT
2012-10-17,4.039742946624756,4.039742946624756,4.030705714032682,4.030705714032682,900,TATT
2012-10-18,4.039742946624756,4.039742946624756,3.9764810256616903,3.9764810256616903,6400,TATT
2012-10-19,4.039742946624756,4.039742946624756,3.9312935698827727,3.9312935698827727,700,TATT
2012-10-22,4.039742946624756,4.039742946624756,3.895143777635445,4.021668050501092,1000,TATT
2012-10-23,4.157229900360107,4.166267563703567,3.9855181752899487,4.048780525875641,4500,TATT
2012-10-24,4.193379878997803,4.193379878997803,4.157230085889681,4.157230085889681,10300,TATT
2012-10-25,4.202416896820068,4.202416896820068,4.157229446910605,4.157229446910605,5500,TATT
2012-10-26,4.238566875457764,4.238566875457764,4.202417086276248,4.202417086276248,1200,TATT
2012-10-31,4.238566875457764,4.238566875457764,4.238566875457764,4.238566875457764,0,TATT
2012-11-01,4.238566875457764,4.238566875457764,4.238566875457764,4.238566875457764,1000,TATT
2012-11-02,4.175304412841797,4.229529095106558,4.012630366047515,4.012630366047515,800,TATT
2012-11-05,4.238566875457764,4.265679001874161,4.021667709429191,4.220491980867006,2700,TATT
2012-11-06,4.238566875457764,4.238566875457764,4.238566875457764,4.238566875457764,0,TATT
2012-11-07,4.075892925262451,4.084930157312301,4.075892925262451,4.084930157312301,700,TATT
2012-11-08,4.075892925262451,4.075892925262451,4.075892925262451,4.075892925262451,0,TATT
2012-11-09,4.04878044128418,4.04878044128418,4.039742778129545,4.04878044128418,1300,TATT
2012-11-12,4.337978839874268,4.69043948594547,4.229529045672814,4.229529045672814,12700,TATT
2012-11-13,4.193379878997803,4.627177827234784,4.193379878997803,4.518728447910421,17600,TATT
2012-11-14,4.274716854095459,4.274716854095459,4.211454504754268,4.211454504754268,1000,TATT
2012-11-15,4.211454391479492,4.247604181290858,4.211454391479492,4.247604181290858,3000,TATT
2012-11-16,4.283753871917725,4.283753871917725,4.229529188456175,4.229529188456175,2300,TATT
2012-11-19,4.518728256225586,4.545840815376323,4.356054194139688,4.500653360438264,1200,TATT
2012-11-20,4.509690284729004,4.509690284729004,4.509690284729004,4.509690284729004,400,TATT
2012-11-21,4.518728256225586,4.518728256225586,4.46450356886362,4.46450356886362,700,TATT
2012-11-23,4.880227088928223,5.124238421827656,4.744665141553082,4.744665141553082,18500,TATT
2012-11-26,5.467661380767822,5.892421648665884,5.106163032868051,5.106163032868051,26100,TATT
2012-11-27,5.341136455535889,5.603222649841879,5.341136455535889,5.395361140812353,5200,TATT
2012-11-28,5.169424533843994,5.422473486144087,4.880226223717573,5.422473486144087,6500,TATT
2012-11-29,5.196537017822266,5.41343574736738,5.133274672901873,5.178462123693506,5100,TATT
2012-11-30,5.332099437713623,5.395361357608405,5.223650062802989,5.223650062802989,2100,TATT
2012-12-03,5.178462505340576,5.4043989140710735,5.0067507829926585,5.377286355410034,4800,TATT
2012-12-04,5.079050540924072,5.314024621001176,5.0700133083500765,5.0700133083500765,4600,TATT
2012-12-05,5.060975074768066,5.060975074768066,5.006750392613418,5.042900180716517,8000,TATT
2012-12-06,5.060975074768066,5.060975074768066,5.060975074768066,5.060975074768066,0,TATT
2012-12-07,5.070013046264648,5.070013046264648,5.070013046264648,5.070013046264648,1600,TATT
2012-12-10,5.070013046264648,5.070013046264648,5.070013046264648,5.070013046264648,0,TATT
2012-12-11,5.268836975097656,5.268836975097656,5.070013125312999,5.070013125312999,2700,TATT
2012-12-12,5.422473907470703,5.431511570834118,5.286911973596034,5.431511570834118,11100,TATT
2012-12-13,5.314024448394775,5.314024448394775,5.30498678517482,5.30498678517482,900,TATT
2012-12-14,5.314024448394775,5.314024448394775,5.314024448394775,5.314024448394775,0,TATT
2012-12-17,5.377286434173584,5.422473888957365,5.295949618878089,5.295949618878089,4100,TATT
2012-12-18,5.377286434173584,5.377286434173584,5.377286434173584,5.377286434173584,2100,TATT
2012-12-19,5.151350021362305,5.359211537645457,5.151350021362305,5.359211537645457,2100,TATT
2012-12-20,5.169424533843994,5.169424533843994,5.160387302122281,5.169424533843994,600,TATT
2012-12-21,5.169424533843994,5.169424533843994,5.169424533843994,5.169424533843994,0,TATT
2012-12-24,5.169424533843994,5.169424533843994,5.169424533843994,5.169424533843994,0,TATT
2012-12-26,5.024825572967529,5.024825572967529,5.024825572967529,5.024825572967529,200,TATT
2012-12-27,5.015789031982422,5.024826265298552,5.015789031982422,5.024826265298552,1100,TATT
2012-12-28,5.006750583648682,5.006750583648682,4.988675688907475,4.988675688907475,400,TATT
2012-12-31,5.042901039123535,5.404399412628566,4.997714011772619,5.404399412628566,2300,TATT
2013-01-02,5.259799480438232,5.295949269504655,5.1784622395690425,5.1784622395690425,8000,TATT
2013-01-03,5.196537017822266,5.196537017822266,5.196537017822266,5.196537017822266,700,TATT
2013-01-04,5.151350021362305,5.241724930916333,5.151350021362305,5.187499812808113,800,TATT
2013-01-07,5.124237537384033,5.151349663615776,5.124237537384033,5.151349663615776,1100,TATT
2013-01-08,5.124237537384033,5.124237537384033,5.124237537384033,5.124237537384033,0,TATT
2013-01-09,5.042901039123535,5.042901039123535,5.042901039123535,5.042901039123535,900,TATT
2013-01-10,5.042901039123535,5.042901039123535,5.042901039123535,5.042901039123535,0,TATT
2013-01-11,5.042901039123535,5.042901039123535,5.042901039123535,5.042901039123535,0,TATT
2013-01-14,5.042901039123535,5.042901039123535,5.042901039123535,5.042901039123535,0,TATT
2013-01-15,5.567072868347168,5.738784587460408,5.440548602504594,5.512848182986065,46700,TATT
2013-01-16,5.603222846984863,5.6122605103186665,5.52188603167817,5.52188603167817,4300,TATT
2013-01-17,5.585147857666016,5.603222753091233,5.585147857666016,5.603222753091233,2300,TATT
2013-01-18,5.57611083984375,5.57611083984375,5.530923384073345,5.530923384073345,1400,TATT
2013-01-22,5.621297359466553,5.63937225396235,5.530922886987568,5.530922886987568,1000,TATT
2013-01-23,5.612260341644287,5.612260341644287,5.612260341644287,5.612260341644287,400,TATT
2013-01-24,5.612260341644287,5.612260341644287,5.612260341644287,5.612260341644287,0,TATT
2013-01-25,5.5941853523254395,5.630335142086873,5.440548530369603,5.440548530369603,400,TATT
2013-01-28,5.621297359466553,5.621297359466553,5.567072675979162,5.621297359466553,5400,TATT
2013-01-29,5.585147857666016,5.62129764851645,5.585147857666016,5.62129764851645,3600,TATT
2013-01-30,5.675522804260254,5.675522804260254,5.603222791129073,5.603222791129073,2700,TATT
2013-01-31,5.765897274017334,5.78397216954023,5.711672587448646,5.711672587448646,2800,TATT
2013-02-01,5.946646213531494,5.964721109006625,5.783972154255318,5.783972154255318,3300,TATT
2013-02-04,6.281032085418701,6.32621954022468,6.100283128073799,6.100283128073799,19200,TATT
2013-02-05,6.516005992889404,6.525043225053868,6.4165938534433264,6.4165938534433264,18500,TATT
2013-02-06,6.525043487548828,6.525043487548828,6.497931359025251,6.525043487548828,8500,TATT
2013-02-07,6.389482021331787,6.452743942225482,6.389482021331787,6.389482021331787,3700,TATT
2013-02-08,6.389482021331787,6.407556917435631,6.2539200850832,6.281032213769208,2500,TATT
2013-02-11,6.290069580078125,6.371406824171905,6.27199468482834,6.371406824171905,2400,TATT
2013-02-12,6.461781024932861,6.479855919412051,6.281031649201484,6.362368889827578,12200,TATT
2013-02-13,6.443706512451172,6.443706512451172,6.344294371452512,6.344294371452512,800,TATT
2013-02-14,6.43466854095459,6.43466854095459,6.43466854095459,6.43466854095459,1000,TATT
2013-02-15,6.43466854095459,6.43466854095459,6.43466854095459,6.43466854095459,0,TATT
2013-02-19,5.820121765136719,6.425631391228972,5.6664849428817305,6.425631391228972,22200,TATT
2013-02-20,6.163545608520508,6.163545608520508,5.9195342954922205,5.9195342954922205,4800,TATT
2013-02-21,5.946646213531494,6.100283040539855,5.720709804622611,6.100283040539855,2500,TATT
2013-02-22,5.946646213531494,5.946646213531494,5.937608981263679,5.937608981263679,1000,TATT
2013-02-25,6.136433124542236,6.136433124542236,5.91049670484351,5.91049670484351,2100,TATT
2013-02-26,5.793009281158447,5.946646105372423,5.793009281158447,5.946646105372423,400,TATT
2013-02-27,5.874346733093262,6.109320809267956,5.793009486580559,5.982796107817194,1300,TATT
2013-02-28,6.064133167266846,6.064133167266846,6.064133167266846,6.064133167266846,300,TATT
2013-03-01,5.874346733093262,5.874346733093262,5.85627183730594,5.865309069729847,1700,TATT
2013-03-04,5.874346733093262,5.874346733093262,5.874346733093262,5.874346733093262,0,TATT
2013-03-05,5.874346733093262,5.883384396456677,5.874346733093262,5.883384396456677,1300,TATT
2013-03-06,5.783972263336182,5.811084391590439,5.783972263336182,5.811084391590439,1500,TATT
2013-03-07,5.901459217071533,6.109320731447761,5.901459217071533,6.109320731447761,1400,TATT
2013-03-08,6.100282669067383,6.100282669067383,5.93760861969713,5.93760861969713,5900,TATT
2013-03-11,6.055095672607422,6.055095672607422,5.829159260481182,5.829159260481182,2400,TATT
2013-03-12,5.991833209991455,6.037020229757835,5.874346182907827,6.037020229757835,6500,TATT
2013-03-13,6.018945693969727,6.018945693969727,5.910496322947091,5.910496322947091,1300,TATT
2013-03-14,5.783972263336182,5.865309079038464,5.783972263336182,5.865309079038464,400,TATT
2013-03-15,5.783972263336182,5.783972263336182,5.783972263336182,5.783972263336182,0,TATT
2013-03-18,5.783972263336182,5.783972263336182,5.783972263336182,5.783972263336182,0,TATT
2013-03-19,5.955683708190918,5.964720940202976,5.955683708190918,5.964720940202976,1500,TATT
2013-03-20,5.802047252655029,5.802047252655029,5.802047252655029,5.802047252655029,400,TATT
2013-03-21,5.802047252655029,5.802047252655029,5.802047252655029,5.802047252655029,0,TATT
2013-03-22,5.675522804260254,5.7116725953560925,5.5580357677290255,5.702634932112382,3000,TATT
2013-03-25,5.693597793579102,5.774934609414568,5.648410338495335,5.6845601301865445,10400,TATT
2013-03-26,5.75685977935791,5.75685977935791,5.7478225468015856,5.7478225468015856,200,TATT
2013-03-27,5.783972263336182,5.783972263336182,5.594185641798343,5.648410329246367,4600,TATT
2013-03-28,5.603222846984863,5.6122605103186665,5.603222846984863,5.603222846984863,500,TATT
2013-04-01,5.621297359466553,5.63937225396235,5.521885655209409,5.521885655209409,2400,TATT
2013-04-02,5.693597793579102,5.729747585270311,5.693597793579102,5.729747585270311,1800,TATT
2013-04-03,5.612260341644287,5.612260341644287,5.612260341644287,5.612260341644287,200,TATT
2013-04-04,5.603222846984863,5.6122605103186665,5.603222846984863,5.603222846984863,2500,TATT
2013-04-05,5.621297359466553,5.621297359466553,5.621297359466553,5.621297359466553,100,TATT
2013-04-08,5.449586391448975,5.6032227880521726,5.449586391448975,5.6032227880521726,2100,TATT
2013-04-09,5.431510925292969,5.494772837560093,5.332098794808187,5.494772837560093,400,TATT
2013-04-10,5.811084270477295,5.811084270477295,5.774934479598704,5.811084270477295,2100,TATT
2013-04-11,5.467661380767822,5.6122605475519265,5.467661380767822,5.6122605475519265,600,TATT
2013-04-12,5.793009281158447,5.811084176304827,5.494773295773431,5.494773295773431,900,TATT
2013-04-15,5.66648530960083,5.66648530960083,5.6574480770277535,5.66648530960083,3400,TATT
2013-04-16,5.765897274017334,5.8020470650631255,5.621297678894664,5.621297678894664,3100,TATT
2013-04-17,5.765897274017334,5.765897274017334,5.765897274017334,5.765897274017334,0,TATT
2013-04-18,5.765897274017334,5.765897274017334,5.765897274017334,5.765897274017334,0,TATT
2013-04-19,5.612260341644287,5.612260341644287,5.594185446459422,5.612260341644287,800,TATT
2013-04-22,5.7749342918396,5.7749342918396,5.440548521614687,5.630335133026553,6400,TATT
2013-04-23,5.783972263336182,5.783972263336182,5.765897367520174,5.765897367520174,900,TATT
2013-04-24,5.847233772277832,5.847233772277832,5.774934194095027,5.774934194095027,3100,TATT
2013-04-25,5.684560298919678,5.684560298919678,5.684560298919678,5.684560298919678,200,TATT
2013-04-26,5.684560298919678,5.684560298919678,5.684560298919678,5.684560298919678,0,TATT
2013-04-29,5.865309238433838,5.865309238433838,5.738784964283364,5.738784964283364,400,TATT
2013-04-30,5.865309238433838,5.865309238433838,5.865309238433838,5.865309238433838,0,TATT
2013-05-01,5.874346733093262,5.874346733093262,5.829159278155203,5.847234173942525,1700,TATT
2013-05-02,5.7387847900390625,5.865309060347934,5.512848377589182,5.865309060347934,3200,TATT
2013-05-03,5.7387847900390625,5.7387847900390625,5.7387847900390625,5.7387847900390625,0,TATT
2013-05-06,5.964721202850342,6.0460584492378695,5.892421619812321,5.9195341789213325,7300,TATT
2013-05-07,5.964721202850342,5.964721202850342,5.964721202850342,5.964721202850342,0,TATT
2013-05-08,5.955683708190918,5.955683708190918,5.865308802433405,5.865308802433405,1400,TATT
2013-05-09,5.711672306060791,5.72974720069322,5.711672306060791,5.72974720069322,300,TATT
2013-05-10,5.829159259796143,5.829159259796143,5.829159259796143,5.829159259796143,200,TATT
2013-05-13,5.8833842277526855,6.027983389904931,5.829159111006097,6.027983389904931,5600,TATT
2013-05-14,5.8833842277526855,5.8833842277526855,5.8833842277526855,5.8833842277526855,0,TATT
2013-05-15,5.964721202850342,5.973758866199848,5.964721202850342,5.973758866199848,1100,TATT
2013-05-16,5.793009281158447,5.793009281158447,5.684559910280167,5.684559910280167,2900,TATT
2013-05-17,5.793009281158447,5.793009281158447,5.793009281158447,5.793009281158447,0,TATT
2013-05-20,5.910496711730957,5.910496711730957,5.820122229934059,5.820122229934059,200,TATT
2013-05-21,6.055095672607422,6.118358023140991,6.009908648745878,6.091245464072459,700,TATT
2013-05-22,5.847233772277832,5.847233772277832,5.6484099322751185,5.793009088640728,8300,TATT
2013-05-23,5.476698398590088,5.820121837183071,5.476698398590088,5.820121837183071,300,TATT
2013-05-24,5.7387847900390625,5.7387847900390625,5.7387847900390625,5.7387847900390625,100,TATT
2013-05-28,5.630335807800293,5.783972647921672,5.630335807800293,5.783972647921672,400,TATT
2013-05-29,5.648409843444824,5.738784314752047,5.648409843444824,5.738784314752047,2300,TATT
2013-05-30,5.693597793579102,6.0731706063368,5.675522897733496,5.793009505260172,5000,TATT
2013-05-31,5.648409843444824,5.702634526229158,5.648409843444824,5.702634526229158,400,TATT
2013-06-03,5.648409843444824,5.648409843444824,5.648409843444824,5.648409843444824,0,TATT
2013-06-04,5.75685977935791,5.765897442853749,5.693597858645096,5.693597858645096,400,TATT
2013-06-05,5.75685977935791,5.75685977935791,5.75685977935791,5.75685977935791,100,TATT
2013-06-06,5.711672306060791,5.711672306060791,5.395361003584064,5.585147612694308,2100,TATT
2013-06-07,5.693597793579102,5.738784817723358,5.6032228834115685,5.639372675102778,1400,TATT
2013-06-10,5.558035850524902,5.558035850524902,5.45862370806069,5.45862370806069,500,TATT
2013-06-11,5.7387847900390625,5.7387847900390625,5.6755228703543805,5.7207098942806525,2600,TATT
2013-06-12,5.720709800720215,5.720709800720215,5.693597672995764,5.693597672995764,1500,TATT
2013-06-13,5.585147857666016,5.585147857666016,5.467661252871856,5.467661252871856,900,TATT
2013-06-14,5.675522804260254,5.675522804260254,5.675522804260254,5.675522804260254,400,TATT
2013-06-17,5.648409843444824,5.738784314752047,5.5670726037985885,5.711672188829616,2100,TATT
2013-06-18,5.702635288238525,5.738785081591898,5.702635288238525,5.738785081591898,1600,TATT
2013-06-19,5.747822284698486,5.87434655129407,5.747822284698486,5.747822284698486,7200,TATT
2013-06-20,5.747822284698486,5.747822284698486,5.747822284698486,5.747822284698486,0,TATT
2013-06-21,5.783972263336182,5.829159287406448,5.783972263336182,5.829159287406448,3800,TATT
2013-06-24,6.326219081878662,6.714829527484426,6.1454701376293475,6.2900692930287985,55100,TATT
2013-06-25,6.380444049835205,6.57926832832004,6.308144468909627,6.57926832832004,24500,TATT
2013-06-26,6.308144569396973,6.362369255954944,6.190657533051618,6.362369255954944,6000,TATT
2013-06-27,6.163545608520508,6.299107113916599,6.018946008657419,6.299107113916599,6200,TATT
2013-06-28,6.163545608520508,6.163545608520508,6.163545608520508,6.163545608520508,0,TATT
2013-07-01,6.425631523132324,6.525043231740784,6.244882139323359,6.299106825184199,6200,TATT
2013-07-02,6.443706512451172,6.461781408001883,5.820121969542397,6.461781408001883,7100,TATT
2013-07-03,6.461781024932861,6.461781024932861,6.244881860243104,6.425631235974481,1800,TATT
2013-07-05,6.407556533813477,6.4979310089219515,6.398518870832884,6.398518870832884,5400,TATT
2013-07-08,6.163545608520508,6.461781609895135,6.009908776069453,6.389482025433348,7600,TATT
2013-07-09,6.190657615661621,6.235845070532676,6.190657615661621,6.235845070532676,1400,TATT
2013-07-10,6.190657615661621,6.190657615661621,6.190657615661621,6.190657615661621,0,TATT
2013-07-11,6.136433124542236,6.235845269872741,6.127395891842839,6.235845269872741,4700,TATT
2013-07-12,6.353332042694092,6.371406938267552,6.073170514896203,6.073170514896203,2300,TATT
2013-07-15,6.407556533813477,6.461781218878561,6.326219290746104,6.407556533813477,3700,TATT
2013-07-16,6.362369060516357,6.362369060516357,6.3262192705881555,6.3352569335399505,1700,TATT
2013-07-17,6.398519039154053,6.398519039154053,6.344294352662518,6.389481806875214,8300,TATT
2013-07-18,6.398519039154053,6.398519039154053,6.398519039154053,6.398519039154053,0,TATT
2013-07-19,6.23584508895874,6.371407023032965,5.901459300931293,5.901459300931293,14000,TATT
2013-07-22,6.407556533813477,6.525043135984749,6.389481638791781,6.525043135984749,7600,TATT
2013-07-23,6.362369060516357,6.362369060516357,6.362369060516357,6.362369060516357,200,TATT
2013-07-24,6.362369060516357,6.362369060516357,6.362369060516357,6.362369060516357,100,TATT
2013-07-25,6.362369060516357,6.362369060516357,6.362369060516357,6.362369060516357,0,TATT
2013-07-26,6.172582626342773,6.190657521829331,6.172582626342773,6.190657521829331,800,TATT
2013-07-29,6.3171820640563965,6.34429462393119,6.190657790166239,6.34429462393119,1300,TATT
2013-07-30,6.190657615661621,6.262957198703703,5.8924216201432795,5.8924216201432795,9800,TATT
2013-07-31,6.027983665466309,6.027983665466309,6.027983665466309,6.027983665466309,2000,TATT
2013-08-01,6.037020683288574,6.145470486941998,6.037020683288574,6.145470486941998,1100,TATT
2013-08-02,6.091245174407959,6.091245174407959,6.091245174407959,6.091245174407959,400,TATT
2013-08-05,6.290069580078125,6.29910681223327,6.22680723123413,6.22680723123413,1200,TATT
2013-08-06,6.290069580078125,6.290069580078125,6.290069580078125,6.290069580078125,0,TATT
2013-08-07,6.290069580078125,6.290069580078125,6.16354531332963,6.16354531332963,1500,TATT
2013-08-08,6.281032085418701,6.281032085418701,6.154507815277269,6.281032085418701,4300,TATT
2013-08-09,6.14547061920166,6.14547061920166,6.14547061920166,6.14547061920166,100,TATT
2013-08-12,6.14547061920166,6.14547061920166,6.14547061920166,6.14547061920166,400,TATT
2013-08-13,6.154507637023926,6.154507637023926,6.145470404888179,6.145470404888179,200,TATT
2013-08-14,6.226807117462158,6.271994570230734,6.18162009563307,6.262956907301224,5500,TATT
2013-08-15,6.2719950675964355,6.2719950675964355,6.199695482184987,6.262957403950243,1600,TATT
2013-08-16,6.172582626342773,6.226807312802447,6.0370206947238385,6.091245381183512,800,TATT
2013-08-19,6.154507637023926,6.271994671365082,6.154507637023926,6.23584488094311,1300,TATT
2013-08-20,6.23584508895874,6.26295721720988,6.145470609889094,6.26295721720988,2600,TATT
2013-08-21,6.136433124542236,6.145470788181155,6.136433124542236,6.145470788181155,3700,TATT
2013-08-22,6.281032085418701,6.371406995030659,6.145470582879778,6.145470582879778,30100,TATT
2013-08-23,6.2719950675964355,6.281032300303106,6.1454707931264005,6.281032300303106,8400,TATT
2013-08-26,6.425631523132324,6.4437064184192705,6.190657453462518,6.190657453462518,13700,TATT
2013-08-27,6.281032085418701,6.416594018897131,6.1906576067462495,6.32621954022468,15200,TATT
2013-08-28,6.2719950675964355,6.326219756655021,6.1454707931264005,6.253920171243573,16700,TATT
2013-08-29,6.380444049835205,6.6967549318543576,6.281031910592787,6.281031910592787,5500,TATT
2013-08-30,6.696755409240723,6.967879287978532,6.353332375362897,6.696755409240723,10100,TATT
2013-09-03,7.013066291809082,7.13959055927671,6.769054558140838,6.769054558140838,17600,TATT
2013-09-04,6.886541843414307,7.220927635045348,6.886541843414307,6.9407665314404605,10500,TATT
2013-09-05,6.994990825653076,7.193815101494808,6.778092085759719,6.778092085759719,1800,TATT
2013-09-06,6.859429836273193,7.1034411521793,6.841354939944575,6.841354939944575,1200,TATT
2013-09-09,6.9769158363342285,7.112477762404526,6.886541362600524,6.886541362600524,800,TATT
2013-09-10,6.922691345214844,7.08536583341309,6.922691345214844,7.004028589313967,2600,TATT
2013-09-11,7.013066291809082,7.184777582188257,6.787129884432854,6.787129884432854,1400,TATT
2013-09-12,6.796167373657227,6.967879101469704,6.796167373657227,6.967879101469704,800,TATT
2013-09-13,6.9769158363342285,7.130552657151267,6.832316678360302,6.832316678360302,2100,TATT
2013-09-16,7.022103309631348,7.229964815309063,7.022103309631348,7.067290762102823,16300,TATT
2013-09-17,7.130552768707275,7.166702558766313,7.013066166485148,7.157665326721299,10600,TATT
2013-09-18,7.275152683258057,7.275152683258057,7.1576656448742275,7.1576656448742275,20100,TATT
2013-09-19,7.266114711761475,7.275152374764466,7.211890026562,7.275152374764466,11700,TATT
2013-09-20,7.248040199279785,7.293226790235319,7.22996487339439,7.293226790235319,19000,TATT
2013-09-23,7.2299652099609375,7.329376921321455,7.148627963448234,7.320340119837056,17900,TATT
2013-09-24,7.239002704620361,7.302264622931924,7.2028524829486855,7.302264622931924,4100,TATT
2013-09-25,7.166703224182129,7.229965578128988,7.139591094590282,7.229965578128988,7800,TATT
2013-09-26,7.049215793609619,7.139590266668311,7.049215793609619,7.139590266668311,1800,TATT
2013-09-27,6.967878818511963,7.13959053935142,6.868466678880804,7.013066272236897,17800,TATT
2013-09-30,7.266114711761475,7.275152374764466,7.139590446296034,7.166702573426026,33400,TATT
2013-10-01,7.1938157081604,7.27515295794945,7.1938157081604,7.27515295794945,4300,TATT
2013-10-02,7.266114711761475,7.275152374764466,7.2209272586255,7.2209272586255,5100,TATT
2013-10-03,7.130552768707275,7.275152359882916,7.076328083618719,7.13959043169178,8300,TATT
2013-10-04,7.257077217102051,7.275152543527329,7.229965089343135,7.229965089343135,1700,TATT
2013-10-07,7.275152683258057,7.275152683258057,7.220927564819744,7.220927564819744,2800,TATT
2013-10-08,7.220927715301514,7.27515283486986,7.220927715301514,7.220927715301514,6200,TATT
2013-10-09,7.275152683258057,7.275152683258057,7.220927564819744,7.220927564819744,8100,TATT
2013-10-10,7.275152683258057,7.275152683258057,6.877504543993988,7.1576656448742275,8200,TATT
2013-10-11,7.220927715301514,7.257077507720732,7.220927715301514,7.239003042450641,1300,TATT
2013-10-14,7.239002704620361,7.27515249535254,7.184777587582596,7.184777587582596,2700,TATT
2013-10-15,7.239002704620361,7.266114832199746,7.229965041467568,7.229965041467568,2900,TATT
2013-10-16,7.157665252685547,7.157665252685547,7.031140988787627,7.1395903578429865,2300,TATT
2013-10-17,7.18477725982666,7.220927048909753,7.18477725982666,7.220927048909753,2200,TATT
2013-10-18,7.2299652099609375,7.2299652099609375,7.184777755022878,7.184777755022878,1400,TATT
2013-10-21,7.139591217041016,7.220928038151089,7.1215163200232725,7.1215163200232725,12000,TATT
2013-10-22,7.202852725982666,7.2299652854163625,7.076328454150943,7.2299652854163625,3800,TATT
2013-10-23,7.148627758026123,7.202852443829895,7.067290944790213,7.067290944790213,1900,TATT
2013-10-24,7.058253765106201,7.058253765106201,7.049216532323027,7.049216532323027,1600,TATT
2013-10-25,7.094403266906738,7.103440930258459,7.094403266906738,7.103440930258459,3300,TATT
2013-10-28,7.022103309631348,7.15766523610629,7.022103309631348,7.103440551704209,4900,TATT
2013-10-29,7.166703224182129,7.18477812088987,7.166703224182129,7.175740888005764,1600,TATT
2013-10-30,7.157665252685547,7.157665252685547,7.157665252685547,7.157665252685547,1000,TATT
2013-10-31,7.139591217041016,7.139591217041016,7.139591217041016,7.139591217041016,1000,TATT
2013-11-01,7.013066291809082,7.013066291809082,7.013066291809082,7.013066291809082,600,TATT
2013-11-04,7.139591217041016,7.175741011076501,6.95884181592405,6.95884181592405,3600,TATT
2013-11-05,7.139591217041016,7.139591217041016,7.139591217041016,7.139591217041016,0,TATT
2013-11-06,7.022103309631348,7.022103309631348,7.022103309631348,7.022103309631348,200,TATT
2013-11-07,7.18477725982666,7.18477725982666,6.967878525328102,7.013065977151707,4700,TATT
2013-11-08,7.067291259765625,7.175740636206546,6.805205051230307,7.148628076626559,2100,TATT
2013-11-11,7.094403266906738,7.094403266906738,7.094403266906738,7.094403266906738,800,TATT
2013-11-12,7.148627758026123,7.1847775485619705,7.067290944790213,7.175740316397757,3300,TATT
2013-11-13,7.157665252685547,7.157665252685547,7.1395903578429865,7.157665252685547,1100,TATT
2013-11-14,7.013066291809082,7.013066291809082,7.004028628663074,7.004028628663074,700,TATT
2013-11-15,6.9769158363342285,6.99499073108097,6.886541362600524,6.886541362600524,5500,TATT
2013-11-18,7.013066291809082,7.013066291809082,6.8684666980494375,6.8684666980494375,1900,TATT
2013-11-19,7.058253765106201,7.103441221840647,7.058253765106201,7.103441221840647,1000,TATT
2013-11-20,7.103440761566162,7.103440761566162,7.103440761566162,7.103440761566162,100,TATT
2013-11-21,6.73290491104126,7.121515815818294,6.145470584085336,7.121515815818294,9300,TATT
2013-11-22,6.832317352294922,6.832317352294922,6.642530723263992,6.642530723263992,2400,TATT
2013-11-25,6.687717914581299,6.859429640266303,6.606380667956953,6.687717914581299,10400,TATT
2013-11-26,6.705792427062988,6.778092006178575,6.705792427062988,6.732904553761592,8100,TATT
2013-11-27,6.778092384338379,6.778092384338379,6.778092384338379,6.778092384338379,8700,TATT
2013-11-29,6.814241886138916,6.913654024211462,6.814241886138916,6.8323167811576075,7000,TATT
2013-12-02,6.886541843414307,7.103441026458437,6.886541843414307,6.976916323457897,8200,TATT
2013-12-03,6.778092384338379,6.913654318213048,6.769054720974964,6.913654318213048,8200,TATT
2013-12-04,6.796167373657227,6.8142422696933025,6.796167373657227,6.796167373657227,1500,TATT
2013-12-05,6.750979900360107,6.7600175638241575,6.705792875858397,6.7600175638241575,5500,TATT
2013-12-06,6.769054412841797,6.769054412841797,6.741942285864735,6.760017180829273,1500,TATT
2013-12-09,6.823279857635498,6.823279857635498,6.79616729841181,6.79616729841181,4400,TATT
2013-12-10,6.850391864776611,6.850391864776611,6.696755037418167,6.80520484145557,8600,TATT
2013-12-11,6.705792427062988,6.850391585294163,6.687717532284092,6.850391585294163,1600,TATT
2013-12-12,6.859429836273193,6.859429836273193,6.642530649390253,6.696755338376108,7100,TATT
2013-12-13,6.868466854095459,6.931729204736292,6.787130038630968,6.805204934394133,11600,TATT
2013-12-16,6.778092384338379,6.868466863274989,6.73290492940032,6.868466863274989,11400,TATT
2013-12-17,6.778092384338379,6.787130047701794,6.741942592763735,6.778092384338379,13600,TATT
2013-12-18,6.940766334533691,7.058253370727055,6.823279729279828,6.823279729279828,4000,TATT
2013-12-19,6.967878818511963,7.031141167538972,6.886541574182878,7.031141167538972,4500,TATT
2013-12-20,7.103440761566162,7.103440761566162,6.8684666912756605,6.931729040416833,7700,TATT
2013-12-23,7.157665252685547,7.166702484637084,7.031140988787627,7.031140988787627,8200,TATT
2013-12-24,7.130552768707275,7.130552768707275,7.031141061514667,7.1034406416327425,6500,TATT
2013-12-26,7.18477725982666,7.193814922567173,7.076327892577381,7.10344044985944,10000,TATT
2013-12-27,7.166703224182129,7.275153035368106,7.04017894722794,7.24804090577626,4300,TATT
2013-12-30,7.2299652099609375,7.2299652099609375,7.094403276086268,7.148627963448234,2300,TATT
2013-12-31,7.1938157081604,7.410714466345164,7.184778044432939,7.347452544011038,10700,TATT
2014-01-02,7.275152683258057,7.4287895133077555,7.184777773153876,7.275152683258057,11600,TATT
2014-01-03,7.275152683258057,7.311302474923926,7.229965228205966,7.275152683258057,1800,TATT
2014-01-06,7.18477725982666,7.2480400371312905,7.1576651334840795,7.2480400371312905,12200,TATT
2014-01-07,7.275152683258057,7.275152683258057,7.193815436540097,7.193815436540097,1800,TATT
2014-01-08,7.257077217102051,7.257077217102051,7.193815298371579,7.239002752555774,2000,TATT
2014-01-09,7.220927715301514,7.374564548552953,7.193815586456858,7.257077507720732,12200,TATT
2014-01-10,7.2841901779174805,7.3293767700438766,7.229965060735207,7.229965060735207,6400,TATT
2014-01-13,7.275152683258057,7.410714186535311,7.229965228205966,7.410714186535311,11400,TATT
2014-01-14,7.374564170837402,7.428789287628409,7.229965008566707,7.338414380269729,6700,TATT
2014-01-15,7.275152683258057,7.4016765231490895,7.257077356485613,7.4016765231490895,27500,TATT
2014-01-16,7.275152683258057,7.383602058255664,7.229965228205966,7.229965228205966,39700,TATT
2014-01-17,7.3655266761779785,7.3655266761779785,7.275152628631403,7.275152628631403,6600,TATT
2014-01-21,7.392639636993408,7.4559015562145525,7.229965145420172,7.4559015562145525,9900,TATT
2014-01-22,7.446863651275635,7.727025170795984,7.383601734107387,7.483013441354489,4900,TATT
2014-01-23,7.410714149475098,7.4739769309832615,7.410714149475098,7.455901604301211,3100,TATT
2014-01-24,7.446863651275635,7.483013441354489,7.41975152418624,7.464938977254552,4100,TATT
2014-01-27,7.455901145935059,7.519163061675059,7.392639230195059,7.519163061675059,5200,TATT
2014-01-28,7.410714149475098,7.43782627761916,7.229965192049659,7.365526694648985,12400,TATT
2014-01-29,7.437826156616211,7.464939146198197,7.410714028913225,7.410714028913225,5000,TATT
2014-01-30,7.501089096069336,7.5282012243469225,7.4287895127430925,7.4287895127430925,7200,TATT
2014-01-31,7.537239074707031,7.564351203657182,7.50108928214715,7.537239074707031,15600,TATT
2014-02-03,7.48301362991333,7.537238747337478,7.365526593726844,7.537238747337478,6500,TATT
2014-02-04,7.446863651275635,7.455901314265094,7.36552640812847,7.446863651275635,3700,TATT
2014-02-05,7.48301362991333,7.501088956347713,7.365526593726844,7.455901502140756,7000,TATT
2014-02-06,7.455901145935059,7.5282007244604765,7.437825820364225,7.437825820364225,9100,TATT
2014-02-07,7.537239074707031,7.546276738316761,7.410714369807928,7.45590182597754,9300,TATT
2014-02-10,7.618576526641846,7.618576526641846,7.528201611892112,7.528201611892112,7700,TATT
2014-02-11,7.717987060546875,7.717987060546875,7.546275783092786,7.64568748457895,2400,TATT
2014-02-12,7.6095380783081055,7.681837657902755,7.510126371835207,7.654725531024505,8100,TATT
2014-02-13,7.4197516441345215,7.889698922756819,7.202852469215502,7.889698922756819,10500,TATT
2014-02-14,7.537239074707031,7.8716248713556904,7.428789697027389,7.428789697027389,1600,TATT
2014-02-18,7.455901145935059,7.699912869867562,7.248040073144225,7.248040073144225,3900,TATT
2014-02-19,7.410714149475098,7.410714149475098,7.24804051873171,7.24804051873171,6400,TATT
2014-02-20,7.383602142333984,7.383602142333984,7.356490013745607,7.365526815355714,4400,TATT
2014-02-21,7.410714149475098,7.410714149475098,7.365526694648985,7.365526694648985,4500,TATT
2014-02-24,7.636650562286377,7.636650562286376,7.410714150018265,7.45590160484769,2400,TATT
2014-02-25,7.636650562286377,7.636650562286376,7.636650562286376,7.636650562286376,0,TATT
2014-02-26,7.501089096069336,7.609538471058699,7.501089096069336,7.609538471058699,700,TATT
2014-02-27,7.464939117431641,7.464939117431641,7.464939117431641,7.464939117431641,300,TATT
2014-02-28,7.464939117431641,7.464939117431641,7.464939117431641,7.464939117431641,0,TATT
2014-03-03,7.455901145935059,7.455901145935059,7.446863483149642,7.455901145935059,4200,TATT
2014-03-04,7.546276569366455,7.6366506178032925,7.464939322457988,7.483013787393746,4000,TATT
2014-03-05,7.501089096069336,7.501089096069336,7.455901641020679,7.455901641020679,800,TATT
2014-03-06,7.455901145935059,7.591462640200476,7.365526241838808,7.473976471505893,9000,TATT
2014-03-07,7.464939117431641,7.618575943621514,7.410714000355628,7.582426152863838,6900,TATT
2014-03-10,7.582425594329834,7.582425594329834,7.546275806235011,7.546275806235011,4600,TATT
2014-03-11,7.591463088989258,7.591463088989258,7.582426287548568,7.582426287548568,4600,TATT
2014-03-12,7.591463088989258,7.591463088989258,7.591463088989258,7.591463088989258,0,TATT
2014-03-13,7.591463088989258,7.591463088989258,7.591463088989258,7.591463088989258,0,TATT
2014-03-14,7.57338809967041,7.57338809967041,7.546275973468194,7.57338809967041,8500,TATT
2014-03-17,7.546276569366455,7.546276569366455,7.428789530707448,7.437826332235818,1600,TATT
2014-03-18,7.546276569366455,7.591463162645364,7.546276569366455,7.591463162645364,2300,TATT
2014-03-19,7.564351558685303,7.591463688907944,7.546277092496568,7.564351558685303,5300,TATT
2014-03-20,7.663762092590332,7.663762092590332,7.555312726587142,7.555312726587142,1700,TATT
2014-03-21,7.5553131103515625,7.708949935462978,7.5553131103515625,7.708949935462978,900,TATT
2014-03-24,7.6095380783081055,7.6095380783081055,7.5914627524699565,7.5914627524699565,1300,TATT
2014-03-25,7.654725551605225,7.654725551605225,7.4649389391892615,7.546276181921671,4300,TATT
2014-03-26,7.627613067626953,7.627613067626953,7.627613067626953,7.627613067626953,200,TATT
2014-03-27,7.582425594329834,7.582425594329834,7.582425594329834,7.582425594329834,200,TATT
2014-03-28,7.582425594329834,7.582425594329834,7.582425594329834,7.582425594329834,0,TATT
2014-03-31,7.537239074707031,7.546276738316761,7.49205161853742,7.546276738316761,6200,TATT
2014-04-01,7.582425594329834,7.582425594329834,7.519162818754693,7.519162818754693,300,TATT
2014-04-02,7.582425594329834,7.582425594329834,7.582425594329834,7.582425594329834,0,TATT
2014-04-03,7.48301362991333,7.492051293130522,7.48301362991333,7.492051293130522,3800,TATT
2014-04-04,7.410714149475098,7.410714149475098,7.410714149475098,7.410714149475098,3100,TATT
2014-04-07,7.3655266761779785,7.4107141308907725,7.3655266761779785,7.4107141308907725,1700,TATT
2014-04-08,7.3655266761779785,7.4107141308907725,7.3655266761779785,7.3655266761779785,800,TATT
2014-04-09,7.3655266761779785,7.3655266761779785,7.3655266761779785,7.3655266761779785,0,TATT
2014-04-10,7.428789138793945,7.600500425080443,7.374564023089329,7.374564023089329,2000,TATT
2014-04-11,7.437826156616211,7.437826156616211,7.437826156616211,7.437826156616211,600,TATT
2014-04-14,7.437826156616211,7.564350855695147,7.41975169210722,7.41975169210722,1200,TATT
2014-04-15,7.464939117431641,7.464939117431641,7.464939117431641,7.464939117431641,500,TATT
2014-04-16,7.473977088928223,7.492051554113221,7.419751969615163,7.446864098332177,3600,TATT
2014-04-17,7.564351558685303,7.6276134831644935,7.519164100394846,7.6276134831644935,3600,TATT
2014-04-21,7.18477725982666,7.257076837992846,6.9136538417034625,6.922691073504496,7000,TATT
2014-04-22,7.18477725982666,7.2480400371312905,6.687717444464392,6.8955789471619156,11500,TATT
2014-04-23,7.491899490356445,7.491899490356445,7.491899490356445,7.491899490356445,1200,TATT
2014-04-24,7.491899490356445,7.491899490356445,7.491899490356445,7.491899490356445,0,TATT
2014-04-25,7.491899490356445,7.491899490356445,7.491899490356445,7.491899490356445,0,TATT
2014-04-28,7.761794090270996,7.761794090270996,7.761794090270996,7.761794090270996,100,TATT
2014-04-29,7.622192859649658,7.631499779928453,7.53843323981081,7.622192859649658,2200,TATT
2014-04-30,7.547739028930664,7.566352868887495,7.547739028930664,7.547739028930664,2100,TATT
2014-05-01,7.445365905761719,7.5198194938147935,7.231311618219934,7.231311618219934,13900,TATT
2014-05-02,7.463979244232178,7.463979244232178,7.463979244232178,7.463979244232178,400,TATT
2014-05-05,7.538433074951172,7.538433074951172,7.4639794894625915,7.473285521981102,500,TATT
2014-05-06,7.352299213409424,7.612887225748259,7.287152099380114,7.612887225748259,5800,TATT
2014-05-07,7.445365905761719,7.445365905761719,7.436058985365889,7.445365905761719,700,TATT
2014-05-08,7.398831844329834,7.398831844329834,7.398831844329834,7.398831844329834,600,TATT
2014-05-09,7.352299213409424,7.529126713964632,7.352299213409424,7.51981979319827,3400,TATT
2014-05-12,7.417445659637451,7.4360590568296026,7.333685594161967,7.4360590568296026,3800,TATT
2014-05-13,7.352299213409424,7.370912611163741,7.259232224637843,7.30576549713443,5100,TATT
2014-05-14,7.2592315673828125,7.361605023873396,7.2592315673828125,7.352298547728055,1700,TATT
2014-05-15,6.980030536651611,7.315072126668838,6.980030536651611,7.315072126668838,9200,TATT
2014-05-16,6.952110290527344,6.952110290527344,6.83112343058973,6.83112343058973,5900,TATT
2014-05-19,7.007950782775879,7.073097449770453,6.93349675170176,6.952110148525693,11500,TATT
2014-05-20,6.99864387512207,7.119631176585467,6.9800304782645,7.07309746255235,11200,TATT
2014-05-21,7.045177459716797,7.045177459716797,7.026564063201204,7.026564063201204,400,TATT
2014-05-22,6.980030536651611,7.082404442113784,6.980030536651611,7.082404442113784,3100,TATT
2014-05-23,6.99864387512207,6.99864387512207,6.99864387512207,6.99864387512207,1500,TATT
2014-05-27,7.13824462890625,7.156858025908443,7.13824462890625,7.1475511055181515,800,TATT
2014-05-28,7.156857967376709,7.203391237612429,7.073097459662671,7.073097459662671,2100,TATT
2014-05-29,7.0730977058410645,7.156858216470378,7.063791228981364,7.156858216470378,2800,TATT
2014-05-30,7.110324382781982,7.110324382781982,7.054484191215704,7.063791111699281,2300,TATT
2014-06-02,7.231311321258545,7.231311321258545,7.026563962520754,7.073097231253794,7200,TATT
2014-06-03,7.0730977058410645,7.166164693330078,7.0730977058410645,7.166164693330078,4200,TATT
2014-06-04,7.119631290435791,7.119631290435791,7.119631290435791,7.119631290435791,600,TATT
2014-06-05,7.0730977058410645,7.0730977058410645,6.933497002718344,6.989337638990153,9500,TATT
2014-06-06,7.026564121246338,7.063790914585047,7.0079507245769825,7.026564121246338,3700,TATT
2014-06-09,7.054483890533447,7.166164268905867,6.942803512161028,6.942803512161028,4500,TATT
2014-06-10,7.017257213592529,7.07309740370062,6.980030420187135,7.07309740370062,2100,TATT
2014-06-11,6.933496952056885,6.942803872626984,6.747362978438895,6.942803872626984,2300,TATT
2014-06-12,6.868350028991699,6.933496695457809,6.859043108766036,6.859043108766036,7800,TATT
2014-06-13,6.933496952056885,6.961417269988782,6.905577077903385,6.933496952056885,4600,TATT
2014-06-16,6.9707231521606445,6.9707231521606445,6.905576488840718,6.9707231521606445,10000,TATT
2014-06-17,7.119631290435791,7.119631290435791,7.063791098970138,7.063791098970138,6000,TATT
2014-06-18,7.054483890533447,7.259231694661258,7.02656401782953,7.07309728692885,15100,TATT
2014-06-19,6.98933744430542,7.035870714864563,6.9614171269472225,7.026564238264091,11200,TATT
2014-06-20,6.980030536651611,7.156858030166859,6.980030536651611,7.007950854060709,8800,TATT
2014-06-23,6.942803382873535,6.980030174971112,6.905576590775959,6.961416778922323,9600,TATT
2014-06-24,6.840429782867432,6.933496767195062,6.672909211077697,6.79389651259281,14300,TATT
2014-06-25,6.840429782867432,6.9241902906514925,6.672909211077697,6.9241902906514925,12900,TATT
2014-06-26,6.87765645980835,6.980030362719515,6.8218162701599985,6.886963379972264,10500,TATT
2014-06-27,6.961417198181152,7.073097581199953,6.672909320160054,6.672909320160054,10600,TATT
2014-06-30,6.821816444396973,6.868350158848312,6.728749459272684,6.812509967773739,14500,TATT
2014-07-01,6.942803382873535,7.007950490933478,6.756669422385652,6.821816086667227,12900,TATT
2014-07-02,6.905576705932617,6.998643687728533,6.840429596786288,6.933496578582205,12400,TATT
2014-07-03,6.654295444488525,6.868349718438059,6.654295444488525,6.868349718438059,3100,TATT
2014-07-07,6.607762336730957,6.72874964257767,6.421628361411709,6.607762336730957,16700,TATT
2014-07-08,6.654295444488525,6.700828712177682,6.626375128852342,6.654295444488525,9800,TATT
2014-07-09,6.747363090515137,6.831123601923725,6.654296102160264,6.831123601923725,5800,TATT
2014-07-10,6.747363090515137,6.8032032835280605,6.654296102160264,6.8032032835280605,5500,TATT
2014-07-11,6.868350028991699,6.8776565054389796,6.747362728728378,6.747362728728378,9400,TATT
2014-07-14,7.166164398193359,7.287151698835446,6.859043130239128,6.886963447225141,13600,TATT
2014-07-15,7.2220048904418945,7.315071872271636,7.0265640067102515,7.203391050297572,9500,TATT
2014-07-16,7.026564121246338,7.166164374377307,6.933496694121182,7.166164374377307,11600,TATT
2014-07-17,6.980030536651611,7.101017839127053,6.961417139638343,6.961417139638343,9100,TATT
2014-07-18,6.961417198181152,7.101017898843851,6.961417198181152,7.101017898843851,8100,TATT
2014-07-21,7.082404136657715,7.082404136657715,6.933496523195392,6.933496523195392,1700,TATT
2014-07-22,7.026564121246338,7.063790914585047,7.026564121246338,7.035870597691824,1400,TATT
2014-07-23,7.063791275024414,7.091711149563904,6.989337684547901,7.082404672643542,1100,TATT
2014-07-24,6.9707231521606445,6.989336991713035,6.961416676162809,6.961416676162809,1800,TATT
2014-07-25,6.886963367462158,6.886963367462158,6.886963367462158,6.886963367462158,300,TATT
2014-07-28,7.026564121246338,7.073097391030534,7.026564121246338,7.073097391030534,3100,TATT
2014-07-29,7.212698459625244,7.249925254882328,7.0265644833398255,7.073097755521977,50300,TATT
2014-07-30,7.1475510597229,7.259231884798898,7.07309747219116,7.2126981707023665,7500,TATT
2014-07-31,7.249925136566162,7.2592320571177495,7.073097640091572,7.166164626715462,1400,TATT
2014-08-01,7.2220048904418945,7.240618286807843,7.082404195808095,7.082404195808095,2300,TATT
2014-08-04,7.082404136657715,7.2964584149675815,7.082404136657715,7.2406182263361,9600,TATT
2014-08-05,7.0730977058410645,7.082404626479167,7.0730977058410645,7.082404626479167,500,TATT
2014-08-06,7.0730977058410645,7.0730977058410645,7.0730977058410645,7.0730977058410645,300,TATT
2014-08-07,6.84973669052124,7.091710849325563,6.765976182892089,7.073097452494461,4500,TATT
2014-08-08,7.184777736663818,7.240618370183038,6.803202884878886,6.803202884878886,8500,TATT
2014-08-11,7.082404136657715,7.082404136657715,7.082404136657715,7.082404136657715,2600,TATT
2014-08-12,6.896270275115967,7.026564502652277,6.886963798165319,7.026564502652277,3900,TATT
2014-08-13,6.914883136749268,6.9707233254596,6.877656344275712,6.877656344275712,29800,TATT
2014-08-14,7.240618705749512,7.240618705749512,6.886963710555669,6.914883584830846,1700,TATT
2014-08-15,7.119631290435791,7.2499250705223135,7.119631290435791,7.2499250705223135,600,TATT
2014-08-18,7.119631290435791,7.14755116427942,7.119631290435791,7.119631290435791,1200,TATT
2014-08-19,7.194084644317627,7.194084644317627,7.119631058126136,7.156857851221882,2900,TATT
2014-08-20,7.119631290435791,7.119631290435791,7.119631290435791,7.119631290435791,400,TATT
2014-08-21,7.128937721252441,7.2313116268366,7.128937721252441,7.2313116268366,2600,TATT
2014-08-22,7.194084644317627,7.240618357576498,7.138244454674009,7.138244454674009,2600,TATT
2014-08-25,7.184777736663818,7.249924846583989,6.980030374280737,7.138244467102308,7000,TATT
2014-08-26,7.101017951965332,7.147551223348743,7.082404554656288,7.082404554656288,1200,TATT
2014-08-27,7.054483890533447,7.101017603411143,7.045177414224933,7.07309728692885,2200,TATT
2014-08-28,7.082404136657715,7.091710612873777,7.082404136657715,7.091710612873777,900,TATT
2014-08-29,7.026564121246338,7.073097391030534,6.886963424336987,6.886963424336987,7900,TATT
2014-09-02,7.203391075134277,7.231311391668655,7.082404220227649,7.231311391668655,3800,TATT
2014-09-03,7.268538475036621,7.296458792686913,7.166164568690079,7.166164568690079,6800,TATT
2014-09-04,7.231311321258545,7.249924717507435,7.166164212498243,7.166164212498243,3400,TATT
2014-09-05,7.305765151977539,7.305765151977539,7.203391247276196,7.240618484804455,3400,TATT
2014-09-08,7.305765151977539,7.305765151977539,7.231311564477793,7.305765151977539,3100,TATT
2014-09-09,7.082404136657715,7.2964584149675815,7.082404136657715,7.2964584149675815,600,TATT
2014-09-10,7.305765151977539,7.305765151977539,7.091710866026577,7.091710866026577,700,TATT
2014-09-11,7.445365905761719,7.445365905761719,7.156858030166859,7.156858030166859,9700,TATT
2014-09-12,7.2592315673828125,7.2592315673828125,7.2592315673828125,7.2592315673828125,3500,TATT
2014-09-15,7.101017951965332,7.156858143892463,7.101017951965332,7.156858143892463,3000,TATT
2014-09-16,7.1475510597229,7.1475510597229,7.035870678425289,7.07309747219116,4700,TATT
2014-09-17,7.045177459716797,7.110324125632183,7.045177459716797,7.110324125632183,2400,TATT
2014-09-18,7.101017951965332,7.138244746583419,7.073097634112568,7.082404554656288,2000,TATT
2014-09-19,7.156857967376709,7.156857967376709,6.980030475412844,6.998643872262809,1800,TATT
2014-09-22,7.026564121246338,8.273663029428251,6.886963424336987,7.594272941550849,168900,TATT
2014-09-23,6.886963367462158,7.026564063218641,6.840429654283871,7.026564063218641,13300,TATT
2014-09-24,6.793896198272705,6.793896198272705,6.514694814428701,6.793896198272705,5800,TATT
2014-09-25,6.607762336730957,6.914883617896918,6.57984246232227,6.914883617896918,5000,TATT
2014-09-26,6.87765645980835,6.87765645980835,6.607761987952132,6.607761987952132,2300,TATT
2014-09-29,6.812510013580322,6.859043284566155,6.654295915916022,6.654295915916022,5900,TATT
2014-09-30,6.756669998168945,6.886963781613711,6.700829361485641,6.775283395803912,7200,TATT
2014-10-01,6.747363090515137,6.8032032835280605,6.691522897502213,6.738056169790447,4500,TATT
2014-10-02,6.952110290527344,6.952110290527344,6.700829206382462,6.7473629212819715,4500,TATT
2014-10-03,6.719442844390869,6.849737073267485,6.700829446519697,6.849737073267485,4700,TATT
2014-10-06,6.793896198272705,6.831122990281457,6.747362486372583,6.831122990281457,1300,TATT
2014-10-07,6.719442844390869,6.784589958829177,6.700829446519697,6.700829446519697,1500,TATT
2014-10-08,6.654295444488525,6.784589215307871,6.654295444488525,6.700828712177682,1400,TATT
2014-10-09,6.654295444488525,6.859042798633211,6.654295444488525,6.859042798633211,1100,TATT
2014-10-10,6.7659759521484375,6.7659759521484375,6.672908971166841,6.672908971166841,500,TATT
2014-10-13,6.654295444488525,6.700828712177682,6.626375128852342,6.626375128852342,1800,TATT
2014-10-14,6.654295444488525,6.654295444488525,6.654295444488525,6.654295444488525,0,TATT
2014-10-15,6.607762336730957,6.65429605244997,6.607762336730957,6.65429605244997,1600,TATT
2014-10-16,6.617068767547607,6.617068767547607,6.561228579085487,6.607761847581402,3800,TATT
2014-10-17,6.654295444488525,6.7752827392813835,6.654295444488525,6.7752827392813835,1700,TATT
2014-10-20,6.607762336730957,6.65429605244997,6.5612290647903455,6.570535541667107,1900,TATT
2014-10-21,6.700829029083252,6.793896456419772,6.654295759193374,6.654295759193374,1200,TATT
2014-10-22,6.654295444488525,6.663601920515012,6.654295444488525,6.663601920515012,300,TATT
2014-10-23,6.654295444488525,6.654295444488525,6.654295444488525,6.654295444488525,0,TATT
2014-10-24,6.607762336730957,6.700829324390581,6.607762336730957,6.700829324390581,1800,TATT
2014-10-27,6.654295444488525,6.654295444488525,6.486774438228148,6.486774438228148,500,TATT
2014-10-28,6.654295444488525,6.654295444488525,6.654295444488525,6.654295444488525,0,TATT
2014-10-29,6.700829029083252,6.700829029083252,6.700829029083252,6.700829029083252,300,TATT
2014-10-30,6.700829029083252,6.700829029083252,6.700829029083252,6.700829029083252,0,TATT
2014-10-31,6.73805570602417,6.793896338972105,6.570535138515489,6.793896338972105,5600,TATT
2014-11-03,6.719442844390869,6.747363163086833,6.700829446519697,6.747363163086833,2300,TATT
2014-11-04,6.73805570602417,6.73805570602417,6.73805570602417,6.73805570602417,500,TATT
2014-11-05,6.700829029083252,6.747362742751512,6.700829029083252,6.747362742751512,1000,TATT
2014-11-06,6.700829029083252,6.747362742751512,6.6077620455251145,6.6077620455251145,1000,TATT
2014-11-07,6.747363090515137,6.747363090515137,6.7101362951731875,6.747363090515137,1600,TATT
2014-11-10,6.430934906005859,6.7008293949499445,6.179653814789696,6.7008293949499445,17200,TATT
2014-11-11,6.375094413757324,6.579842222937872,6.375094413757324,6.56122882608313,700,TATT
2014-11-12,6.421627998352051,6.421627998352051,6.309947619474577,6.309947619474577,700,TATT
2014-11-13,6.421627998352051,6.421627998352051,6.421627998352051,6.421627998352051,0,TATT
2014-11-14,6.393707752227783,6.403014672459361,6.188960388695277,6.403014672459361,1400,TATT
2014-11-17,6.282027244567871,6.282027244567871,6.188960263033651,6.188960263033651,1700,TATT
2014-11-18,6.375094413757324,6.375094413757324,6.170347048355163,6.170347048355163,1600,TATT
2014-11-19,6.365787982940674,6.365787982940674,6.235493760243271,6.235493760243271,300,TATT
2014-11-20,6.2354936599731445,6.254107056662262,6.14242667652756,6.188960390139544,1500,TATT
2014-11-21,6.2168803215026855,6.309947749598193,6.2168803215026855,6.254107115229534,3600,TATT
2014-11-24,5.956292629241943,6.198266782934442,5.584024256705876,6.133120117291035,14200,TATT
2014-11-25,6.021439075469971,6.021439075469971,6.00282567971034,6.00282567971034,1700,TATT
2014-11-26,6.2354936599731445,6.412321150408947,5.993519503014625,5.993519503014625,3600,TATT
2014-11-28,6.328561305999756,6.365788100665062,6.235493875558091,6.235493875558091,3900,TATT
2014-12-01,6.244800567626953,6.272720440715194,6.049359680895743,6.272720440715194,2800,TATT
2014-12-02,6.2354936599731445,6.291334293818878,6.095893406693959,6.14242667652756,1500,TATT
2014-12-03,6.2354936599731445,6.2354936599731445,6.2354936599731445,6.2354936599731445,0,TATT
2014-12-04,6.2354936599731445,6.2354936599731445,6.067973089771092,6.067973089771092,200,TATT
2014-12-05,6.095893383026123,6.123813256062206,5.956292686510567,6.123813256062206,2400,TATT
2014-12-08,5.844612121582031,6.040052557975856,5.44442344133499,5.993519289797656,6900,TATT
2014-12-09,5.835305690765381,5.835305690765381,5.66778511248207,5.677091589386386,1100,TATT
2014-12-10,5.770158290863037,6.049359684586054,5.770158290863037,6.049359684586054,2300,TATT
2014-12-11,5.751544952392578,5.779465269558722,5.751544952392578,5.779465269558722,1400,TATT
2014-12-12,5.677091121673584,5.7794650218573,5.677091121673584,5.7794650218573,1200,TATT
2014-12-15,5.649171352386475,5.8446122363980555,5.649171352386475,5.8446122363980555,1800,TATT
2014-12-16,5.490957260131836,5.518877132826334,5.211755870516614,5.24898266329486,5600,TATT
2014-12-17,5.5561041831970215,5.7701584734851235,5.537490785944943,5.537490785944943,1800,TATT
2014-12-18,5.5933308601379395,5.8353050001306555,5.5933308601379395,5.6770909174770114,3600,TATT
2014-12-19,5.444423675537109,5.714318151427131,5.2489827869576615,5.714318151427131,5100,TATT
2014-12-22,5.630558013916016,5.714318076655217,5.490957317646175,5.490957317646175,2200,TATT
2014-12-23,5.956292629241943,5.956292629241943,5.584024256705876,5.602637653143761,7000,TATT
2014-12-24,5.751544952392578,5.751544952392578,5.751544952392578,5.751544952392578,0,TATT
2014-12-26,6.077280044555664,6.114506838145542,5.872532236032955,5.881839156319616,2800,TATT
2014-12-29,5.919065952301025,6.179653507535454,5.69570474689313,6.002826016022899,10600,TATT
2014-12-30,5.816691875457764,6.188960244242734,5.816691875457764,5.900452380473435,5800,TATT
2014-12-31,6.2168803215026855,6.23549371836611,5.816692067049874,5.825998987370779,19800,TATT
2015-01-02,5.909759044647217,6.133120250532716,5.909759044647217,6.133120250532716,1700,TATT
2015-01-05,5.909759044647217,6.049359742853356,5.863225774430761,5.90045256811528,4800,TATT
2015-01-06,5.9749064445495605,6.002826319274517,5.881839455835693,6.002826319274517,600,TATT
2015-01-07,5.881838798522949,5.956292381173637,5.881838798522949,5.956292381173637,300,TATT
2015-01-08,6.123813152313232,6.123813152313232,5.891145476655262,5.891145476655262,600,TATT
2015-01-09,5.9749064445495605,6.002826319274517,5.9749064445495605,6.002826319274517,200,TATT
2015-01-12,6.040052890777588,6.170347113923726,5.993519620035445,6.049359811193051,2700,TATT
2015-01-13,6.0493597984313965,6.058666718827226,6.040052878035567,6.058666718827226,1000,TATT
2015-01-14,6.328561305999756,6.421628292663023,6.030746504898902,6.04005298167603,2000,TATT
2015-01-15,6.0307464599609375,6.142426843124675,6.0307464599609375,6.142426843124675,1800,TATT
2015-01-16,6.0307464599609375,6.0307464599609375,6.0307464599609375,6.0307464599609375,0,TATT
2015-01-20,5.863225936889648,5.946986003111456,5.863225936889648,5.891145811037451,6100,TATT
2015-01-21,5.946985721588135,5.956292641715756,5.8446122628545645,5.8446122628545645,21700,TATT
2015-01-22,5.956292629241943,5.956292629241943,5.881839043490405,5.956292629241943,6700,TATT
2015-01-23,5.909759044647217,6.0028260288585145,5.863225774430761,5.863225774430761,4000,TATT
2015-01-26,5.956292629241943,5.984212502009582,5.844612250614636,5.844612250614636,800,TATT
2015-01-27,5.881838798522949,5.909758670127778,5.881838798522949,5.909758670127778,9000,TATT
2015-01-28,5.909759044647217,5.909759044647217,5.863225774430761,5.909759044647217,5100,TATT
2015-01-29,5.909759044647217,5.909759044647217,5.909759044647217,5.909759044647217,0,TATT
2015-01-30,5.909759044647217,5.909759044647217,5.909759044647217,5.909759044647217,0,TATT
2015-02-02,5.909759044647217,5.956292758642058,5.909759044647217,5.909759044647217,1600,TATT
2015-02-03,5.937679290771484,5.937679290771484,5.937679290771484,5.937679290771484,200,TATT
2015-02-04,5.956292629241943,5.965599105571697,5.863225647052521,5.909758916258044,1200,TATT
2015-02-05,6.095893383026123,6.095893383026123,5.872532179845557,5.909758973079255,20600,TATT
2015-02-06,5.891145706176758,5.891145706176758,5.891145706176758,5.891145706176758,1200,TATT
2015-02-09,5.900452613830566,5.984212678380494,5.8632258198576235,5.8632258198576235,1800,TATT
2015-02-10,5.891145706176758,5.900452626579297,5.86322583252592,5.900452626579297,800,TATT
2015-02-11,5.891145706176758,5.891145706176758,5.891145706176758,5.891145706176758,0,TATT
2015-02-12,5.946985721588135,5.946985721588135,5.909758928634404,5.919065848762026,1700,TATT
2015-02-13,5.946985721588135,5.946985721588135,5.946985721588135,5.946985721588135,100,TATT
2015-02-17,5.872532367706299,6.188960564093563,5.863225890989352,5.956292877050784,7600,TATT
2015-02-18,5.872532367706299,5.872532367706299,5.872532367706299,5.872532367706299,0,TATT
2015-02-19,5.872532367706299,5.872532367706299,5.872532367706299,5.872532367706299,0,TATT
2015-02-20,5.872532367706299,5.872532367706299,5.872532367706299,5.872532367706299,0,TATT
2015-02-23,5.909759044647217,5.909759044647217,5.909759044647217,5.909759044647217,200,TATT
2015-02-24,5.863225936889648,5.937679526321654,5.863225936889648,5.937679526321654,4800,TATT
2015-02-25,5.844612121582031,6.170346773942893,5.816691805652418,5.844612121582031,3400,TATT
2015-02-26,5.844612121582031,5.844612121582031,5.844612121582031,5.844612121582031,0,TATT
2015-02-27,5.844612121582031,5.844612121582031,5.770158093695852,5.844612121582031,4100,TATT
2015-03-02,5.946985721588135,6.235493588868733,5.751544836691862,5.751544836691862,400,TATT
2015-03-03,6.0121331214904785,6.0121331214904785,5.88183933986014,6.0121331214904785,900,TATT
2015-03-04,5.956292629241943,5.974906025679828,5.956292629241943,5.974906025679828,300,TATT
2015-03-05,6.0679731369018555,6.095893454041583,5.82599897806389,5.956292755899717,5600,TATT
2015-03-06,5.900452613830566,6.067973186708811,5.8632258198576235,6.067973186708811,2000,TATT
2015-03-09,5.770158290863037,5.853918797735619,5.770158290863037,5.853918797735619,800,TATT
2015-03-10,5.770158290863037,5.770158290863037,5.770158290863037,5.770158290863037,0,TATT
2015-03-11,5.909759044647217,5.974906155484318,5.686398282540103,5.686398282540103,5900,TATT
2015-03-12,5.732931613922119,5.8539189165768315,5.732931613922119,5.8539189165768315,1400,TATT
2015-03-13,5.85391902923584,5.984212811029293,5.85391902923584,5.984212811029293,600,TATT
2015-03-16,5.909759044647217,5.909759044647217,5.8539188541204386,5.8539188541204386,400,TATT
2015-03-17,5.8259992599487305,5.881839453151568,5.8259992599487305,5.881839453151568,500,TATT
2015-03-18,5.742238521575928,5.900452617960881,5.695704807187981,5.900452617960881,3000,TATT
2015-03-19,5.686398506164551,5.686398506164551,5.686398506164551,5.686398506164551,400,TATT
2015-03-20,5.909759044647217,5.993519552326577,5.7236250762246215,5.993519552326577,1300,TATT
2015-03-23,6.30064058303833,6.32856089913149,5.956292532633454,5.956292532633454,20100,TATT
2015-03-24,6.514694690704346,6.56122840172072,6.300640418830068,6.328560734195564,15600,TATT
2015-03-25,6.505388259887695,6.505388259887695,6.505388259887695,6.505388259887695,100,TATT
2015-03-26,6.44954776763916,6.4681611638199135,6.328560914353446,6.4681611638199135,2400,TATT
2015-03-27,6.328561305999756,6.486774961438112,6.328561305999756,6.347174703332409,1200,TATT
2015-03-30,6.486774921417236,6.486774921417236,6.328561266954997,6.37509453811034,2400,TATT
2015-03-31,6.5426154136657715,6.607762080613213,6.300640811351314,6.300640811351314,5700,TATT
2015-04-01,6.347174644470215,6.347174644470215,6.347174644470215,6.347174644470215,300,TATT
2015-04-02,6.337867259979248,6.337867259979248,6.309947388172519,6.337867259979248,2400,TATT
2015-04-06,6.44954776763916,6.458854687618722,6.375094182916145,6.375094182916145,1900,TATT
2015-04-07,6.421627998352051,6.514694980749946,6.421627998352051,6.514694980749946,4700,TATT
2015-04-08,6.421627998352051,6.421627998352051,6.421627998352051,6.421627998352051,0,TATT
2015-04-09,6.421627998352051,6.421627998352051,6.421627998352051,6.421627998352051,900,TATT
2015-04-10,6.421627998352051,6.421627998352051,6.421627998352051,6.421627998352051,0,TATT
2015-04-13,6.514694690704346,6.514694690704346,6.514694690704346,6.514694690704346,100,TATT
2015-04-14,6.514694690704346,6.514694690704346,6.514694690704346,6.514694690704346,0,TATT
2015-04-15,6.2354936599731445,6.2354936599731445,6.2354936599731445,6.2354936599731445,100,TATT
2015-04-16,6.2354936599731445,6.2354936599731445,6.2354936599731445,6.2354936599731445,0,TATT
2015-04-17,6.337867259979248,6.337867259979248,6.28202707258743,6.328560783969792,1200,TATT
2015-04-20,6.291334629058838,6.328561424420738,6.235493992237582,6.328561424420738,900,TATT
2015-04-21,6.11450719833374,6.449548360378956,6.11450719833374,6.449548360378956,800,TATT
2015-04-22,6.430934906005859,6.496082019942793,6.188960735542861,6.496082019942793,1300,TATT
2015-04-23,6.421627998352051,6.421627998352051,6.421627998352051,6.421627998352051,1300,TATT
2015-04-24,6.30064058303833,6.393707563718246,6.263413790766363,6.393707563718246,1400,TATT
2015-04-27,6.514694690704346,6.514694690704346,6.514694690704346,6.514694690704346,600,TATT
2015-04-28,6.2354936599731445,6.2354936599731445,6.188960390139544,6.188960390139544,400,TATT
2015-04-29,6.2541069984436035,6.300640711622411,6.188960332527327,6.300640711622411,300,TATT
2015-04-30,6.30064058303833,6.30064058303833,6.1424264939932876,6.1424264939932876,5700,TATT
2015-05-01,6.2354936599731445,6.244800580206895,6.2354936599731445,6.244800580206895,2800,TATT
2015-05-04,6.2354936599731445,6.375094357030713,6.2354936599731445,6.375094357030713,3400,TATT
2015-05-05,6.2168803215026855,6.282027432413863,6.142426734048989,6.282027432413863,2700,TATT
2015-05-06,6.188960552215576,6.282027538098392,6.188960552215576,6.226187346568702,2500,TATT
2015-05-07,6.188960552215576,6.188960552215576,6.170347155039013,6.188960552215576,4300,TATT
2015-05-08,6.282027244567871,6.282027244567871,6.095893281499431,6.095893281499431,1600,TATT
2015-05-11,6.328561305999756,6.328561305999756,6.142426888894823,6.142426888894823,7000,TATT
2015-05-12,6.375094413757324,6.375094413757324,6.3285611435096625,6.3285611435096625,3000,TATT
2015-05-13,6.375094413757324,6.375094413757324,6.375094413757324,6.375094413757324,0,TATT
2015-05-14,6.375094413757324,6.375094413757324,6.375094413757324,6.375094413757324,0,TATT
2015-05-15,6.244800567626953,6.3657878677516795,6.244800567626953,6.328561074448437,500,TATT
2015-05-18,6.244800567626953,6.244800567626953,6.244800567626953,6.244800567626953,0,TATT
2015-05-19,6.421627998352051,6.421627998352051,6.328561015954156,6.328561015954156,4300,TATT
2015-05-20,6.468161582946777,6.468161582946777,6.375094596012412,6.4309347881730305,7700,TATT
2015-05-21,6.514694690704346,6.570534877656979,6.458854503751711,6.468160979687971,3000,TATT
2015-05-22,6.421627998352051,6.421627998352051,6.421627998352051,6.421627998352051,600,TATT
2015-05-26,6.430934906005859,6.505388496917551,6.421628429031101,6.421628429031101,2400,TATT
2015-05-27,6.226187229156494,6.505388181539826,6.226187229156494,6.505388181539826,1000,TATT
2015-05-28,6.5426154136657715,6.598455604097173,6.524002016855304,6.570535286992279,16100,TATT
2015-05-29,6.5426154136657715,6.5426154136657715,6.5426154136657715,6.5426154136657715,0,TATT
2015-06-01,6.430934906005859,6.561229133879727,6.309948042663564,6.561229133879727,3200,TATT
2015-06-02,6.319254398345947,6.579842405313524,6.319254398345947,6.570535484738997,4000,TATT
2015-06-03,6.30064058303833,6.337867375310297,6.30064058303833,6.32856089913149,3000,TATT
2015-06-04,6.30064058303833,6.30064058303833,6.30064058303833,6.30064058303833,0,TATT
2015-06-05,6.30064058303833,6.30064058303833,6.30064058303833,6.30064058303833,0,TATT
2015-06-08,6.319254398345947,6.328561318920475,6.188960616751358,6.188960616751358,3900,TATT
2015-06-09,6.328561305999756,6.328561305999756,6.31925438544423,6.328561305999756,1400,TATT
2015-06-10,6.188960552215576,6.226187346568702,6.188960552215576,6.226187346568702,1000,TATT
2015-06-11,6.282027244567871,6.282027244567871,6.282027244567871,6.282027244567871,4100,TATT
2015-06-12,6.328561305999756,6.328561305999756,6.142426888894823,6.142426888894823,2400,TATT
2015-06-15,6.282027244567871,6.514694920292607,6.282027244567871,6.282027244567871,4200,TATT
2015-06-16,6.2354936599731445,6.2354936599731445,6.2354936599731445,6.2354936599731445,1500,TATT
2015-06-17,6.375094413757324,6.375094413757324,6.244800635774131,6.244800635774131,1200,TATT
2015-06-18,6.291334629058838,6.291334629058838,6.235493992237582,6.235493992237582,2800,TATT
2015-06-19,6.421627998352051,6.421627998352051,6.403014601872472,6.421627998352051,500,TATT
2015-06-22,6.30064058303833,6.30064058303833,6.282027186902346,6.282027186902346,1900,TATT
2015-06-23,6.30064058303833,6.30064058303833,6.254106870809188,6.254106870809188,600,TATT
2015-06-24,6.291334629058838,6.291334629058838,6.291334629058838,6.291334629058838,100,TATT
2015-06-25,6.170346736907959,6.375094091975532,6.142426421145926,6.282027112399362,10000,TATT
2015-06-26,6.291334629058838,6.291334629058838,6.123813606151881,6.216880594556631,3600,TATT
2015-06-29,6.282027244567871,6.3099475609173235,6.272720324525262,6.3099475609173235,3200,TATT
2015-06-30,6.328561305999756,6.328561305999756,6.272720670223397,6.272720670223397,1600,TATT
2015-07-01,6.328561305999756,6.328561305999756,6.328561305999756,6.328561305999756,0,TATT
2015-07-02,6.14242696762085,6.151733888295659,6.14242696762085,6.14242696762085,600,TATT
2015-07-06,6.14242696762085,6.1889606834380935,6.049359979764764,6.14242696762085,1600,TATT
2015-07-07,6.14242696762085,6.14242696762085,6.14242696762085,6.14242696762085,0,TATT
2015-07-08,6.14242696762085,6.14242696762085,6.14242696762085,6.14242696762085,0,TATT
2015-07-09,5.863225936889648,5.863225936889648,5.863225936889648,5.863225936889648,400,TATT
2015-07-10,6.0493597984313965,6.0493597984313965,6.0493597984313965,6.0493597984313965,2000,TATT
2015-07-13,6.095893383026123,6.2075737627272165,6.095893383026123,6.2075737627272165,1300,TATT
2015-07-14,6.095893383026123,6.095893383026123,6.095893383026123,6.095893383026123,0,TATT
2015-07-15,6.14242696762085,6.14242696762085,6.133120490724442,6.133120490724442,1100,TATT
2015-07-16,6.123813152313232,6.123813152313232,6.095893279750165,6.095893279750165,900,TATT
2015-07-17,6.095893383026123,6.095893383026123,6.095893383026123,6.095893383026123,300,TATT
2015-07-20,6.095893383026123,6.095893383026123,6.095893383026123,6.095893383026123,0,TATT
2015-07-21,6.188960552215576,6.188960552215576,6.188960552215576,6.188960552215576,400,TATT
2015-07-22,6.14242696762085,6.14242696762085,6.0865867749071985,6.0865867749071985,900,TATT
2015-07-23,6.11450719833374,6.1424270732816355,6.11450719833374,6.1424270732816355,1100,TATT
2015-07-24,6.095893383026123,6.095893383026123,6.095893383026123,6.095893383026123,1000,TATT
2015-07-27,6.14242696762085,6.1889606834380935,6.133120490724442,6.14242696762085,4700,TATT
2015-07-28,6.2541069984436035,6.2541069984436035,6.244800522074869,6.244800522074869,1300,TATT
2015-07-29,6.188960552215576,6.3285612529289965,6.188960552215576,6.3285612529289965,3200,TATT
2015-07-30,6.188960552215576,6.188960552215576,6.188960552215576,6.188960552215576,0,TATT
2015-07-31,6.375094413757324,6.412321207466808,6.3285611435096625,6.3285611435096625,2800,TATT
2015-08-03,6.421627998352051,6.421627998352051,6.403014601872472,6.412321078223073,2400,TATT
2015-08-04,6.7101359367370605,6.924190220408307,6.5240019699700555,6.5240019699700555,2200,TATT
2015-08-05,6.7101359367370605,6.7101359367370605,6.4309345428081715,6.514695049742514,1300,TATT
2015-08-06,6.7101359367370605,6.7101359367370605,6.7101359367370605,6.7101359367370605,0,TATT
2015-08-07,6.700829029083252,6.738055822506507,6.700829029083252,6.738055822506507,800,TATT
2015-08-10,6.7287492752075195,6.7287492752075195,6.710135878691832,6.710135878691832,700,TATT
2015-08-11,6.7287492752075195,6.747362671723208,6.7287492752075195,6.747362671723208,400,TATT
2015-08-12,6.5426154136657715,6.607762080613213,6.5426154136657715,6.607762080613213,2300,TATT
2015-08-13,6.691522598266602,6.691522598266602,6.672909201427992,6.672909201427992,900,TATT
2015-08-14,6.635682582855225,6.635682582855225,6.635682582855225,6.635682582855225,300,TATT
2015-08-17,6.607762336730957,6.607762336730957,6.607762336730957,6.607762336730957,2000,TATT
2015-08-18,6.700829029083252,6.700829029083252,6.700829029083252,6.700829029083252,100,TATT
2015-08-19,6.514694690704346,6.514694690704346,6.514694690704346,6.514694690704346,100,TATT
2015-08-20,6.337867259979248,6.4402411587534285,6.337867259979248,6.412320843168339,2200,TATT
2015-08-21,6.291334629058838,6.3657882197826385,6.28202770832916,6.3657882197826385,2700,TATT
2015-08-24,6.0493597984313965,6.272720562590621,6.0493597984313965,6.272720562590621,3900,TATT
2015-08-25,5.993519306182861,6.337867355512062,5.816691821554209,6.337867355512062,2500,TATT
2015-08-26,6.086586952209473,6.207574261835945,5.8166924576755985,5.8166924576755985,1700,TATT
2015-08-27,6.11450719833374,6.11450719833374,6.086586879607434,6.086586879607434,2400,TATT
2015-08-28,6.2354936599731445,6.2354936599731445,6.161040073216677,6.2354936599731445,2900,TATT
2015-08-31,6.058666706085205,6.058666706085205,6.058666706085205,6.058666706085205,100,TATT
2015-09-01,6.179653644561768,6.49608184099837,6.123813452916202,6.49608184099837,500,TATT
2015-09-02,6.179653644561768,6.179653644561768,5.8725323686219575,5.9097591630523345,1600,TATT
2015-09-03,6.133120059967041,6.2075736450226895,6.0307461586263384,6.2075736450226895,1700,TATT
2015-09-04,6.133120059967041,6.133120059967041,6.133120059967041,6.133120059967041,0,TATT
2015-09-08,6.282027244567871,6.282027244567871,6.254106928218419,6.282027244567871,3100,TATT
2015-09-09,6.393707752227783,6.486774735651649,6.393707752227783,6.486774735651649,600,TATT
2015-09-10,6.40301513671875,6.496082126890566,6.40301513671875,6.496082126890566,800,TATT
2015-09-11,6.2727203369140625,6.2727203369140625,6.2727203369140625,6.2727203369140625,200,TATT
2015-09-14,6.365787982940674,6.365787982940674,6.365787982940674,6.365787982940674,100,TATT
2015-09-15,6.421627998352051,6.421627998352051,6.412321078223073,6.412321078223073,700,TATT
2015-09-16,6.514694690704346,6.514694690704346,6.300640418830068,6.300640418830068,900,TATT
2015-09-17,6.514694690704346,6.514694690704346,6.514694690704346,6.514694690704346,0,TATT
2015-09-18,6.40301513671875,6.40301513671875,6.40301513671875,6.40301513671875,100,TATT
2015-09-21,5.844612121582031,6.468161110374143,5.844612121582031,6.40301444616899,2200,TATT
2015-09-22,5.844612121582031,5.844612121582031,5.844612121582031,5.844612121582031,0,TATT
2015-09-23,6.319254398345947,6.319254398345947,5.900452735616998,5.900452735616998,1300,TATT
2015-09-24,6.319254398345947,6.319254398345947,6.319254398345947,6.319254398345947,0,TATT
2015-09-25,6.105199813842773,6.105199813842773,6.105199813842773,6.105199813842773,100,TATT
2015-09-28,6.598455429077148,6.598455429077148,6.105199761015499,6.105199761015499,500,TATT
2015-09-29,6.598455429077148,6.598455429077148,6.598455429077148,6.598455429077148,0,TATT
2015-09-30,6.691522598266602,6.691522598266602,6.607762090603667,6.607762090603667,1200,TATT
2015-10-01,6.0493597984313965,6.0493597984313965,6.040052878035567,6.040052878035567,900,TATT
2015-10-02,6.0493597984313965,6.0493597984313965,6.0493597984313965,6.0493597984313965,0,TATT
2015-10-05,6.2168803215026855,6.2168803215026855,6.2168803215026855,6.2168803215026855,500,TATT
2015-10-06,6.514694690704346,6.514694690704346,6.486774375338849,6.486774375338849,1000,TATT
2015-10-07,6.514694690704346,6.514694690704346,6.514694690704346,6.514694690704346,400,TATT
2015-10-08,6.514694690704346,6.514694690704346,6.514694690704346,6.514694690704346,400,TATT
2015-10-09,6.505388259887695,6.514695180301754,6.505388259887695,6.514695180301754,1500,TATT
2015-10-12,6.514694690704346,6.514694690704346,6.514694690704346,6.514694690704346,4200,TATT
2015-10-13,6.514694690704346,6.514694690704346,6.514694690704346,6.514694690704346,200,TATT
2015-10-14,6.598455429077148,6.598455429077148,6.598455429077148,6.598455429077148,1000,TATT
2015-10-15,6.607762336730957,6.607762336730957,6.607762336730957,6.607762336730957,100,TATT
2015-10-16,6.375094413757324,6.440241524638114,6.356481016902582,6.375094413757324,7600,TATT
2015-10-19,6.375094413757324,6.375094413757324,6.375094413757324,6.375094413757324,0,TATT
2015-10-20,6.5240020751953125,6.5240020751953125,6.384401375979256,6.384401375979256,1800,TATT
2015-10-21,6.421627998352051,6.430934474702652,6.421627998352051,6.430934474702652,600,TATT
2015-10-22,6.421627998352051,6.421627998352051,6.421627998352051,6.421627998352051,0,TATT
2015-10-23,6.356481075286865,6.52400209229661,6.337867678261159,6.347174598663208,1300,TATT
2015-10-26,6.365787982940674,6.365787982940674,6.365787982940674,6.365787982940674,700,TATT
2015-10-27,6.607762336730957,6.607762336730957,6.468161633352319,6.542615667258421,4000,TATT
2015-10-28,6.700829029083252,6.700829029083252,6.700829029083252,6.700829029083252,200,TATT
2015-10-29,6.663602352142334,6.663602352142334,6.440241587698372,6.440241587698372,800,TATT
2015-10-30,6.691522598266602,6.691522598266602,6.691522598266602,6.691522598266602,100,TATT
2015-11-02,6.579842567443848,6.60776244229859,6.579842567443848,6.60776244229859,1100,TATT
2015-11-03,6.700829029083252,6.700829029083252,6.700829029083252,6.700829029083252,200,TATT
2015-11-04,6.700829029083252,6.700829029083252,6.700829029083252,6.700829029083252,0,TATT
2015-11-05,6.514694690704346,6.514694690704346,6.514694690704346,6.514694690704346,300,TATT
2015-11-06,6.514694690704346,6.514694690704346,6.514694690704346,6.514694690704346,0,TATT
2015-11-09,6.514694690704346,6.514694690704346,6.514694690704346,6.514694690704346,0,TATT
2015-11-10,6.2541069984436035,6.347174424801218,6.2541069984436035,6.263413918590716,900,TATT
2015-11-11,6.384401321411133,6.384401321411133,6.384401321411133,6.384401321411133,200,TATT
2015-11-12,6.384401321411133,6.384401321411133,6.384401321411133,6.384401321411133,0,TATT
2015-11-13,6.375094413757324,6.375094413757324,6.365787937219146,6.375094413757324,2700,TATT
2015-11-16,6.635682582855225,6.635682582855225,6.375094576459833,6.375094576459833,4100,TATT
2015-11-17,6.654295444488525,6.654295444488525,6.579841861163185,6.579841861163185,6900,TATT
2015-11-18,6.663602352142334,6.663602352142334,6.654295875513031,6.654295875513031,500,TATT
2015-11-19,6.700829029083252,6.700829029083252,6.654295759193374,6.654295759193374,2400,TATT
2015-11-20,6.700829029083252,6.700829029083252,6.700829029083252,6.700829029083252,0,TATT
2015-11-23,6.700829029083252,6.700829029083252,6.3564809680289525,6.3564809680289525,400,TATT
2015-11-24,7.2220048904418945,7.501206279709492,6.403014562783425,6.700828904638596,4300,TATT
2015-11-25,6.9707231521606445,6.9707231521606445,6.9707231521606445,6.9707231521606445,3100,TATT
2015-11-27,6.9707231521606445,6.9707231521606445,6.9707231521606445,6.9707231521606445,0,TATT
2015-11-30,6.9707231521606445,7.333685035421779,6.952109756386614,7.203390821225206,4900,TATT
2015-12-01,6.952110290527344,6.952110290527344,6.79389663618148,6.79389663618148,1000,TATT
2015-12-02,6.886963367462158,6.886963367462158,6.803202861252593,6.803202861252593,3400,TATT
2015-12-03,6.73805570602417,7.110324077599612,6.73805570602417,7.110324077599612,3600,TATT
2015-12-04,6.784589767456055,6.784589767456055,6.775283290672182,6.775283290672182,2200,TATT
2015-12-07,6.747363090515137,6.765976488186111,6.747363090515137,6.765976488186111,1900,TATT
2015-12-08,6.747363090515137,6.747363090515137,6.747363090515137,6.747363090515137,800,TATT
2015-12-09,6.747363090515137,6.747363090515137,6.747363090515137,6.747363090515137,0,TATT
2015-12-10,6.896270275115967,6.896270275115967,6.896270275115967,6.896270275115967,100,TATT
2015-12-11,6.896270275115967,6.896270275115967,6.896270275115967,6.896270275115967,0,TATT
2015-12-14,6.896270275115967,6.896270275115967,6.896270275115967,6.896270275115967,0,TATT
2015-12-15,6.607762336730957,6.607762336730957,6.170347272841521,6.5612290647903455,1700,TATT
2015-12-16,6.514694690704346,6.514694690704346,6.514694690704346,6.514694690704346,500,TATT
2015-12-17,6.384401321411133,6.607762083225024,6.384401321411133,6.607762083225024,5700,TATT
2015-12-18,6.617068767547607,6.617068767547607,6.430934362228837,6.430934362228837,500,TATT
2015-12-21,6.617068767547607,6.617068767547607,6.617068767547607,6.617068767547607,0,TATT
2015-12-22,6.793896198272705,6.793896198272705,6.793896198272705,6.793896198272705,300,TATT
2015-12-23,6.886963367462158,6.998643746555993,6.877656447315149,6.998643746555993,1400,TATT
2015-12-24,6.886963367462158,6.886963367462158,6.886963367462158,6.886963367462158,0,TATT
2015-12-28,6.886963367462158,6.886963367462158,6.886963367462158,6.886963367462158,0,TATT
2015-12-29,6.840429782867432,6.840429782867432,6.607762100159163,6.607762100159163,1000,TATT
2015-12-30,6.607762336730957,6.626375734262882,6.607762336730957,6.626375734262882,2400,TATT
2015-12-31,6.886963367462158,6.886963367462158,6.65429568912748,6.65429568912748,1900,TATT
2016-01-04,6.933496952056885,6.933496952056885,6.933496952056885,6.933496952056885,200,TATT
2016-01-05,6.933496952056885,6.933496952056885,6.933496952056885,6.933496952056885,400,TATT
2016-01-06,6.375094413757324,6.728749397775807,6.375094413757324,6.728749397775807,2600,TATT
2016-01-07,6.375094413757324,6.375094413757324,6.375094413757324,6.375094413757324,0,TATT
2016-01-08,6.831122875213623,6.914882933933224,6.477467913309306,6.477467913309306,600,TATT
2016-01-11,6.514694690704346,6.514694690704346,6.514694690704346,6.514694690704346,300,TATT
2016-01-12,6.7659759521484375,6.7659759521484375,6.514694881608941,6.514694881608941,3400,TATT
2016-01-13,6.347174644470215,6.635682522339989,6.347174644470215,6.635682522339989,2100,TATT
2016-01-14,6.095893383026123,6.421628045710167,6.095893383026123,6.412321125512553,4300,TATT
2016-01-15,6.095893383026123,6.095893383026123,6.095893383026123,6.095893383026123,0,TATT
2016-01-19,6.095893383026123,6.095893383026123,6.095893383026123,6.095893383026123,0,TATT
2016-01-20,5.956292629241943,5.993519422117712,5.909758916258044,5.993519422117712,4600,TATT
2016-01-21,6.2354936599731445,6.793896448203418,6.161040073216677,6.20757378682866,21100,TATT
2016-01-22,6.412321090698242,6.412321090698242,6.412321090698242,6.412321090698242,300,TATT
2016-01-25,6.514694690704346,6.514694690704346,6.170346649273921,6.430934188386215,6200,TATT
2016-01-26,6.133120059967041,6.133120059967041,6.133120059967041,6.133120059967041,200,TATT
2016-01-27,6.133120059967041,6.133120059967041,6.133120059967041,6.133120059967041,0,TATT
2016-01-28,6.133120059967041,6.133120059967041,6.133120059967041,6.133120059967041,0,TATT
2016-01-29,6.635682582855225,6.65429598018501,6.514695278322421,6.65429598018501,2400,TATT
2016-02-01,6.11450719833374,6.11450719833374,6.11450719833374,6.11450719833374,200,TATT
2016-02-02,6.2354936599731445,6.6356823544567325,6.170346993450426,6.328561087197111,1800,TATT
2016-02-03,6.2354936599731445,6.2354936599731445,6.2354936599731445,6.2354936599731445,0,TATT
2016-02-04,6.319254398345947,6.319254398345947,6.319254398345947,6.319254398345947,200,TATT
2016-02-05,6.151733875274658,6.151733875274658,6.151733875274658,6.151733875274658,700,TATT
2016-02-08,6.244800567626953,6.244800567626953,6.244800567626953,6.244800567626953,200,TATT
2016-02-09,6.644989013671875,6.654295934161597,6.235493831470412,6.635682536960548,1600,TATT
2016-02-10,6.644989013671875,6.644989013671875,6.644989013671875,6.644989013671875,0,TATT
2016-02-11,6.644989013671875,6.644989013671875,6.644989013671875,6.644989013671875,0,TATT
2016-02-12,6.644989013671875,6.644989013671875,6.644989013671875,6.644989013671875,0,TATT
2016-02-16,6.170346736907959,6.514694783228968,6.170346736907959,6.244800320568895,5600,TATT
2016-02-17,6.282027244567871,6.337867433488403,6.188960263033651,6.188960263033651,2200,TATT
2016-02-18,6.421627998352051,6.421627998352051,6.421627998352051,6.421627998352051,900,TATT
2016-02-19,6.644989013671875,6.644989013671875,6.421628247259292,6.421628247259292,700,TATT
2016-02-22,6.598455429077148,6.598455429077148,6.598455429077148,6.598455429077148,300,TATT
2016-02-23,6.598455429077148,6.598455429077148,6.598455429077148,6.598455429077148,0,TATT
2016-02-24,6.598455429077148,6.598455429077148,6.598455429077148,6.598455429077148,0,TATT
2016-02-25,6.2727203369140625,6.4309344277239004,6.2727203369140625,6.4309344277239004,4000,TATT
2016-02-26,6.282027244567871,6.282027244567871,6.282027244567871,6.282027244567871,100,TATT
2016-02-29,6.2354936599731445,6.2354936599731445,6.2354936599731445,6.2354936599731445,1200,TATT
2016-03-01,6.328561305999756,6.328561305999756,6.235493875558091,6.300640988111577,3400,TATT
2016-03-02,6.505388259887695,6.505388259887695,6.421628195053121,6.421628195053121,1400,TATT
2016-03-03,6.598455429077148,6.598455429077148,6.598455429077148,6.598455429077148,200,TATT
2016-03-04,6.375094413757324,6.375094413757324,6.291334349800179,6.291334349800179,400,TATT
2016-03-07,6.477468013763428,6.51469480572243,6.328560845927421,6.328560845927421,1300,TATT
2016-03-08,6.505388259887695,6.505388259887695,6.272720574876918,6.272720574876918,600,TATT
2016-03-09,6.505388259887695,6.505388259887695,6.505388259887695,6.505388259887695,0,TATT
2016-03-10,6.505388259887695,6.505388259887695,6.505388259887695,6.505388259887695,0,TATT
2016-03-11,6.505388259887695,6.505388259887695,6.505388259887695,6.505388259887695,0,TATT
2016-03-14,6.505388259887695,6.505388259887695,6.505388259887695,6.505388259887695,0,TATT
2016-03-15,6.44954776763916,6.44954776763916,6.44954776763916,6.44954776763916,400,TATT
2016-03-16,6.458855152130127,6.477468549649529,6.282027653806606,6.4495482314812245,3800,TATT
2016-03-17,6.458855152130127,6.468161629000627,6.421628357091323,6.458855152130127,7300,TATT
2016-03-18,6.458855152130127,6.458855152130127,6.458855152130127,6.458855152130127,0,TATT
2016-03-21,6.5612287521362305,6.570535228569521,6.46816132513303,6.46816132513303,20400,TATT
2016-03-22,6.5426154136657715,6.607762080613213,6.514695096560878,6.561228810476238,7900,TATT
2016-03-23,6.468161582946777,6.468161582946777,6.468161582946777,6.468161582946777,100,TATT
2016-03-24,6.468161582946777,6.468161582946777,6.468161582946777,6.468161582946777,0,TATT
2016-03-28,6.7659759521484375,6.7659759521484375,6.7659759521484375,6.7659759521484375,5800,TATT
2016-03-29,6.7659759521484375,6.7659759521484375,6.7659759521484375,6.7659759521484375,2300,TATT
2016-03-30,6.793896198272705,6.840429466394462,6.468161102528578,6.468161102528578,700,TATT
2016-03-31,6.793896198272705,6.793896198272705,6.793896198272705,6.793896198272705,0,TATT
2016-04-01,6.793896198272705,6.793896198272705,6.793896198272705,6.793896198272705,0,TATT
2016-04-04,6.793896198272705,6.793896198272705,6.793896198272705,6.793896198272705,0,TATT
2016-04-05,6.793896198272705,6.793896198272705,6.793896198272705,6.793896198272705,0,TATT
2016-04-06,6.87765645980835,6.886963379972264,6.87765645980835,6.886963379972264,300,TATT
2016-04-07,6.87765645980835,6.87765645980835,6.87765645980835,6.87765645980835,500,TATT
2016-04-08,6.87765645980835,6.87765645980835,6.87765645980835,6.87765645980835,0,TATT
2016-04-11,6.607762336730957,6.607762336730957,6.328561373752084,6.328561373752084,7700,TATT
2016-04-12,6.784589767456055,6.784589767456055,6.775283290672182,6.775283290672182,1000,TATT
2016-04-13,6.784589767456055,6.784589767456055,6.784589767456055,6.784589767456055,0,TATT
2016-04-14,6.784589767456055,6.784589767456055,6.784589767456055,6.784589767456055,0,TATT
2016-04-15,6.784589767456055,6.784589767456055,6.784589767456055,6.784589767456055,0,TATT
2016-04-18,6.533308506011963,6.533308506011963,6.533308506011963,6.533308506011963,300,TATT
2016-04-19,6.626375198364258,6.663601990417444,6.626375198364258,6.644988594390851,800,TATT
2016-04-20,6.58914852142334,6.58914852142334,6.58914852142334,6.58914852142334,800,TATT
2016-04-21,6.5240020751953125,6.5240020751953125,6.5240020751953125,6.5240020751953125,1500,TATT
2016-04-22,6.5240020751953125,6.5240020751953125,6.5240020751953125,6.5240020751953125,0,TATT
2016-04-25,6.514694690704346,6.598455193022476,6.514694690704346,6.514694690704346,500,TATT
2016-04-26,6.514694690704346,6.6077616689587355,6.514694690704346,6.533308086355223,6000,TATT
2016-04-27,6.514694690704346,6.514694690704346,6.514694690704346,6.514694690704346,0,TATT
2016-04-28,6.5612287521362305,6.5612287521362305,6.542615355491266,6.542615355491266,800,TATT
2016-04-29,6.747363090515137,6.747363090515137,6.598455909147341,6.747363090515137,1200,TATT
2016-05-02,6.682215690612793,6.682215690612793,6.682215690612793,6.682215690612793,500,TATT
2016-05-03,6.7287492752075195,6.7287492752075195,6.7287492752075195,6.7287492752075195,400,TATT
2016-05-04,6.579842567443848,6.710136352248935,6.561229169614549,6.579842567443848,3100,TATT
2016-05-05,6.579842567443848,6.579842567443848,6.579842567443848,6.579842567443848,0,TATT
2016-05-06,6.579842567443848,6.579842567443848,6.579842567443848,6.579842567443848,0,TATT
2016-05-09,6.5612287521362305,6.5612287521362305,6.5612287521362305,6.5612287521362305,300,TATT
2016-05-10,6.654295444488525,6.654295444488525,6.579841861163185,6.579841861163185,400,TATT
2016-05-11,6.654295444488525,6.654295444488525,6.654295444488525,6.654295444488525,0,TATT
2016-05-12,6.700829029083252,6.700829029083252,6.700829029083252,6.700829029083252,400,TATT
2016-05-13,6.700829029083252,6.700829029083252,6.700829029083252,6.700829029083252,0,TATT
2016-05-16,6.700829029083252,6.700829029083252,6.700829029083252,6.700829029083252,0,TATT
2016-05-17,6.700829029083252,6.700829029083252,6.700829029083252,6.700829029083252,0,TATT
2016-05-18,6.700829029083252,6.700829029083252,6.700829029083252,6.700829029083252,0,TATT
2016-05-19,6.700829029083252,6.700829029083252,6.700829029083252,6.700829029083252,0,TATT
2016-05-20,6.356481075286865,6.52400209229661,6.170347105029805,6.52400209229661,4500,TATT
2016-05-23,6.2354936599731445,6.468161340476297,6.2354936599731445,6.356480960341596,6400,TATT
2016-05-24,6.282027244567871,6.282027244567871,6.244800451954183,6.244800451954183,2500,TATT
2016-05-25,6.291334629058838,6.291334629058838,6.291334629058838,6.291334629058838,200,TATT
2016-05-26,6.468161582946777,6.561229013659541,6.468161582946777,6.468161582946777,800,TATT
2016-05-27,6.468161582946777,6.468161582946777,6.468161582946777,6.468161582946777,0,TATT
2016-05-31,6.468161582946777,6.468161582946777,6.468161582946777,6.468161582946777,1200,TATT
2016-06-01,6.468161582946777,6.468161582946777,6.468161582946777,6.468161582946777,0,TATT
2016-06-02,6.626375198364258,6.626375198364258,6.514694822204699,6.542615138133772,2000,TATT
2016-06-03,6.570535182952881,6.570535182952881,6.4681612802271315,6.514694993405666,5200,TATT
2016-06-06,6.598455429077148,6.859042977511762,6.598455429077148,6.859042977511762,4700,TATT
2016-06-07,6.514694690704346,6.6077616689587355,6.514694690704346,6.6077616689587355,5900,TATT
2016-06-08,6.514694690704346,6.514694690704346,6.514694690704346,6.514694690704346,0,TATT
2016-06-09,6.421627998352051,6.421627998352051,6.328561015954156,6.328561015954156,4900,TATT
2016-06-10,6.421627998352051,6.421627998352051,6.421627998352051,6.421627998352051,0,TATT
2016-06-13,6.179653644561768,6.179653644561768,6.179653644561768,6.179653644561768,3400,TATT
2016-06-14,6.309947490692139,6.524001767727761,6.309947490692139,6.524001767727761,300,TATT
2016-06-15,6.365787982940674,6.496081761859687,6.365787982940674,6.496081761859687,1400,TATT
2016-06-16,6.5240020751953125,6.5240020751953125,6.4681614404861785,6.505388234440009,4000,TATT
2016-06-17,6.5240020751953125,6.5240020751953125,6.5240020751953125,6.5240020751953125,0,TATT
2016-06-20,6.514694690704346,6.514694690704346,6.514694690704346,6.514694690704346,1100,TATT
2016-06-21,6.486774921417236,6.486774921417236,6.486774921417236,6.486774921417236,300,TATT
2016-06-22,6.514694690704346,6.542615006069841,6.514694690704346,6.542615006069841,800,TATT
2016-06-23,6.691522598266602,6.691522598266602,6.691522598266602,6.691522598266602,1000,TATT
2016-06-24,6.514694690704346,6.589148273307858,6.514694690704346,6.589148273307858,400,TATT
2016-06-27,6.514694690704346,6.514694690704346,6.514694690704346,6.514694690704346,0,TATT
2016-06-28,6.514694690704346,6.514694690704346,6.514694690704346,6.514694690704346,0,TATT
2016-06-29,6.700829029083252,6.700829029083252,6.700829029083252,6.700829029083252,1000,TATT
2016-06-30,6.784589767456055,6.784589767456055,6.635682588686907,6.635682588686907,1200,TATT
2016-07-01,6.747363090515137,6.747363090515137,6.700829374448498,6.747363090515137,1200,TATT
2016-07-05,6.747363090515137,6.747363090515137,6.747363090515137,6.747363090515137,0,TATT
2016-07-06,6.747363090515137,6.747363090515137,6.644989181435574,6.644989181435574,400,TATT
2016-07-07,6.812510013580322,6.812510013580322,6.79389661643031,6.79389661643031,600,TATT
2016-07-08,6.905576705932617,6.905576705932617,6.803202804067921,6.8125097241367,2900,TATT
2016-07-11,6.87765645980835,6.9148832529072495,6.87765645980835,6.9148832529072495,1400,TATT
2016-07-12,6.700829029083252,6.784589536174767,6.700829029083252,6.784589536174767,2100,TATT
2016-07-13,6.9707231521606445,6.9707231521606445,6.64498850422593,6.700828691548022,7700,TATT
2016-07-14,6.9707231521606445,6.9707231521606445,6.9707231521606445,6.9707231521606445,0,TATT
2016-07-15,6.980030536651611,6.980030536651611,6.970723616255782,6.970723616255782,1900,TATT
2016-07-18,7.212698459625244,7.249925254882328,6.989337688082742,6.989337688082742,12200,TATT
2016-07-19,7.249925136566162,7.249925136566162,6.989337574019271,7.249925136566162,15700,TATT
2016-07-20,7.650113582611084,7.733874089592011,7.231311491484829,7.240618411717546,21600,TATT
2016-07-21,8.208516120910645,8.376037147886562,7.631500335007502,8.152676370289894,50100,TATT
2016-07-22,8.329503059387207,8.55286382702784,8.05030165605802,8.18059588096012,68700,TATT
2016-07-25,8.208516120910645,8.42257086510841,7.5756605843867515,8.42257086510841,40700,TATT
2016-07-26,7.58496618270874,8.003768726125841,7.138244653139542,7.854860662045993,14200,TATT
2016-07-27,7.924881458282471,8.012288388898108,7.8957461234757895,7.8957461234757895,2800,TATT
2016-07-28,8.002575874328613,8.089982800274196,7.526694751064377,8.089982800274196,22900,TATT
2016-07-29,7.575254440307617,7.788915717093026,7.546118643255867,7.788915717093026,4000,TATT
2016-08-01,7.682084560394287,8.01228809681808,7.5266948788291055,7.5266948788291055,5900,TATT
2016-08-02,7.526695251464844,7.730644450165264,7.497559453180012,7.565542673779419,700,TATT
2016-08-03,7.691796779632568,7.691796779632568,7.478135500699559,7.52669500857464,6900,TATT
2016-08-04,7.691796779632568,7.691796779632568,7.691796779632568,7.691796779632568,0,TATT
2016-08-05,7.293610572814941,7.419864461282541,7.293610572814941,7.419864461282541,400,TATT
2016-08-08,7.565542697906494,7.633525918722706,7.322746076117203,7.322746076117203,12800,TATT
2016-08-09,7.672373294830322,7.672373294830322,7.623813785526576,7.623813785526576,1600,TATT
2016-08-10,7.5169830322265625,7.662661094894832,7.283898502435566,7.526695119183418,11800,TATT
2016-08-11,7.614101886749268,7.662660931202828,7.575254465947304,7.575254465947304,1800,TATT
2016-08-12,7.575254440307617,7.604389774261583,7.546118643255867,7.604389774261583,4500,TATT
2016-08-15,7.478135585784912,7.604389937218398,7.419864453530486,7.575254602640082,6600,TATT
2016-08-16,7.497559070587158,7.604389708049681,7.390728896222415,7.400440519756582,5300,TATT
2016-08-17,7.419864654541016,7.419864654541016,7.419864654541016,7.419864654541016,500,TATT
2016-08-18,7.449000358581543,7.526695202707391,7.449000358581543,7.449000358581543,1800,TATT
2016-08-19,7.293610572814941,7.43928817205431,7.293610572814941,7.43928817205431,3200,TATT
2016-08-22,8.089982986450195,8.089982986450195,7.652949272860302,7.662660896467877,15700,TATT
2016-08-23,7.905457973480225,8.11911832391806,7.672372986525402,8.11911832391806,67700,TATT
2016-08-24,7.58496618270874,7.856898594758392,7.478135542643042,7.818051173479555,38900,TATT
2016-08-25,7.643237113952637,7.818050968215431,7.62381340382319,7.730644041084034,5400,TATT
2016-08-26,7.740355968475342,8.138542736407908,7.720932257583348,7.866610783919996,2500,TATT
2016-08-29,7.818051338195801,8.187102311217973,7.691796984830668,7.720932319854745,8600,TATT
2016-08-30,7.84718656539917,7.944305582405806,7.507271395169324,7.8277633177151955,9800,TATT
2016-08-31,7.381017208099365,7.740356097122472,7.351881872826035,7.6626612522631845,35800,TATT
2016-09-01,7.526695251464844,7.614102183221539,7.400440897393574,7.400440897393574,6700,TATT
2016-09-02,7.575254440307617,7.575254440307617,7.410152670909197,7.5072712225853895,500,TATT
2016-09-06,7.419864654541016,7.6626612770609235,7.410153030451078,7.410153030451078,3500,TATT
2016-09-07,7.458711624145508,7.58496597133219,7.303321943360532,7.58496597133219,7700,TATT
2016-09-08,7.691796779632568,7.759779534940336,7.546118719105115,7.7403558244098605,11500,TATT
2016-09-09,7.5072712898254395,7.643237263389911,7.5072712898254395,7.6335256396841995,1800,TATT
2016-09-12,7.5072712898254395,7.5072712898254395,7.5072712898254395,7.5072712898254395,0,TATT
2016-09-13,7.439288139343262,7.449000226235339,7.439288139343262,7.439288139343262,700,TATT
2016-09-14,7.439288139343262,7.439288139343262,7.439288139343262,7.439288139343262,400,TATT
2016-09-15,7.332458019256592,7.52669512763383,7.293610597581144,7.507271416796106,2700,TATT
2016-09-16,7.381017208099365,7.526695273759431,7.381017208099365,7.419864630529009,1400,TATT
2016-09-19,7.5169830322265625,7.5169830322265625,7.361593345699231,7.439288188962896,1600,TATT
2016-09-20,7.526695251464844,7.526695251464844,7.458712030865437,7.516983164337299,6300,TATT
2016-09-21,7.623813629150391,7.623813629150391,7.478135567325038,7.584966207743336,5600,TATT
2016-09-22,7.54611873626709,7.575254533677959,7.478135517706922,7.478135517706922,4700,TATT
2016-09-23,7.536406993865967,7.866610531533658,7.361593138348821,7.672372965747694,28100,TATT
2016-09-26,7.390728950500488,7.643237184514425,7.390728950500488,7.633525560908934,42300,TATT
2016-09-27,7.478135585784912,7.546118804963973,7.449000251206596,7.497559296536387,2000,TATT
2016-09-28,7.439288139343262,7.546118779667145,7.3130342514308095,7.3810170072841785,35700,TATT
2016-09-29,7.555830955505371,7.76949177557053,7.449000313923893,7.701508555819081,57000,TATT
2016-09-30,7.565542697906494,7.691797052380399,7.5169831883095135,7.575254785065011,2000,TATT
2016-10-03,7.565542697906494,7.604390120344956,7.565542697906494,7.604390120344956,500,TATT
2016-10-04,7.565542697906494,7.584966409125725,7.507271564248801,7.584966409125725,1700,TATT
2016-10-05,7.682084560394287,7.691796647041001,7.458711661595448,7.682084560394287,3000,TATT
2016-10-06,7.623813629150391,7.711220558865161,7.4490002328186415,7.516982988732092,4900,TATT
2016-10-07,7.390728950500488,7.390728950500488,7.390728950500488,7.390728950500488,200,TATT
2016-10-10,7.332458019256592,7.429576573445211,7.283898510613384,7.332458019256592,1900,TATT
2016-10-11,7.332458019256592,7.381017064802004,7.283898510613384,7.283898510613384,2900,TATT
2016-10-12,7.28389835357666,7.34216948483354,7.28389835357666,7.332457861172952,3400,TATT
2016-10-13,7.28389835357666,7.28389835357666,7.089661249387063,7.235338845980369,400,TATT
2016-10-14,7.28389835357666,7.28389835357666,7.28389835357666,7.28389835357666,0,TATT
2016-10-17,7.041101932525635,7.041101932525635,7.041101932525635,7.041101932525635,600,TATT
2016-10-18,6.905135631561279,7.089661108421316,6.895423544996015,6.895423544996015,1700,TATT
2016-10-19,6.924559593200684,6.924559593200684,6.924559593200684,6.924559593200684,100,TATT
2016-10-20,6.798305034637451,7.04110164301736,6.409830368610041,7.04110164301736,2500,TATT
2016-10-21,6.555508613586426,6.574932324287955,6.458390060078778,6.458390060078778,6900,TATT
2016-10-24,6.555508613586426,6.604068121889146,6.506949105283706,6.604068121889146,6900,TATT
2016-10-25,6.798305034637451,6.837152454930414,6.65262697698995,6.65262697698995,2900,TATT
2016-10-26,6.652626991271973,6.652626991271973,6.652626991271973,6.652626991271973,200,TATT
2016-10-27,6.701186656951904,6.701186656951904,6.506949087373451,6.604068103711573,1300,TATT
2016-10-28,6.701186656951904,6.701186656951904,6.701186656951904,6.701186656951904,0,TATT
2016-10-31,6.5457963943481445,6.652627032595622,6.506948973730477,6.506948973730477,3700,TATT
2016-11-01,6.652626991271973,6.701186498291315,6.60406794735041,6.60406794735041,3700,TATT
2016-11-02,6.652626991271973,6.652626991271973,6.652626991271973,6.652626991271973,0,TATT
2016-11-03,6.5360846519470215,6.604067868341213,6.5263725654202345,6.5263725654202345,900,TATT
2016-11-04,6.5360846519470215,6.5360846519470215,6.5360846519470215,6.5360846519470215,0,TATT
2016-11-07,6.604068279266357,6.701186835088374,6.506949260346538,6.701186835088374,5400,TATT
2016-11-08,6.458390235900879,6.846864923605031,6.458390235900879,6.846864923605031,800,TATT
2016-11-09,6.652626991271973,6.652626991271973,6.506948933311726,6.555508440331068,18000,TATT
2016-11-10,6.458390235900879,6.50694928242777,6.458390235900879,6.458390235900879,1400,TATT
2016-11-11,6.652626991271973,6.652626991271973,6.409830382370822,6.409830382370822,4200,TATT
2016-11-14,6.555508613586426,6.555508613586426,6.458390060078778,6.555508613586426,4900,TATT
2016-11-15,6.506948947906494,6.652627006193489,6.506948947906494,6.652627006193489,4000,TATT
2016-11-16,6.652626991271973,6.701186498291315,6.555508440331068,6.555508440331068,8200,TATT
2016-11-17,6.798305034637451,7.04110164301736,6.65262697698995,6.65262697698995,8100,TATT
2016-11-18,6.895423889160156,7.245051150298061,6.749745825094546,6.749745825094546,5700,TATT
2016-11-21,6.94398307800293,6.94398307800293,6.94398307800293,6.94398307800293,400,TATT
2016-11-22,7.089661121368408,7.089661121368408,6.798305007247271,6.992542107929511,2100,TATT
2016-11-23,7.060525417327881,7.138220258619875,7.060525417327881,7.0896612143612705,1600,TATT
2016-11-25,7.011966228485107,7.011966228485107,6.992542517279801,6.992542517279801,300,TATT
2016-11-28,7.429576396942139,7.429576396942139,7.186779785689767,7.186779785689767,2600,TATT
2016-11-29,7.429576396942139,7.526694948823531,7.371305265813303,7.478135441333943,800,TATT
2016-11-30,7.332458019256592,7.429576573445211,7.235339001970177,7.429576573445211,3600,TATT
2016-12-01,7.332458019256592,7.478135618990623,7.332458019256592,7.478135618990623,1700,TATT
2016-12-02,7.381017208099365,7.429576717685323,7.235339142439299,7.283898652025257,9800,TATT
2016-12-05,7.264474868774414,7.429576644012119,7.264474868774414,7.3810171349076885,1800,TATT
2016-12-06,7.264474868774414,7.264474868774414,7.264474868774414,7.264474868774414,0,TATT
2016-12-07,7.478135585784912,7.478135585784912,7.381017032027535,7.381017032027535,900,TATT
2016-12-08,7.468423843383789,7.5461186851561495,7.1867798104100915,7.283898362625541,533400,TATT
2016-12-09,7.478135585784912,7.478135585784912,7.478135585784912,7.478135585784912,700,TATT
2016-12-12,7.623813629150391,7.672373137458107,7.526695075632753,7.575254583940468,6000,TATT
2016-12-13,8.206525802612305,8.255085313223333,8.109407707585879,8.157966292001277,10800,TATT
2016-12-14,8.546441078186035,8.643559168979444,8.497881569691538,8.643559168979444,5000,TATT
2016-12-15,8.167677879333496,8.35220382311951,8.060847703485932,8.35220382311951,10300,TATT
2016-12-16,8.643559455871582,8.643559455871582,8.235661052892008,8.303644737519017,8200,TATT
2016-12-19,8.400762557983398,8.59500059208349,8.284220293240695,8.449322066508422,7200,TATT
2016-12-20,8.352204322814941,8.546441438792948,8.27450947642374,8.546441438792948,3200,TATT
2016-12-21,8.255084991455078,8.371627256661561,8.060847882777606,8.060847882777606,4400,TATT
2016-12-22,8.497881889343262,8.546441399664348,8.352204284575627,8.352204284575627,1400,TATT
2016-12-23,8.595000267028809,8.595000267028809,8.449321746963161,8.449321746963161,2000,TATT
2016-12-27,8.400762557983398,8.449322066508422,8.400762557983398,8.449322066508422,2400,TATT
2016-12-28,8.323067665100098,8.323067665100098,8.235660735516337,8.235660735516337,700,TATT
2016-12-29,8.303644180297852,8.352203687145494,8.303644180297852,8.303644180297852,1300,TATT
2016-12-30,8.497881889343262,8.497881889343262,8.255085263933454,8.255085263933454,2900,TATT
2017-01-03,8.352204322814941,8.49788192824954,8.352204322814941,8.49788192824954,1700,TATT
2017-01-04,8.507593154907227,8.595000079803516,8.507593154907227,8.54644057417274,3900,TATT
2017-01-05,8.429899215698242,8.546441485927794,8.40076295349413,8.40076295349413,4600,TATT
2017-01-06,8.48816967010498,8.54644126682367,8.48816967010498,8.54644126682367,1100,TATT
2017-01-09,8.595000267028809,8.595000267028809,8.49788125365171,8.54644076034026,5800,TATT
2017-01-10,8.546441078186035,8.595000586680534,8.497881569691538,8.595000586680534,15700,TATT
2017-01-11,8.303644180297852,8.400762267797578,8.25508467345021,8.400762267797578,8000,TATT
2017-01-12,8.303644180297852,8.303644180297852,8.303644180297852,8.303644180297852,0,TATT
2017-01-13,8.449321746826172,8.449321746826172,8.30364415295844,8.30364415295844,5900,TATT
2017-01-17,8.546441078186035,8.546441078186035,8.44932206119704,8.44932206119704,8500,TATT
2017-01-18,8.468746185302734,8.468746185302734,8.468746185302734,8.468746185302734,600,TATT
2017-01-19,8.517305374145508,8.546440707500281,8.517305374145508,8.546440707500281,900,TATT
2017-01-20,8.468746185302734,8.546441027959087,8.449322011540854,8.49788151974997,9600,TATT
2017-01-23,8.468746185302734,8.546441027959087,8.449322011540854,8.449322011540854,3000,TATT
2017-01-24,8.536728858947754,8.546440945735256,8.410474509296956,8.546440945735256,3300,TATT
2017-01-25,8.468746185302734,8.546441027959087,8.468746185302734,8.49788151974997,8300,TATT
2017-01-26,8.449321746826172,8.497881253513933,8.449321746826172,8.497881253513933,8800,TATT
2017-01-27,8.546441078186035,8.546441078186035,8.44932206119704,8.459034148135057,1300,TATT
2017-01-30,8.643559455871582,8.643559455871582,8.546441361854686,8.546441361854686,16900,TATT
2017-01-31,8.546441078186035,8.595000586680534,8.52701690431,8.595000586680534,1000,TATT
2017-02-01,8.633848190307617,8.643559351254835,8.595000767931923,8.595000767931923,2400,TATT
2017-02-02,8.682406425476074,8.682406425476074,8.682406425476074,8.682406425476074,900,TATT
2017-02-03,8.643559455871582,8.643559455871582,8.633848294806826,8.633848294806826,500,TATT
2017-02-06,8.653271675109863,8.692119098548238,8.643559587701361,8.692119098548238,12500,TATT
2017-02-07,8.546441078186035,8.69211867747394,8.546441078186035,8.69211867747394,1900,TATT
2017-02-08,8.837797164916992,8.983474763577858,8.643559131775058,8.69211864006054,18200,TATT
2017-02-09,8.67269515991211,8.740677913971531,8.67269515991211,8.740677913971531,3400,TATT
2017-02-10,8.497881889343262,8.595000909985433,8.497881889343262,8.595000909985433,5700,TATT
2017-02-13,7.973440647125244,8.352203689195132,7.818050966131103,8.352203689195132,9100,TATT
2017-02-14,8.012288093566895,8.109407107603506,7.963728586548589,8.109407107603506,1000,TATT
2017-02-15,7.924881458282471,7.924881458282471,7.6238137077259145,7.866610788669108,1900,TATT
2017-02-16,7.818051338195801,8.012288448682312,7.769491829025273,7.9151694303412565,8600,TATT
2017-02-17,7.818051338195801,7.818051338195801,7.672373273782017,7.818051338195801,5700,TATT
2017-02-21,7.769491672515869,7.769491672515869,7.575254565942089,7.575254565942089,1600,TATT
2017-02-22,7.769491672515869,7.769491672515869,7.575254565942089,7.652949408571601,1600,TATT
2017-02-23,7.730644226074219,7.769491647262709,7.633525673102993,7.769491647262709,5500,TATT
2017-02-24,7.526695251464844,7.672373316693402,7.526695251464844,7.672373316693402,5300,TATT
2017-02-27,7.9151692390441895,8.109407271031877,7.623813580356025,7.769491641249002,3500,TATT
2017-02-28,7.9151692390441895,7.9151692390441895,7.818051149245924,7.818051149245924,2300,TATT
2017-03-01,7.866610527038574,7.963728615229389,7.866610527038574,7.905457947554013,1100,TATT
2017-03-02,7.866610527038574,8.157965717806581,7.866610527038574,8.060847629615767,5200,TATT
2017-03-03,7.866610527038574,7.866610527038574,7.866610527038574,7.866610527038574,1000,TATT
2017-03-06,7.866610527038574,7.963728615229389,7.866610527038574,7.866610527038574,3800,TATT
2017-03-07,8.740677833557129,8.740677833557129,8.332779460562152,8.546440733606081,38200,TATT
2017-03-08,8.653271675109863,8.740678609395115,8.643559587701361,8.682407011139736,5200,TATT
2017-03-09,8.653271675109863,8.653271675109863,8.653271675109863,8.653271675109863,0,TATT
2017-03-10,8.546441078186035,8.595000586680534,8.44932206119704,8.44932206119704,5000,TATT
2017-03-13,8.789237976074219,8.934915580029703,8.546441352018,8.595000862068368,9900,TATT
2017-03-14,8.711543083190918,8.750390505781247,8.692118908797946,8.692118908797946,8600,TATT
2017-03-15,8.789237976074219,8.837797486124586,8.643559445923117,8.692118955973484,7600,TATT
2017-03-16,8.740677833557129,8.789237340093779,8.692118327020479,8.740677833557129,5900,TATT
2017-03-17,8.740677833557129,8.740677833557129,8.740677833557129,8.740677833557129,0,TATT
2017-03-20,8.789237976074219,8.789237976074219,8.692118955973484,8.740678466023851,6800,TATT
2017-03-21,8.740677833557129,8.886355426971527,8.740677833557129,8.740677833557129,9000,TATT
2017-03-22,8.837797164916992,8.837797164916992,8.740678148346024,8.740678148346024,400,TATT
2017-03-23,8.934915542602539,8.983475052449498,8.88635603275558,8.88635603275558,12600,TATT
2017-03-24,8.983474731445312,8.983474731445312,8.934915223333519,8.934915223333519,4200,TATT
2017-03-27,9.080594062805176,9.080594062805176,8.983475043211135,8.983475043211135,4900,TATT
2017-03-28,8.983474731445312,9.032034239557106,8.944627310194994,8.983474731445312,2300,TATT
2017-03-29,9.226271629333496,9.226271629333496,9.080594026717,9.080594026717,9500,TATT
2017-03-30,9.27483081817627,9.566186939528594,9.17771180232697,9.17771180232697,3900,TATT
2017-03-31,9.517627716064453,9.546763051211803,9.274831095380133,9.323390604756119,3900,TATT
2017-04-03,9.76042366027832,9.76042366027832,9.711864154267873,9.711864154267873,9400,TATT
2017-04-04,9.857542037963867,9.954661052860244,9.779847196524994,9.808983456711248,7700,TATT
2017-04-05,9.469067573547363,9.76042368412639,9.469067573547363,9.76042368412639,6400,TATT
2017-04-06,9.663305282592773,9.663305282592773,9.566187190392226,9.663305282592773,5400,TATT
2017-04-07,9.566186904907227,9.61474548646056,9.566186904907227,9.61474548646056,600,TATT
2017-04-10,9.595322608947754,9.614745857078677,9.537051012163765,9.614745857078677,3400,TATT
2017-04-11,9.517627716064453,9.517627716064453,9.469068206688469,9.517627716064453,2500,TATT
2017-04-12,9.371949195861816,9.517627724112963,9.274831103223324,9.469068214695914,4100,TATT
2017-04-13,9.323390007019043,9.517627105874533,9.274830500756282,9.274830500756282,1900,TATT
2017-04-17,9.469067573547363,9.517627079676458,9.323389981355621,9.517627079676458,5300,TATT
2017-04-18,9.032033920288086,9.323390032464259,9.032033920288086,9.323390032464259,3100,TATT
2017-04-19,9.371949195861816,9.469068214695914,9.226271593806276,9.284543190345856,2600,TATT
2017-04-20,9.517627716064453,9.517627716064453,9.216559498889831,9.469068206688469,2900,TATT
2017-04-21,9.517627716064453,9.517627716064453,9.498203541835817,9.517627716064453,600,TATT
2017-04-24,9.42050838470459,9.469067892469187,9.18742385886921,9.371948876939992,5900,TATT
2017-04-25,9.517627716064453,9.517627716064453,9.469068206688469,9.469068206688469,500,TATT
2017-04-26,9.614745140075684,9.614745140075684,9.371948536273818,9.517627054272262,5400,TATT
2017-04-27,9.507915496826172,9.507915496826172,9.507915496826172,9.507915496826172,100,TATT
2017-04-28,9.595322608947754,9.595322608947754,9.595322608947754,9.595322608947754,1000,TATT
2017-05-01,9.517627716064453,9.517627716064453,9.517627716064453,9.517627716064453,200,TATT
2017-05-02,9.517627716064453,9.517627716064453,9.517627716064453,9.517627716064453,0,TATT
2017-05-03,9.517627716064453,9.517627716064453,9.420508697312483,9.469068206688469,1700,TATT
2017-05-04,9.95466136932373,9.95466136932373,9.760424259551655,9.760424259551655,5200,TATT
2017-05-05,10.246017456054688,10.585932165245904,10.08091568186059,10.1974579472572,8600,TATT
2017-05-08,10.673338890075684,10.683050976887065,10.294576766387584,10.294576766387584,3400,TATT
2017-05-09,10.634491920471191,10.634491920471191,10.44025480697588,10.44025480697588,1900,TATT
2017-05-10,10.780170440673828,10.780170440673828,10.391695287832293,10.391695287832293,15000,TATT
2017-05-11,10.653915405273438,10.653915405273438,10.517948971530238,10.517948971530238,600,TATT
2017-05-12,10.683051109313965,10.683051109313965,10.566508844719465,10.585932092387422,1400,TATT
2017-05-15,11.168643951416016,11.168643951416016,10.683050736137059,10.683050736137059,6900,TATT
2017-05-16,11.022966384887695,11.217203486246108,10.974406877999204,11.168643979357615,6400,TATT
2017-05-17,10.974407196044922,11.022966704340702,10.828728671157583,10.925847687749142,1600,TATT
2017-05-18,11.4114408493042,11.4114408493042,11.071525219484991,11.071525219484991,4600,TATT
2017-05-19,11.799915313720703,11.897034331805518,11.65423771278908,11.65423771278908,7700,TATT
2017-05-22,11.654237747192383,12.139830986658733,10.73161077744544,11.41144112745921,234600,TATT
2017-05-23,11.702796936035156,12.033000478024844,11.36288130723505,11.65423742817863,32100,TATT
2017-05-24,11.654237747192383,11.897034366925558,11.605678238006629,11.702797256378139,20900,TATT
2017-05-25,11.654237747192383,11.848474857739802,11.654237747192383,11.751356765563894,33700,TATT
2017-05-26,12.04271125793457,12.091270764255988,11.897033665165859,11.897033665165859,13400,TATT
2017-05-30,11.799915313720703,11.897034331805518,11.741644643826293,11.799915313720703,25100,TATT
2017-05-31,11.702796936035156,11.84847453340916,11.65423742817863,11.722220183460422,21400,TATT
2017-06-01,11.848474502563477,11.897034010293586,11.654237397838614,11.751356413298833,10500,TATT
2017-06-02,11.848474502563477,11.897034010293586,11.673661571408887,11.897034010293586,18100,TATT
2017-06-05,11.460000038146973,11.799914732304027,11.071524911144628,11.799914732304027,20900,TATT
2017-06-06,11.460000038146973,11.654237138550368,11.314321518197762,11.460000038146973,12600,TATT
2017-06-07,11.899999618530273,12.199999809265137,11.550000190734863,11.899999618530273,13900,TATT
2017-06-08,11.800000190734863,12.029999732971191,11.699999809265137,11.699999809265137,7300,TATT
2017-06-09,11.75,12.199999809265137,11.75,11.75,8300,TATT
2017-06-12,11.550000190734863,11.699999809265137,11.300000190734863,11.550000190734863,18400,TATT
2017-06-13,11.149999618530273,11.5,11.0,11.449999809265137,12500,TATT
2017-06-14,11.050000190734863,11.25,11.0,11.100000381469727,7400,TATT
2017-06-15,11.199999809265137,11.449999809265137,10.5,11.149999618530273,11300,TATT
2017-06-16,10.800000190734863,11.300000190734863,10.800000190734863,11.149999618530273,2900,TATT
2017-06-19,10.649999618530273,10.899999618530273,10.5,10.899999618530273,11500,TATT
2017-06-20,10.5,10.9399995803833,10.5,10.699999809265137,28900,TATT
2017-06-21,10.550000190734863,10.699999809265137,10.5,10.550000190734863,9400,TATT
2017-06-22,10.5,10.850000381469727,10.149999618530273,10.550000190734863,8800,TATT
2017-06-23,10.300000190734863,10.649999618530273,10.149999618530273,10.550000190734863,7600,TATT
2017-06-26,10.300000190734863,10.600000381469727,10.300000190734863,10.399999618530273,11600,TATT
2017-06-27,10.149999618530273,10.550000190734863,10.100000381469727,10.399999618530273,3500,TATT
2017-06-28,10.300000190734863,10.569999694824219,10.140000343322754,10.199999809265137,17200,TATT
2017-06-29,10.199999809265137,10.600000381469727,10.100000381469727,10.4399995803833,35100,TATT
2017-06-30,10.199999809265137,10.4399995803833,10.199999809265137,10.350000381469727,11900,TATT
2017-07-03,10.399999618530273,10.550000190734863,10.1899995803833,10.25,11300,TATT
2017-07-05,10.300000190734863,10.550000190734863,10.25,10.550000190734863,16100,TATT
2017-07-06,10.350000381469727,10.5,10.199999809265137,10.25,15500,TATT
2017-07-07,10.300000190734863,10.800000190734863,10.300000190734863,10.449999809265137,14300,TATT
2017-07-10,10.399999618530273,10.75,10.350000381469727,10.449999809265137,11400,TATT
2017-07-11,10.5,10.75,10.5,10.550000190734863,6400,TATT
2017-07-12,10.5,10.699999809265137,10.449999809265137,10.550000190734863,12400,TATT
2017-07-13,10.649999618530273,10.75,10.5,10.75,11900,TATT
2017-07-14,10.949999809265137,11.0,10.699999809265137,10.699999809265137,3600,TATT
2017-07-17,11.050000190734863,11.300000190734863,10.899999618530273,11.0,24100,TATT
2017-07-18,10.699999809265137,11.550000190734863,10.649999618530273,11.399999618530273,46700,TATT
2017-07-19,10.850000381469727,11.079999923706055,10.800000190734863,10.800000190734863,10800,TATT
2017-07-20,10.800000190734863,11.100000381469727,10.800000190734863,10.899999618530273,9200,TATT
2017-07-21,10.699999809265137,10.899999618530273,10.550000190734863,10.600000381469727,16400,TATT
2017-07-24,10.600000381469727,10.800000190734863,10.25,10.699999809265137,11600,TATT
2017-07-25,10.699999809265137,10.699999809265137,10.369999885559082,10.5,1500,TATT
2017-07-26,10.350000381469727,10.550000190734863,10.350000381469727,10.399999618530273,5000,TATT
2017-07-27,10.5,10.600000381469727,10.279999732971191,10.5,6000,TATT
2017-07-28,10.649999618530273,10.800000190734863,10.350000381469727,10.350000381469727,1800,TATT
2017-07-31,10.600000381469727,10.649999618530273,10.149999618530273,10.600000381469727,6800,TATT
2017-08-01,10.5,10.649999618530273,10.350000381469727,10.449999809265137,3300,TATT
2017-08-02,10.699999809265137,10.899999618530273,10.399999618530273,10.899999618530273,2000,TATT
2017-08-03,10.649999618530273,10.800000190734863,10.550000190734863,10.600000381469727,3000,TATT
2017-08-04,10.449999809265137,10.550000190734863,10.350000381469727,10.550000190734863,4400,TATT
2017-08-07,10.25,10.449999809265137,10.25,10.350000381469727,1500,TATT
2017-08-08,10.300000190734863,10.5,10.199999809265137,10.449999809265137,5700,TATT
2017-08-09,10.850000381469727,10.850000381469727,10.300000190734863,10.399999618530273,4100,TATT
2017-08-10,10.399999618530273,10.800000190734863,10.260000228881836,10.800000190734863,18500,TATT
2017-08-11,10.550000190734863,10.680000305175781,10.399999618530273,10.399999618530273,6200,TATT
2017-08-14,10.550000190734863,11.100000381469727,10.5,10.949999809265137,26400,TATT
2017-08-15,10.850000381469727,10.949999809265137,10.800000190734863,10.850000381469727,5600,TATT
2017-08-16,10.899999618530273,11.0,10.800000190734863,10.800000190734863,9800,TATT
2017-08-17,11.0,11.399999618530273,10.899999618530273,11.350000381469727,10700,TATT
2017-08-18,11.25,11.25,10.899999618530273,11.0,8000,TATT
2017-08-21,10.75,11.0,10.550000190734863,11.0,9400,TATT
2017-08-22,10.600000381469727,11.0,10.5,10.699999809265137,7300,TATT
2017-08-23,10.550000190734863,10.699999809265137,10.5,10.550000190734863,4500,TATT
2017-08-24,10.899999618530273,10.949999809265137,10.5,10.699999809265137,6900,TATT
2017-08-25,10.829999923706055,11.050000190734863,10.600000381469727,11.0,4900,TATT
2017-08-28,10.800000190734863,10.949999809265137,10.579999923706055,10.800000190734863,11300,TATT
2017-08-29,10.670000076293945,11.0,10.479999542236328,11.0,1700,TATT
2017-08-30,10.699999809265137,10.850000381469727,10.600000381469727,10.630000114440918,3700,TATT
2017-08-31,10.600000381469727,10.699999809265137,10.600000381469727,10.699999809265137,900,TATT
2017-09-01,10.699999809265137,10.949999809265137,10.699999809265137,10.699999809265137,1300,TATT
2017-09-05,10.899999618530273,11.0,10.550000190734863,10.949999809265137,15600,TATT
2017-09-06,10.800000190734863,10.949999809265137,10.699999809265137,10.899999618530273,10000,TATT
2017-09-07,10.649999618530273,11.0,10.649999618530273,10.75,900,TATT
2017-09-08,10.550000190734863,10.649999618530273,10.550000190734863,10.649999618530273,1600,TATT
2017-09-11,10.5,10.800000190734863,10.5,10.550000190734863,3500,TATT
2017-09-12,10.600000381469727,10.649999618530273,10.449999809265137,10.5,15300,TATT
2017-09-13,10.600000381469727,10.699999809265137,10.399999618530273,10.699999809265137,14300,TATT
2017-09-14,10.600000381469727,10.600000381469727,10.5,10.5,3700,TATT
2017-09-15,10.649999618530273,10.649999618530273,10.449999809265137,10.449999809265137,700,TATT
2017-09-18,10.569999694824219,10.699999809265137,10.550000190734863,10.550000190734863,7600,TATT
2017-09-19,10.699999809265137,10.899999618530273,10.600000381469727,10.649999618530273,26100,TATT
2017-09-20,10.75,10.899999618530273,10.75,10.880000114440918,1200,TATT
2017-09-21,10.649999618530273,10.710000038146973,10.600000381469727,10.710000038146973,2400,TATT
2017-09-22,10.699999809265137,10.699999809265137,10.600000381469727,10.600000381469727,800,TATT
2017-09-25,10.899999618530273,11.199999809265137,10.800000190734863,11.050000190734863,12900,TATT
2017-09-26,11.100000381469727,11.149999618530273,10.949999809265137,11.100000381469727,6500,TATT
2017-09-27,11.199999809265137,11.25,10.949999809265137,11.109999656677246,8700,TATT
2017-09-28,11.069999694824219,11.199999809265137,10.8100004196167,11.149999618530273,6700,TATT
2017-09-29,11.199999809265137,11.199999809265137,11.15999984741211,11.15999984741211,200,TATT
2017-10-02,11.229999542236328,11.25,10.920000076293945,10.920000076293945,6100,TATT
2017-10-03,11.010000228881836,11.100000381469727,10.949999809265137,11.100000381469727,4700,TATT
2017-10-04,11.050000190734863,11.600000381469727,11.050000190734863,11.050000190734863,12400,TATT
2017-10-05,11.15999984741211,11.399999618530273,11.149999618530273,11.149999618530273,2200,TATT
2017-10-06,11.5,11.5,11.399999618530273,11.399999618530273,5600,TATT
2017-10-09,11.399999618530273,11.5,11.149999618530273,11.5,1500,TATT
2017-10-10,11.149999618530273,11.350000381469727,11.0,11.260000228881836,4300,TATT
2017-10-11,11.100000381469727,11.229999542236328,11.0,11.0,1500,TATT
2017-10-12,11.100000381469727,11.220000267028809,11.0,11.0,1300,TATT
2017-10-13,11.350000381469727,11.350000381469727,11.140000343322754,11.140000343322754,1400,TATT
2017-10-16,11.260000228881836,11.5,11.199999809265137,11.5,4400,TATT
2017-10-17,11.350000381469727,11.449999809265137,11.100000381469727,11.149999618530273,800,TATT
2017-10-18,11.050000190734863,11.300000190734863,10.600000381469727,11.100000381469727,4600,TATT
2017-10-19,10.649999618530273,11.050000190734863,10.649999618530273,11.050000190734863,6000,TATT
2017-10-20,10.899999618530273,10.899999618530273,10.649999618530273,10.699999809265137,1900,TATT
2017-10-23,10.800000190734863,11.050000190734863,10.649999618530273,11.0,6800,TATT
2017-10-24,10.75,10.850000381469727,10.75,10.850000381469727,700,TATT
2017-10-25,10.649999618530273,10.850000381469727,10.600000381469727,10.850000381469727,1300,TATT
2017-10-26,10.699999809265137,11.0,10.600000381469727,11.0,3500,TATT
2017-10-27,10.800000190734863,11.0,10.680000305175781,10.699999809265137,2800,TATT
2017-10-30,10.600000381469727,10.800000190734863,10.600000381469727,10.800000190734863,800,TATT
2017-10-31,10.699999809265137,10.699999809265137,10.699999809265137,10.699999809265137,600,TATT
2017-11-01,11.199999809265137,11.25,10.75,10.75,1600,TATT
2017-11-02,11.210000038146973,11.210000038146973,11.0,11.0,300,TATT
2017-11-03,10.949999809265137,11.0,10.850000381469727,10.899999618530273,1100,TATT
2017-11-06,11.0,11.0,10.729999542236328,10.729999542236328,1200,TATT
2017-11-07,10.850000381469727,11.0,10.850000381469727,10.949999809265137,1800,TATT
2017-11-08,10.899999618530273,10.899999618530273,10.899999618530273,10.899999618530273,1000,TATT
2017-11-09,10.800000190734863,10.800000190734863,10.800000190734863,10.800000190734863,500,TATT
2017-11-10,10.850000381469727,10.899999618530273,10.600000381469727,10.850000381469727,4000,TATT
2017-11-13,10.800000190734863,11.0,10.75,10.800000190734863,3300,TATT
2017-11-14,10.800000190734863,10.869999885559082,10.800000190734863,10.869999885559082,500,TATT
2017-11-15,10.770000457763672,10.899999618530273,10.770000457763672,10.850000381469727,2300,TATT
2017-11-16,10.550000190734863,10.899999618530273,10.399999618530273,10.899999618530273,6000,TATT
2017-11-17,10.949999809265137,11.0,10.649999618530273,11.0,700,TATT
2017-11-20,10.25,10.699999809265137,10.199999809265137,10.699999809265137,19100,TATT
2017-11-21,10.350000381469727,10.399999618530273,10.199999809265137,10.199999809265137,5300,TATT
2017-11-22,10.300000190734863,10.399999618530273,10.25,10.300000190734863,1900,TATT
2017-11-24,10.449999809265137,10.600000381469727,10.350000381469727,10.600000381469727,1100,TATT
2017-11-27,10.550000190734863,10.600000381469727,10.449999809265137,10.600000381469727,8500,TATT
2017-11-28,10.680000305175781,10.680000305175781,10.600000381469727,10.600000381469727,800,TATT
2017-11-29,10.380000114440918,10.600000381469727,10.380000114440918,10.600000381469727,2000,TATT
2017-11-30,10.65999984741211,10.75,10.65999984741211,10.75,1000,TATT
2017-12-01,10.65999984741211,10.65999984741211,10.65999984741211,10.65999984741211,0,TATT
2017-12-04,10.699999809265137,10.850000381469727,10.649999618530273,10.800000190734863,5500,TATT
2017-12-05,10.850000381469727,10.899999618530273,10.720000267028809,10.850000381469727,5400,TATT
2017-12-06,10.949999809265137,10.949999809265137,10.770000457763672,10.850000381469727,2300,TATT
2017-12-07,10.859999656677246,10.859999656677246,10.850000381469727,10.850000381469727,800,TATT
2017-12-08,10.850000381469727,10.880000114440918,10.850000381469727,10.850000381469727,900,TATT
2017-12-11,10.75,10.75,10.75,10.75,100,TATT
2017-12-12,10.350000381469727,10.399999618530273,10.350000381469727,10.399999618530273,700,TATT
2017-12-13,10.260000228881836,10.65999984741211,10.210000038146973,10.300000190734863,6200,TATT
2017-12-14,10.300000190734863,10.300000190734863,10.199999809265137,10.199999809265137,500,TATT
2017-12-15,10.300000190734863,10.300000190734863,10.239999771118164,10.25,4000,TATT
2017-12-18,10.199999809265137,10.300000190734863,10.149999618530273,10.149999618530273,9000,TATT
2017-12-19,10.199999809265137,10.199999809265137,10.149999618530273,10.199999809265137,1600,TATT
2017-12-20,10.229999542236328,10.25,10.149999618530273,10.199999809265137,5000,TATT
2017-12-21,10.199999809265137,10.300000190734863,10.149999618530273,10.25,32200,TATT
2017-12-22,10.300000190734863,10.300000190734863,10.25,10.25,700,TATT
2017-12-26,10.550000190734863,10.550000190734863,10.399999618530273,10.449999809265137,3600,TATT
2017-12-27,10.449999809265137,10.5,10.350000381469727,10.350000381469727,1200,TATT
2017-12-28,10.5,10.550000190734863,10.350000381469727,10.399999618530273,2700,TATT
2017-12-29,10.5,10.649999618530273,10.489999771118164,10.489999771118164,4800,TATT
2018-01-02,10.449999809265137,10.600000381469727,10.25,10.600000381469727,6800,TATT
2018-01-03,10.649999618530273,10.850000381469727,10.489999771118164,10.489999771118164,7800,TATT
2018-01-04,10.399999618530273,10.729999542236328,10.350000381469727,10.399999618530273,15900,TATT
2018-01-05,10.399999618530273,10.600000381469727,10.300000190734863,10.300000190734863,9400,TATT
2018-01-08,10.600000381469727,10.649999618530273,10.399999618530273,10.600000381469727,8900,TATT
2018-01-09,10.899999618530273,10.899999618530273,10.75,10.800000190734863,800,TATT
2018-01-10,10.800000190734863,10.850000381469727,10.5,10.699999809265137,2900,TATT
2018-01-11,10.949999809265137,11.0,10.899999618530273,10.949999809265137,3400,TATT
2018-01-12,11.050000190734863,11.25,10.850000381469727,11.0,10000,TATT
2018-01-16,10.850000381469727,11.199999809265137,10.649999618530273,11.199999809265137,2300,TATT
2018-01-17,10.899999618530273,11.649999618530273,10.800000190734863,10.949999809265137,4400,TATT
2018-01-18,10.949999809265137,11.050000190734863,10.949999809265137,10.949999809265137,1300,TATT
2018-01-19,11.0,11.100000381469727,10.949999809265137,11.0,4900,TATT
2018-01-22,10.949999809265137,11.149999618530273,10.949999809265137,11.149999618530273,500,TATT
2018-01-23,10.800000190734863,11.0,10.75,10.850000381469727,1200,TATT
2018-01-24,10.600000381469727,10.850000381469727,10.600000381469727,10.800000190734863,1300,TATT
2018-01-25,10.680000305175781,11.0600004196167,10.550000190734863,10.600000381469727,2200,TATT
2018-01-26,10.5,10.699999809265137,10.25,10.600000381469727,5200,TATT
2018-01-29,10.449999809265137,10.649999618530273,10.300000190734863,10.350000381469727,2400,TATT
2018-01-30,10.359999656677246,10.399999618530273,10.300000190734863,10.300000190734863,800,TATT
2018-01-31,10.300000190734863,10.300000190734863,10.300000190734863,10.300000190734863,700,TATT
2018-02-01,10.5,10.5,10.5,10.5,400,TATT
2018-02-02,10.149999618530273,10.199999809265137,10.149999618530273,10.180000305175781,3800,TATT
2018-02-05,9.75,10.199999809265137,9.75,10.199999809265137,10400,TATT
2018-02-06,9.850000381469727,9.899999618530273,9.260000228881836,9.699999809265137,5300,TATT
2018-02-07,9.649999618530273,9.90999984741211,9.550000190734863,9.550000190734863,1600,TATT
2018-02-08,9.600000381469727,9.949999809265137,9.600000381469727,9.75,1300,TATT
2018-02-09,9.399999618530273,9.430000305175781,9.399999618530273,9.430000305175781,1500,TATT
2018-02-12,9.649999618530273,9.649999618530273,9.600000381469727,9.600000381469727,1700,TATT
2018-02-13,9.699999809265137,9.699999809265137,9.670000076293945,9.670000076293945,300,TATT
2018-02-14,9.649999618530273,9.75,9.649999618530273,9.75,1000,TATT
2018-02-15,10.0,10.0,9.75,9.75,1400,TATT
2018-02-16,9.949999809265137,9.949999809265137,9.869999885559082,9.869999885559082,200,TATT
2018-02-20,10.149999618530273,10.5,10.050000190734863,10.050000190734863,6600,TATT
2018-02-21,10.149999618530273,10.149999618530273,10.149999618530273,10.149999618530273,0,TATT
2018-02-22,10.050000190734863,10.239999771118164,10.050000190734863,10.239999771118164,600,TATT
2018-02-23,10.050000190734863,10.050000190734863,10.050000190734863,10.050000190734863,0,TATT
2018-02-26,10.100000381469727,10.199999809265137,10.0,10.199999809265137,1900,TATT
2018-02-27,10.100000381469727,10.100000381469727,10.100000381469727,10.100000381469727,0,TATT
2018-02-28,10.100000381469727,10.100000381469727,10.100000381469727,10.100000381469727,0,TATT
2018-03-01,10.100000381469727,10.100000381469727,10.100000381469727,10.100000381469727,0,TATT
2018-03-02,10.149999618530273,10.199999809265137,10.149999618530273,10.199999809265137,1200,TATT
2018-03-05,10.0,10.399999618530273,10.0,10.0,5000,TATT
2018-03-06,10.180000305175781,10.199999809265137,9.829999923706055,9.850000381469727,2100,TATT
2018-03-07,9.800000190734863,9.800000190734863,9.800000190734863,9.800000190734863,300,TATT
2018-03-08,9.800000190734863,10.0,9.699999809265137,10.0,1300,TATT
2018-03-09,9.949999809265137,9.949999809265137,9.699999809265137,9.699999809265137,1300,TATT
2018-03-12,9.800000190734863,10.0,9.800000190734863,9.850000381469727,700,TATT
2018-03-13,9.899999618530273,9.949999809265137,9.800000190734863,9.850000381469727,400,TATT
2018-03-14,9.850000381469727,9.869999885559082,9.850000381469727,9.869999885559082,400,TATT
2018-03-15,10.199999809265137,10.229999542236328,9.949999809265137,9.949999809265137,3600,TATT
2018-03-16,10.149999618530273,10.149999618530273,9.699999809265137,9.850000381469727,1700,TATT
2018-03-19,9.699999809265137,9.850000381469727,9.699999809265137,9.819999694824219,400,TATT
2018-03-20,9.850000381469727,10.050000190734863,9.850000381469727,9.899999618530273,800,TATT
2018-03-21,10.149999618530273,10.149999618530273,9.649999618530273,9.949999809265137,4900,TATT
2018-03-22,9.649999618530273,9.899999618530273,9.649999618530273,9.899999618530273,4500,TATT
2018-03-23,9.649999618530273,9.649999618530273,9.649999618530273,9.649999618530273,0,TATT
2018-03-26,9.520000457763672,9.649999618530273,9.380000114440918,9.649999618530273,4100,TATT
2018-03-27,9.550000190734863,9.699999809265137,9.069999694824219,9.699999809265137,4800,TATT
2018-03-28,9.020000457763672,9.449999809265137,9.0,9.449999809265137,2600,TATT
2018-03-29,8.699999809265137,8.699999809265137,8.199999809265137,8.34000015258789,4000,TATT
2018-04-02,8.890000343322754,8.899999618530273,8.399999618530273,8.550000190734863,4400,TATT
2018-04-03,9.0,9.0,8.899999618530273,8.949999809265137,2300,TATT
2018-04-04,8.699999809265137,8.699999809265137,8.520000457763672,8.520000457763672,700,TATT
2018-04-05,8.600000381469727,8.84000015258789,8.600000381469727,8.84000015258789,900,TATT
2018-04-06,8.600000381469727,8.600000381469727,8.600000381469727,8.600000381469727,0,TATT
2018-04-09,8.800000190734863,8.800000190734863,8.800000190734863,8.800000190734863,500,TATT
2018-04-10,9.050000190734863,9.050000190734863,8.890000343322754,9.0,18400,TATT
2018-04-11,8.699999809265137,8.880000114440918,8.5,8.869999885559082,6400,TATT
2018-04-12,8.90999984741211,8.90999984741211,8.770000457763672,8.800000190734863,1200,TATT
2018-04-13,9.0,9.0,8.899999618530273,8.899999618530273,500,TATT
2018-04-16,9.15999984741211,9.15999984741211,9.0,9.0,1400,TATT
2018-04-17,9.050000190734863,9.050000190734863,9.050000190734863,9.050000190734863,600,TATT
2018-04-18,9.050000190734863,9.050000190734863,8.979999542236328,9.050000190734863,1200,TATT
2018-04-19,9.050000190734863,9.050000190734863,9.050000190734863,9.050000190734863,0,TATT
2018-04-20,8.350000381469727,8.949999809265137,8.350000381469727,8.949999809265137,900,TATT
2018-04-23,8.880000114440918,8.880000114440918,8.800000190734863,8.850000381469727,1900,TATT
2018-04-24,8.880000114440918,8.880000114440918,8.880000114440918,8.880000114440918,0,TATT
2018-04-25,8.880000114440918,8.880000114440918,8.880000114440918,8.880000114440918,0,TATT
2018-04-26,8.899999618530273,8.899999618530273,8.899999618530273,8.899999618530273,900,TATT
2018-04-27,8.75,8.899999618530273,8.75,8.899999618530273,300,TATT
2018-04-30,8.600000381469727,8.75,8.600000381469727,8.75,3700,TATT
2018-05-01,8.399999618530273,8.600000381469727,8.399999618530273,8.550000190734863,1500,TATT
2018-05-02,8.300000190734863,8.449999809265137,8.300000190734863,8.399999618530273,1600,TATT
2018-05-03,8.399999618530273,8.399999618530273,8.25,8.300000190734863,1200,TATT
2018-05-04,8.149999618530273,8.350000381469727,8.100000381469727,8.100000381469727,5200,TATT
2018-05-07,8.050000190734863,8.300000190734863,8.0,8.100000381469727,4000,TATT
2018-05-08,8.300000190734863,8.350000381469727,8.199999809265137,8.25,2700,TATT
2018-05-09,8.399999618530273,8.5,7.849999904632568,8.5,6700,TATT
2018-05-10,8.109999656677246,8.25,8.109999656677246,8.25,6200,TATT
2018-05-11,8.550000190734863,8.550000190734863,8.199999809265137,8.550000190734863,3400,TATT
2018-05-14,8.199999809265137,8.199999809265137,8.199999809265137,8.199999809265137,2200,TATT
2018-05-15,8.199999809265137,8.229999542236328,8.199999809265137,8.229999542236328,1700,TATT
2018-05-16,8.199999809265137,8.199999809265137,7.849999904632568,8.199999809265137,4000,TATT
2018-05-17,8.229999542236328,8.359999656677246,8.149999618530273,8.199999809265137,4300,TATT
2018-05-18,8.319999694824219,8.449999809265137,8.319999694824219,8.40999984741211,4400,TATT
2018-05-21,8.199999809265137,8.300000190734863,8.199999809265137,8.300000190734863,2700,TATT
2018-05-22,8.350000381469727,8.40999984741211,8.350000381469727,8.350000381469727,1600,TATT
2018-05-23,8.449999809265137,8.449999809265137,8.25,8.25,200,TATT
2018-05-24,8.199999809265137,8.449999809265137,8.199999809265137,8.449999809265137,2300,TATT
2018-05-25,8.25,8.3100004196167,8.199999809265137,8.199999809265137,10500,TATT
2018-05-29,8.149999618530273,8.210000038146973,8.149999618530273,8.199999809265137,2900,TATT
2018-05-30,8.029999732971191,8.199999809265137,7.75,8.199999809265137,3400,TATT
2018-05-31,7.960000038146973,8.0,7.940000057220459,7.940000057220459,1800,TATT
2018-06-01,7.929999828338623,8.050000190734863,7.849999904632568,8.050000190734863,2800,TATT
2018-06-04,7.800000190734863,7.849999904632568,7.800000190734863,7.800000190734863,23500,TATT
2018-06-05,7.630000114440918,7.849999904632568,7.519999980926514,7.849999904632568,7500,TATT
2018-06-06,7.550000190734863,7.590000152587891,7.5,7.550000190734863,17000,TATT
2018-06-07,7.75,7.849999904632568,7.699999809265137,7.699999809265137,8200,TATT
2018-06-08,7.699999809265137,8.0,7.699999809265137,7.75,400,TATT
2018-06-11,7.920000076293945,8.050000190734863,7.800000190734863,7.800000190734863,4800,TATT
2018-06-12,8.0,8.300000190734863,7.949999809265137,8.050000190734863,16600,TATT
2018-06-13,8.25,8.25,8.199999809265137,8.199999809265137,1200,TATT
2018-06-14,8.350000381469727,8.350000381469727,8.350000381469727,8.350000381469727,3200,TATT
2018-06-15,8.350000381469727,8.350000381469727,8.350000381469727,8.350000381469727,1000,TATT
2018-06-18,8.0,8.470000267028809,7.96999979019165,8.380000114440918,12400,TATT
2018-06-19,8.0,8.050000190734863,7.949999809265137,8.050000190734863,3000,TATT
2018-06-20,8.149999618530273,8.149999618530273,8.149999618530273,8.149999618530273,500,TATT
2018-06-21,7.900000095367432,7.980000019073486,7.900000095367432,7.980000019073486,1600,TATT
2018-06-22,7.980000019073486,8.130000114440918,7.980000019073486,8.130000114440918,1600,TATT
2018-06-25,7.75,8.050000190734863,7.650000095367432,8.050000190734863,3600,TATT
2018-06-26,8.0,8.0,7.800000190734863,7.800000190734863,500,TATT
2018-06-27,7.849999904632568,8.149999618530273,7.849999904632568,8.149999618530273,400,TATT
2018-06-28,7.849999904632568,7.849999904632568,7.849999904632568,7.849999904632568,0,TATT
2018-06-29,7.75,8.15999984741211,7.650000095367432,7.800000190734863,3300,TATT
2018-07-02,7.75,7.75,7.75,7.75,700,TATT
2018-07-03,7.800000190734863,7.800000190734863,7.75,7.75,400,TATT
2018-07-05,7.71999979019165,7.800000190734863,7.699999809265137,7.699999809265137,2200,TATT
2018-07-06,7.599999904632568,7.760000228881836,7.599999904632568,7.760000228881836,500,TATT
2018-07-09,7.599999904632568,7.599999904632568,7.550000190734863,7.550000190734863,800,TATT
2018-07-10,7.5,7.599999904632568,7.5,7.599999904632568,7500,TATT
2018-07-11,7.639999866485596,7.639999866485596,7.5,7.5,700,TATT
2018-07-12,7.480000019073486,7.5,7.199999809265137,7.5,1100,TATT
2018-07-13,7.480000019073486,7.480000019073486,7.480000019073486,7.480000019073486,0,TATT
2018-07-16,7.550000190734863,7.550000190734863,7.5,7.5,2400,TATT
2018-07-17,7.650000095367432,7.699999809265137,7.550000190734863,7.599999904632568,2200,TATT
2018-07-18,7.550000190734863,7.550000190734863,7.550000190734863,7.550000190734863,200,TATT
2018-07-19,7.550000190734863,7.599999904632568,7.550000190734863,7.599999904632568,500,TATT
2018-07-20,7.5,7.5,7.349999904632568,7.349999904632568,1300,TATT
2018-07-23,7.659999847412109,7.710000038146973,7.599999904632568,7.650000095367432,2800,TATT
2018-07-24,7.599999904632568,7.599999904632568,7.599999904632568,7.599999904632568,100,TATT
2018-07-25,7.699999809265137,7.699999809265137,7.699999809265137,7.699999809265137,400,TATT
2018-07-26,7.829999923706055,7.829999923706055,7.650000095367432,7.650000095367432,500,TATT
2018-07-27,7.800000190734863,7.800000190734863,7.800000190734863,7.800000190734863,400,TATT
2018-07-30,7.550000190734863,7.75,7.550000190734863,7.75,6100,TATT
2018-07-31,7.550000190734863,7.550000190734863,7.550000190734863,7.550000190734863,500,TATT
2018-08-01,7.550000190734863,7.900000095367432,7.5,7.5,1200,TATT
2018-08-02,7.349999904632568,7.550000190734863,7.349999904632568,7.550000190734863,3500,TATT
2018-08-03,7.400000095367432,7.400000095367432,7.400000095367432,7.400000095367432,200,TATT
2018-08-06,7.429999828338623,7.429999828338623,7.269999980926514,7.349999904632568,600,TATT
2018-08-07,7.25,7.300000190734863,7.25,7.300000190734863,6000,TATT
2018-08-08,7.349999904632568,7.349999904632568,7.25,7.25,2200,TATT
2018-08-09,7.349999904632568,7.349999904632568,7.349999904632568,7.349999904632568,1400,TATT
2018-08-10,7.340000152587891,7.340000152587891,7.289999961853027,7.289999961853027,2000,TATT
2018-08-13,7.21999979019165,7.25,7.21999979019165,7.25,1200,TATT
2018-08-14,7.269999980926514,7.300000190734863,7.21999979019165,7.300000190734863,1300,TATT
2018-08-15,7.300000190734863,7.349999904632568,7.199999809265137,7.199999809265137,600,TATT
2018-08-16,7.349999904632568,7.349999904632568,7.210000038146973,7.210000038146973,600,TATT
2018-08-17,7.349999904632568,7.349999904632568,7.349999904632568,7.349999904632568,1000,TATT
2018-08-20,7.349999904632568,7.449999809265137,7.199999809265137,7.300000190734863,4300,TATT
2018-08-21,7.199999809265137,7.349999904632568,7.199999809265137,7.300000190734863,600,TATT
2018-08-22,7.199999809265137,7.349999904632568,7.199999809265137,7.25,4600,TATT
2018-08-23,7.199999809265137,7.449999809265137,7.199999809265137,7.400000095367432,11300,TATT
2018-08-24,7.25,7.349999904632568,7.199999809265137,7.300000190734863,14000,TATT
2018-08-27,7.199999809265137,7.25,7.150000095367432,7.199999809265137,10100,TATT
2018-08-28,7.199999809265137,7.199999809265137,7.119999885559082,7.179999828338623,17700,TATT
2018-08-29,7.150000095367432,7.150000095367432,7.050000190734863,7.050000190734863,3600,TATT
2018-08-30,7.150000095367432,7.150000095367432,7.099999904632568,7.099999904632568,800,TATT
2018-08-31,6.699999809265137,7.0,6.400000095367432,7.0,264500,TATT
2018-09-04,6.949999809265137,7.0,6.800000190734863,6.849999904632568,15900,TATT
2018-09-05,6.599999904632568,6.900000095367432,6.5,6.900000095367432,20300,TATT
2018-09-06,6.5,6.650000095367432,6.5,6.650000095367432,4800,TATT
2018-09-07,6.5,6.800000190734863,6.400000095367432,6.800000190734863,2800,TATT
2018-09-10,6.550000190734863,6.550000190734863,6.449999809265137,6.449999809265137,700,TATT
2018-09-11,6.550000190734863,6.550000190734863,6.5,6.5,8100,TATT
2018-09-12,6.5,6.650000095367432,6.5,6.650000095367432,1700,TATT
2018-09-13,6.800000190734863,7.099999904632568,6.699999809265137,6.849999904632568,24600,TATT
2018-09-14,6.900000095367432,6.900000095367432,6.75,6.75,7100,TATT
2018-09-17,6.900000095367432,6.900000095367432,6.900000095367432,6.900000095367432,0,TATT
2018-09-18,6.900000095367432,6.900000095367432,6.849999904632568,6.849999904632568,900,TATT
2018-09-19,6.800000190734863,7.050000190734863,6.800000190734863,6.800000190734863,2100,TATT
2018-09-20,6.900000095367432,6.949999809265137,6.849999904632568,6.849999904632568,3100,TATT
2018-09-21,6.849999904632568,6.900000095367432,6.849999904632568,6.900000095367432,2900,TATT
2018-09-24,6.849999904632568,6.900000095367432,6.849999904632568,6.849999904632568,1000,TATT
2018-09-25,6.849999904632568,6.849999904632568,6.849999904632568,6.849999904632568,0,TATT
2018-09-26,6.849999904632568,6.849999904632568,6.849999904632568,6.849999904632568,900,TATT
2018-09-27,6.900000095367432,6.900000095367432,6.829999923706055,6.829999923706055,900,TATT
2018-09-28,6.900000095367432,6.929999828338623,6.889999866485596,6.889999866485596,1600,TATT
2018-10-01,6.869999885559082,6.869999885559082,6.760000228881836,6.809999942779541,9100,TATT
2018-10-02,6.869999885559082,6.869999885559082,6.869999885559082,6.869999885559082,0,TATT
2018-10-03,6.860000133514404,6.860000133514404,6.860000133514404,6.860000133514404,900,TATT
2018-10-04,6.860000133514404,6.860000133514404,6.860000133514404,6.860000133514404,0,TATT
2018-10-05,6.789999961853027,6.789999961853027,6.610000133514404,6.610000133514404,900,TATT
2018-10-08,6.650000095367432,6.800000190734863,6.519999980926514,6.800000190734863,2700,TATT
2018-10-09,6.71999979019165,6.800000190734863,6.659999847412109,6.789999961853027,3700,TATT
2018-10-10,6.71999979019165,6.71999979019165,6.71999979019165,6.71999979019165,1500,TATT
2018-10-11,6.75,6.75,6.699999809265137,6.699999809265137,200,TATT
2018-10-12,6.75,6.75,6.75,6.75,0,TATT
2018-10-15,6.75,6.75,6.75,6.75,0,TATT
2018-10-16,6.739999771118164,6.739999771118164,6.739999771118164,6.739999771118164,700,TATT
2018-10-17,6.840000152587891,6.849999904632568,6.840000152587891,6.849999904632568,700,TATT
2018-10-18,6.739999771118164,6.739999771118164,6.71999979019165,6.71999979019165,600,TATT
2018-10-19,6.650000095367432,6.730000019073486,6.650000095367432,6.730000019073486,600,TATT
2018-10-22,6.650000095367432,6.650000095367432,6.650000095367432,6.650000095367432,0,TATT
2018-10-23,6.699999809265137,6.699999809265137,6.699999809265137,6.699999809265137,1000,TATT
2018-10-24,6.829999923706055,6.829999923706055,6.699999809265137,6.699999809265137,1800,TATT
2018-10-25,6.71999979019165,6.71999979019165,6.699999809265137,6.699999809265137,700,TATT
2018-10-26,6.699999809265137,6.730000019073486,6.699999809265137,6.699999809265137,2300,TATT
2018-10-29,6.550000190734863,6.690000057220459,6.550000190734863,6.659999847412109,6500,TATT
2018-10-30,6.78000020980835,6.789999961853027,6.78000020980835,6.78000020980835,300,TATT
2018-10-31,6.639999866485596,6.78000020980835,6.570000171661377,6.78000020980835,2100,TATT
2018-11-01,6.789999961853027,6.800000190734863,6.699999809265137,6.699999809265137,2600,TATT
2018-11-02,6.699999809265137,6.699999809265137,6.699999809265137,6.699999809265137,100,TATT
2018-11-05,6.800000190734863,6.800000190734863,6.699999809265137,6.699999809265137,3300,TATT
2018-11-06,6.940000057220459,6.940000057220459,6.940000057220459,6.940000057220459,1200,TATT
2018-11-07,7.0,7.099999904632568,6.730000019073486,6.730000019073486,2600,TATT
2018-11-08,7.0,7.0,7.0,7.0,0,TATT
2018-11-09,7.0,7.199999809265137,6.699999809265137,6.699999809265137,1600,TATT
2018-11-12,6.980000019073486,6.980000019073486,6.980000019073486,6.980000019073486,100,TATT
2018-11-13,6.900000095367432,6.900000095367432,6.730000019073486,6.869999885559082,1700,TATT
2018-11-14,6.909999847412109,7.210000038146973,6.849999904632568,6.849999904632568,3200,TATT
2018-11-15,6.920000076293945,6.920000076293945,6.920000076293945,6.920000076293945,100,TATT
2018-11-16,6.940000057220459,6.940000057220459,6.940000057220459,6.940000057220459,1000,TATT
2018-11-19,6.96999979019165,6.96999979019165,6.96999979019165,6.96999979019165,500,TATT
2018-11-20,6.980000019073486,6.989999771118164,6.849999904632568,6.909999847412109,2800,TATT
2018-11-21,7.0,7.0,6.809999942779541,6.820000171661377,1100,TATT
2018-11-23,7.099999904632568,7.099999904632568,7.099999904632568,7.099999904632568,400,TATT
2018-11-26,7.170000076293945,7.179999828338623,6.980000019073486,6.980000019073486,900,TATT
2018-11-27,7.110000133514404,7.170000076293945,7.110000133514404,7.170000076293945,700,TATT
2018-11-28,7.349999904632568,7.349999904632568,7.0,7.0,600,TATT
2018-11-29,6.650000095367432,6.96999979019165,6.619999885559082,6.860000133514404,10400,TATT
2018-11-30,6.639999866485596,6.75,6.550000190734863,6.75,8500,TATT
2018-12-03,6.590000152587891,6.590000152587891,6.590000152587891,6.590000152587891,300,TATT
2018-12-04,6.590000152587891,6.590000152587891,6.590000152587891,6.590000152587891,0,TATT
2018-12-06,6.739999771118164,6.739999771118164,6.71999979019165,6.739999771118164,1000,TATT
2018-12-07,6.539999961853027,6.539999961853027,6.5,6.5,1300,TATT
2018-12-10,6.5,6.5,6.5,6.5,400,TATT
2018-12-11,6.400000095367432,6.400000095367432,6.400000095367432,6.400000095367432,400,TATT
2018-12-12,6.489999771118164,6.730000019073486,6.400000095367432,6.400000095367432,2800,TATT
2018-12-13,6.489999771118164,6.489999771118164,6.489999771118164,6.489999771118164,0,TATT
2018-12-14,6.440000057220459,6.590000152587891,6.429999828338623,6.590000152587891,700,TATT
2018-12-17,6.409999847412109,6.409999847412109,6.409999847412109,6.409999847412109,500,TATT
2018-12-18,6.53000020980835,6.679999828338623,6.400000095367432,6.400000095367432,2300,TATT
2018-12-19,6.400000095367432,6.429999828338623,6.400000095367432,6.429999828338623,300,TATT
2018-12-20,6.260000228881836,6.400000095367432,6.260000228881836,6.400000095367432,3100,TATT
2018-12-21,6.260000228881836,6.260000228881836,6.260000228881836,6.260000228881836,0,TATT
2018-12-24,5.860000133514404,6.050000190734863,5.860000133514404,6.050000190734863,1800,TATT
2018-12-26,6.099999904632568,6.199999809265137,5.849999904632568,6.199999809265137,3400,TATT
2018-12-27,6.099999904632568,6.099999904632568,6.099999904632568,6.099999904632568,100,TATT
2018-12-28,6.0,6.099999904632568,5.860000133514404,5.860000133514404,1600,TATT
2018-12-31,6.150000095367432,6.239999771118164,5.869999885559082,6.239999771118164,7100,TATT
2019-01-02,6.150000095367432,6.150000095367432,6.150000095367432,6.150000095367432,0,TATT
2019-01-03,6.659999847412109,6.659999847412109,6.050000190734863,6.050000190734863,1100,TATT
2019-01-04,6.099999904632568,6.099999904632568,6.099999904632568,6.099999904632568,100,TATT
2019-01-07,6.25,6.25,6.25,6.25,200,TATT
2019-01-08,6.25,6.25,6.25,6.25,100,TATT
2019-01-09,6.25,6.25,6.25,6.25,0,TATT
2019-01-10,6.309999942779541,6.369999885559082,6.309999942779541,6.340000152587891,2100,TATT
2019-01-11,6.309999942779541,6.309999942779541,6.309999942779541,6.309999942779541,0,TATT
2019-01-14,6.5,6.5,6.420000076293945,6.420000076293945,300,TATT
2019-01-15,6.630000114440918,6.630000114440918,5.989999771118164,6.510000228881836,5100,TATT
2019-01-16,6.630000114440918,6.630000114440918,6.630000114440918,6.630000114440918,0,TATT
2019-01-17,6.630000114440918,6.630000114440918,6.630000114440918,6.630000114440918,0,TATT
2019-01-18,6.610000133514404,6.610000133514404,6.570000171661377,6.570000171661377,600,TATT
2019-01-22,6.510000228881836,6.510000228881836,6.510000228881836,6.510000228881836,900,TATT
2019-01-23,6.760000228881836,7.070000171661377,6.610000133514404,6.730000019073486,11900,TATT
2019-01-24,6.980000019073486,7.0,6.230000019073486,6.889999866485596,30800,TATT
2019-01-25,6.75,6.889999866485596,6.670000076293945,6.889999866485596,2900,TATT
2019-01-28,6.75,6.75,6.75,6.75,0,TATT
2019-01-29,6.75,6.75,6.75,6.75,0,TATT
2019-01-30,6.75,6.75,6.75,6.75,0,TATT
2019-01-31,6.840000152587891,6.989999771118164,6.760000228881836,6.820000171661377,4700,TATT
2019-02-01,6.650000095367432,6.650000095367432,6.650000095367432,6.650000095367432,200,TATT
2019-02-04,6.900000095367432,6.900000095367432,6.699999809265137,6.699999809265137,4900,TATT
2019-02-05,6.900000095367432,6.900000095367432,6.900000095367432,6.900000095367432,0,TATT
2019-02-06,6.650000095367432,6.699999809265137,6.590000152587891,6.699999809265137,2900,TATT
2019-02-07,6.650000095367432,6.650000095367432,6.650000095367432,6.650000095367432,0,TATT
2019-02-08,6.599999904632568,6.599999904632568,6.320000171661377,6.320000171661377,1100,TATT
2019-02-11,6.389999866485596,6.389999866485596,6.320000171661377,6.320000171661377,800,TATT
2019-02-12,6.389999866485596,6.389999866485596,6.389999866485596,6.389999866485596,0,TATT
2019-02-13,6.599999904632568,6.599999904632568,6.050000190734863,6.050000190734863,400,TATT
2019-02-14,6.599999904632568,6.599999904632568,6.599999904632568,6.599999904632568,0,TATT
2019-02-15,6.599999904632568,6.599999904632568,6.599999904632568,6.599999904632568,100,TATT
2019-02-19,6.820000171661377,6.820000171661377,6.519999980926514,6.519999980926514,5200,TATT
2019-02-20,6.820000171661377,6.820000171661377,6.820000171661377,6.820000171661377,0,TATT
2019-02-21,6.820000171661377,6.820000171661377,6.820000171661377,6.820000171661377,100,TATT
2019-02-22,6.429999828338623,6.429999828338623,6.429999828338623,6.429999828338623,900,TATT
2019-02-25,6.670000076293945,6.900000095367432,6.510000228881836,6.889999866485596,3200,TATT
2019-02-26,6.730000019073486,6.730000019073486,6.730000019073486,6.730000019073486,400,TATT
2019-02-27,6.849999904632568,6.949999809265137,6.679999828338623,6.699999809265137,2000,TATT
2019-02-28,6.369999885559082,6.420000076293945,6.369999885559082,6.420000076293945,2100,TATT
2019-03-01,6.630000114440918,6.630000114440918,6.510000228881836,6.510000228881836,700,TATT
2019-03-04,6.659999847412109,6.929999828338623,6.619999885559082,6.630000114440918,2400,TATT
2019-03-05,6.550000190734863,6.659999847412109,6.53000020980835,6.659999847412109,4100,TATT
2019-03-06,6.420000076293945,6.599999904632568,6.420000076293945,6.599999904632568,1500,TATT
2019-03-07,6.519999980926514,6.519999980926514,6.0,6.0,2300,TATT
2019-03-08,6.650000095367432,6.650000095367432,6.210000038146973,6.210000038146973,500,TATT
2019-03-11,6.460000038146973,6.760000228881836,6.199999809265137,6.760000228881836,2700,TATT
2019-03-12,6.429999828338623,6.5,6.409999847412109,6.5,1400,TATT
2019-03-13,6.269999980926514,6.269999980926514,6.179999828338623,6.190000057220459,900,TATT
2019-03-14,6.269999980926514,6.269999980926514,6.269999980926514,6.269999980926514,0,TATT
2019-03-15,6.300000190734863,6.300000190734863,6.110000133514404,6.130000114440918,3600,TATT
2019-03-18,6.199999809265137,6.199999809265137,6.110000133514404,6.110000133514404,1100,TATT
2019-03-19,6.199999809265137,6.300000190734863,6.199999809265137,6.210000038146973,2900,TATT
2019-03-20,6.199999809265137,6.199999809265137,6.199999809265137,6.199999809265137,0,TATT
2019-03-21,6.429999828338623,6.429999828338623,6.429999828338623,6.429999828338623,700,TATT
2019-03-22,6.429999828338623,6.429999828338623,6.429999828338623,6.429999828338623,0,TATT
2019-03-25,6.360000133514404,6.699999809265137,6.360000133514404,6.699999809265137,300,TATT
2019-03-26,6.599999904632568,6.599999904632568,6.599999904632568,6.599999904632568,100,TATT
2019-03-27,6.599999904632568,6.599999904632568,6.599999904632568,6.599999904632568,100,TATT
2019-03-28,6.199999809265137,6.360000133514404,6.010000228881836,6.010000228881836,5100,TATT
2019-03-29,6.079999923706055,6.199999809265137,6.079999923706055,6.199999809265137,900,TATT
2019-04-01,6.449999809265137,6.550000190734863,6.269999980926514,6.409999847412109,1800,TATT
2019-04-02,6.449999809265137,6.449999809265137,6.449999809265137,6.449999809265137,100,TATT
2019-04-03,6.449999809265137,6.449999809265137,6.449999809265137,6.449999809265137,100,TATT
2019-04-04,6.400000095367432,6.5,6.28000020980835,6.5,5800,TATT
2019-04-05,6.480000019073486,6.480000019073486,6.420000076293945,6.420000076293945,2600,TATT
2019-04-08,6.409999847412109,6.409999847412109,6.199999809265137,6.380000114440918,1200,TATT
2019-04-09,6.400000095367432,6.400000095367432,6.239999771118164,6.239999771118164,200,TATT
2019-04-10,6.400000095367432,6.400000095367432,6.400000095367432,6.400000095367432,100,TATT
2019-04-11,6.420000076293945,6.420000076293945,6.420000076293945,6.420000076293945,100,TATT
2019-04-12,6.420000076293945,6.420000076293945,6.420000076293945,6.420000076293945,0,TATT
2019-04-15,6.639999866485596,6.920000076293945,6.5,6.5,24200,TATT
2019-04-16,6.71999979019165,6.71999979019165,6.71999979019165,6.71999979019165,200,TATT
2019-04-17,6.71999979019165,6.71999979019165,6.71999979019165,6.71999979019165,100,TATT
2019-04-18,6.71999979019165,6.71999979019165,6.71999979019165,6.71999979019165,100,TATT
2019-04-22,6.659999847412109,6.690000057220459,6.28000020980835,6.690000057220459,4300,TATT
2019-04-23,6.46999979019165,6.630000114440918,6.349999904632568,6.409999847412109,10600,TATT
2019-04-24,6.400000095367432,6.400000095367432,6.329999923706055,6.329999923706055,700,TATT
2019-04-25,6.239999771118164,6.28000020980835,6.190000057220459,6.21999979019165,1500,TATT
2019-04-26,6.400000095367432,6.400000095367432,6.25,6.25,600,TATT
2019-04-29,6.449999809265137,6.449999809265137,6.110000133514404,6.110000133514404,1600,TATT
2019-04-30,6.28000020980835,6.300000190734863,6.110000133514404,6.110000133514404,1200,TATT
2019-05-01,6.730000019073486,6.730000019073486,6.730000019073486,6.730000019073486,200,TATT
2019-05-02,6.389999866485596,6.389999866485596,6.389999866485596,6.389999866485596,200,TATT
2019-05-03,6.389999866485596,6.389999866485596,6.389999866485596,6.389999866485596,100,TATT
2019-05-06,6.400000095367432,6.400000095367432,6.400000095367432,6.400000095367432,400,TATT
2019-05-07,6.519999980926514,6.519999980926514,6.519999980926514,6.519999980926514,200,TATT
2019-05-08,6.519999980926514,6.519999980926514,6.519999980926514,6.519999980926514,0,TATT
2019-05-09,6.519999980926514,6.519999980926514,6.519999980926514,6.519999980926514,0,TATT
2019-05-10,6.25,6.630000114440918,6.25,6.630000114440918,700,TATT
2019-05-13,6.099999904632568,6.099999904632568,6.099999904632568,6.099999904632568,200,TATT
2019-05-14,6.489999771118164,6.489999771118164,6.489999771118164,6.489999771118164,100,TATT
2019-05-15,6.079999923706055,6.119999885559082,6.079999923706055,6.119999885559082,1100,TATT
2019-05-16,6.130000114440918,6.130000114440918,6.059999942779541,6.059999942779541,700,TATT
2019-05-17,6.480000019073486,6.480000019073486,6.480000019073486,6.480000019073486,200,TATT
2019-05-20,6.079999923706055,6.079999923706055,6.079999923706055,6.079999923706055,200,TATT
2019-05-21,6.010000228881836,6.110000133514404,6.010000228881836,6.050000190734863,7800,TATT
2019-05-22,5.980000019073486,6.039999961853027,5.900000095367432,6.0,2100,TATT
2019-05-23,5.980000019073486,5.980000019073486,5.980000019073486,5.980000019073486,200,TATT
2019-05-24,5.949999809265137,5.949999809265137,5.900000095367432,5.900000095367432,1100,TATT
2019-05-28,5.949999809265137,5.949999809265137,5.949999809265137,5.949999809265137,0,TATT
2019-05-29,5.980000019073486,5.980000019073486,5.980000019073486,5.980000019073486,400,TATT
2019-05-30,5.980000019073486,6.019999980926514,5.980000019073486,6.0,600,TATT
2019-05-31,5.949999809265137,5.949999809265137,5.909999847412109,5.949999809265137,2700,TATT
2019-06-03,5.769999980926514,5.769999980926514,5.769999980926514,5.769999980926514,4100,TATT
2019-06-04,5.789999961853027,5.789999961853027,5.760000228881836,5.760000228881836,1600,TATT
2019-06-05,5.789999961853027,5.789999961853027,5.789999961853027,5.789999961853027,400,TATT
2019-06-06,5.789999961853027,5.789999961853027,5.789999961853027,5.789999961853027,0,TATT
2019-06-07,5.949999809265137,5.949999809265137,5.900000095367432,5.940000057220459,1600,TATT
2019-06-10,5.949999809265137,5.949999809265137,5.949999809265137,5.949999809265137,0,TATT
2019-06-11,5.849999904632568,5.849999904632568,5.78000020980835,5.800000190734863,1900,TATT
2019-06-12,5.980000019073486,5.980000019073486,5.96999979019165,5.96999979019165,800,TATT
2019-06-13,5.989999771118164,5.989999771118164,5.949999809265137,5.949999809265137,500,TATT
2019-06-14,5.920000076293945,5.940000057220459,5.650000095367432,5.940000057220459,4000,TATT
2019-06-17,5.800000190734863,5.829999923706055,5.800000190734863,5.829999923706055,700,TATT
2019-06-18,5.800000190734863,5.800000190734863,5.800000190734863,5.800000190734863,100,TATT
2019-06-19,5.789999961853027,5.900000095367432,5.789999961853027,5.900000095367432,1700,TATT
2019-06-20,5.739999771118164,5.739999771118164,5.699999809265137,5.699999809265137,1000,TATT
2019-06-21,5.739999771118164,5.739999771118164,5.739999771118164,5.739999771118164,100,TATT
2019-06-24,5.739999771118164,5.739999771118164,5.739999771118164,5.739999771118164,0,TATT
2019-06-25,5.730000019073486,5.840000152587891,5.730000019073486,5.840000152587891,600,TATT
2019-06-26,5.710000038146973,5.889999866485596,5.710000038146973,5.860000133514404,15700,TATT
2019-06-27,5.710000038146973,5.710000038146973,5.710000038146973,5.710000038146973,0,TATT
2019-06-28,5.710000038146973,5.710000038146973,5.710000038146973,5.710000038146973,100,TATT
2019-07-01,5.699999809265137,5.699999809265137,5.699999809265137,5.699999809265137,200,TATT
2019-07-02,5.699999809265137,5.699999809265137,5.699999809265137,5.699999809265137,0,TATT
2019-07-03,5.699999809265137,5.699999809265137,5.699999809265137,5.699999809265137,0,TATT
2019-07-05,5.690000057220459,5.699999809265137,5.650000095367432,5.699999809265137,800,TATT
2019-07-08,5.690000057220459,5.690000057220459,5.690000057220459,5.690000057220459,100,TATT
2019-07-09,5.869999885559082,5.869999885559082,5.869999885559082,5.869999885559082,400,TATT
2019-07-10,5.829999923706055,5.829999923706055,5.829999923706055,5.829999923706055,300,TATT
2019-07-11,5.789999961853027,5.829999923706055,5.699999809265137,5.699999809265137,400,TATT
2019-07-12,5.650000095367432,5.690000057220459,5.650000095367432,5.690000057220459,1300,TATT
2019-07-15,5.650000095367432,5.650000095367432,5.650000095367432,5.650000095367432,0,TATT
2019-07-16,5.989999771118164,5.989999771118164,5.75,5.929999828338623,800,TATT
2019-07-17,5.989999771118164,5.989999771118164,5.989999771118164,5.989999771118164,0,TATT
2019-07-18,5.690000057220459,5.690000057220459,5.690000057220459,5.690000057220459,300,TATT
2019-07-19,5.690000057220459,5.690000057220459,5.690000057220459,5.690000057220459,0,TATT
2019-07-22,5.650000095367432,5.670000076293945,5.650000095367432,5.670000076293945,300,TATT
2019-07-23,5.650000095367432,5.650000095367432,5.650000095367432,5.650000095367432,800,TATT
2019-07-24,5.690000057220459,5.690000057220459,5.659999847412109,5.659999847412109,200,TATT
2019-07-25,5.650000095367432,5.650000095367432,5.650000095367432,5.650000095367432,300,TATT
2019-07-26,5.690000057220459,5.690000057220459,5.690000057220459,5.690000057220459,200,TATT
2019-07-29,5.510000228881836,5.639999866485596,5.510000228881836,5.639999866485596,1700,TATT
2019-07-30,5.510000228881836,5.510000228881836,5.510000228881836,5.510000228881836,1000,TATT
2019-07-31,5.489999771118164,5.489999771118164,5.480000019073486,5.489999771118164,2900,TATT
2019-08-01,5.349999904632568,5.349999904632568,5.349999904632568,5.349999904632568,300,TATT
2019-08-02,5.349999904632568,5.349999904632568,5.349999904632568,5.349999904632568,100,TATT
2019-08-05,5.349999904632568,5.349999904632568,5.349999904632568,5.349999904632568,100,TATT
2019-08-06,5.349999904632568,5.349999904632568,5.349999904632568,5.349999904632568,300,TATT
2019-08-07,5.349999904632568,5.349999904632568,5.349999904632568,5.349999904632568,300,TATT
2019-08-08,5.340000152587891,5.340000152587891,5.340000152587891,5.340000152587891,500,TATT
2019-08-09,5.519999980926514,5.550000190734863,5.519999980926514,5.550000190734863,400,TATT
2019-08-12,5.519999980926514,5.550000190734863,5.519999980926514,5.519999980926514,100,TATT
2019-08-13,5.519999980926514,5.519999980926514,5.519999980926514,5.519999980926514,100,TATT
2019-08-14,5.300000190734863,5.300000190734863,5.260000228881836,5.269999980926514,3500,TATT
2019-08-15,5.019999980926514,5.019999980926514,5.019999980926514,5.019999980926514,200,TATT
2019-08-16,5.309999942779541,5.309999942779541,5.309999942779541,5.309999942779541,200,TATT
2019-08-19,5.150000095367432,5.28000020980835,5.090000152587891,5.28000020980835,1700,TATT
2019-08-20,5.150000095367432,5.150000095367432,5.150000095367432,5.150000095367432,0,TATT
2019-08-21,5.150000095367432,5.150000095367432,5.150000095367432,5.150000095367432,0,TATT
2019-08-22,5.210000038146973,5.210000038146973,5.210000038146973,5.210000038146973,300,TATT
2019-08-23,5.210000038146973,5.210000038146973,5.210000038146973,5.210000038146973,0,TATT
2019-08-26,5.079999923706055,5.090000152587891,5.019999980926514,5.019999980926514,3600,TATT
2019-08-27,5.090000152587891,5.090000152587891,5.090000152587891,5.090000152587891,500,TATT
2019-08-28,4.940000057220459,5.010000228881836,4.940000057220459,5.010000228881836,5800,TATT
2019-08-29,5.039999961853027,5.039999961853027,4.860000133514404,4.920000076293945,2100,TATT
2019-08-30,4.980000019073486,5.199999809265137,4.96999979019165,5.130000114440918,10700,TATT
2019-09-03,4.980000019073486,4.980000019073486,4.980000019073486,4.980000019073486,0,TATT
2019-09-04,4.980000019073486,4.980000019073486,4.980000019073486,4.980000019073486,0,TATT
2019-09-05,4.940000057220459,4.940000057220459,4.940000057220459,4.940000057220459,1400,TATT
2019-09-06,5.0,5.139999866485596,4.949999809265137,5.139999866485596,4700,TATT
2019-09-09,4.889999866485596,4.929999828338623,4.860000133514404,4.920000076293945,5500,TATT
2019-09-10,4.889999866485596,4.889999866485596,4.889999866485596,4.889999866485596,0,TATT
2019-09-11,4.869999885559082,4.989999771118164,4.849999904632568,4.849999904632568,3500,TATT
2019-09-12,4.920000076293945,4.929999828338623,4.920000076293945,4.929999828338623,400,TATT
2019-09-13,4.900000095367432,4.960000038146973,4.900000095367432,4.960000038146973,1300,TATT
2019-09-16,4.900000095367432,4.900000095367432,4.900000095367432,4.900000095367432,100,TATT
2019-09-17,4.900000095367432,4.900000095367432,4.900000095367432,4.900000095367432,0,TATT
2019-09-18,4.920000076293945,4.949999809265137,4.920000076293945,4.949999809265137,1500,TATT
2019-09-19,4.860000133514404,4.860000133514404,4.860000133514404,4.860000133514404,1100,TATT
2019-09-20,4.949999809265137,4.949999809265137,4.860000133514404,4.860000133514404,1600,TATT
2019-09-23,4.880000114440918,4.949999809265137,4.880000114440918,4.949999809265137,700,TATT
2019-09-24,4.900000095367432,4.900000095367432,4.900000095367432,4.900000095367432,200,TATT
2019-09-25,4.900000095367432,4.900000095367432,4.900000095367432,4.900000095367432,0,TATT
2019-09-26,4.929999828338623,4.929999828338623,4.929999828338623,4.929999828338623,100,TATT
2019-09-27,4.820000171661377,4.820000171661377,4.820000171661377,4.820000171661377,200,TATT
2019-09-30,4.840000152587891,4.840000152587891,4.840000152587891,4.840000152587891,1000,TATT
2019-10-01,4.940000057220459,4.940000057220459,4.940000057220459,4.940000057220459,200,TATT
2019-10-02,4.940000057220459,4.940000057220459,4.940000057220459,4.940000057220459,100,TATT
2019-10-03,4.940000057220459,4.940000057220459,4.940000057220459,4.940000057220459,0,TATT
2019-10-04,4.949999809265137,4.949999809265137,4.949999809265137,4.949999809265137,200,TATT
2019-10-07,4.949999809265137,4.949999809265137,4.949999809265137,4.949999809265137,100,TATT
2019-10-08,4.949999809265137,4.949999809265137,4.949999809265137,4.949999809265137,100,TATT
2019-10-09,4.849999904632568,4.849999904632568,4.849999904632568,4.849999904632568,900,TATT
2019-10-10,4.849999904632568,4.849999904632568,4.849999904632568,4.849999904632568,100,TATT
2019-10-11,4.949999809265137,4.949999809265137,4.949999809265137,4.949999809265137,100,TATT
2019-10-14,4.789999961853027,4.829999923706055,4.789999961853027,4.829999923706055,3400,TATT
2019-10-15,4.960000038146973,4.96999979019165,4.940000057220459,4.96999979019165,1000,TATT
2019-10-16,4.809999942779541,4.960000038146973,4.809999942779541,4.929999828338623,4000,TATT
2019-10-17,4.829999923706055,4.829999923706055,4.829999923706055,4.829999923706055,1000,TATT
2019-10-18,4.900000095367432,4.900000095367432,4.900000095367432,4.900000095367432,400,TATT
2019-10-21,4.900000095367432,4.940000057220459,4.900000095367432,4.940000057220459,1500,TATT
2019-10-22,4.900000095367432,4.900000095367432,4.900000095367432,4.900000095367432,0,TATT
2019-10-23,4.949999809265137,4.949999809265137,4.949999809265137,4.949999809265137,500,TATT
2019-10-24,4.980000019073486,5.0,4.980000019073486,4.989999771118164,2500,TATT
2019-10-25,4.909999847412109,5.0,4.909999847412109,5.0,400,TATT
2019-10-28,5.0,5.070000171661377,5.0,5.070000171661377,2300,TATT
2019-10-29,4.980000019073486,4.980000019073486,4.980000019073486,4.980000019073486,500,TATT
2019-10-30,4.96999979019165,5.070000171661377,4.96999979019165,5.070000171661377,1000,TATT
2019-10-31,5.230000019073486,5.300000190734863,4.96999979019165,5.150000095367432,4200,TATT
2019-11-01,5.179999828338623,5.420000076293945,4.849999904632568,5.420000076293945,5700,TATT
2019-11-04,4.929999828338623,4.96999979019165,4.900000095367432,4.900000095367432,8800,TATT
2019-11-05,4.920000076293945,4.96999979019165,4.920000076293945,4.929999828338623,2000,TATT
2019-11-06,4.909999847412109,5.099999904632568,4.900000095367432,5.099999904632568,4100,TATT
2019-11-07,4.920000076293945,4.949999809265137,4.900000095367432,4.929999828338623,10000,TATT
2019-11-08,4.920000076293945,4.920000076293945,4.900000095367432,4.920000076293945,600,TATT
2019-11-11,4.940000057220459,4.989999771118164,4.940000057220459,4.989999771118164,1600,TATT
2019-11-12,5.050000190734863,5.050000190734863,4.980000019073486,5.010000228881836,1900,TATT
2019-11-13,5.050000190734863,5.050000190734863,4.980000019073486,5.050000190734863,3500,TATT
2019-11-14,4.900000095367432,4.960000038146973,4.900000095367432,4.960000038146973,2800,TATT
2019-11-15,4.909999847412109,4.989999771118164,4.909999847412109,4.989999771118164,2500,TATT
2019-11-18,4.929999828338623,5.0,4.909999847412109,4.909999847412109,3600,TATT
2019-11-19,4.920000076293945,4.960000038146973,4.920000076293945,4.960000038146973,1900,TATT
2019-11-20,4.909999847412109,4.96999979019165,4.909999847412109,4.929999828338623,2900,TATT
2019-11-21,4.929999828338623,5.03000020980835,4.929999828338623,5.03000020980835,4200,TATT
2019-11-22,5.03000020980835,5.039999961853027,4.909999847412109,5.0,4100,TATT
2019-11-25,4.929999828338623,5.0,4.929999828338623,4.980000019073486,6000,TATT
2019-11-26,4.960000038146973,4.989999771118164,4.920000076293945,4.920000076293945,2500,TATT
2019-11-27,4.980000019073486,4.980000019073486,4.940000057220459,4.96999979019165,1000,TATT
2019-11-29,5.429999828338623,6.0,5.239999771118164,5.510000228881836,57800,TATT
2019-12-02,5.389999866485596,5.809999942779541,5.389999866485596,5.550000190734863,7000,TATT
2019-12-03,5.269999980926514,5.5,5.239999771118164,5.260000228881836,5500,TATT
2019-12-04,5.389999866485596,5.53000020980835,5.239999771118164,5.53000020980835,1700,TATT
2019-12-05,5.239999771118164,5.380000114440918,5.239999771118164,5.380000114440918,2300,TATT
2019-12-06,5.25,5.25,5.079999923706055,5.25,1900,TATT
2019-12-09,5.119999885559082,5.21999979019165,5.079999923706055,5.079999923706055,2200,TATT
2019-12-10,5.21999979019165,5.21999979019165,5.010000228881836,5.010000228881836,2000,TATT
2019-12-11,5.230000019073486,5.269999980926514,5.230000019073486,5.269999980926514,2600,TATT
2019-12-12,5.199999809265137,5.25,5.199999809265137,5.25,2600,TATT
2019-12-13,5.199999809265137,5.199999809265137,5.199999809265137,5.199999809265137,600,TATT
2019-12-16,5.340000152587891,5.369999885559082,5.110000133514404,5.119999885559082,1500,TATT
2019-12-17,5.099999904632568,5.099999904632568,5.070000171661377,5.090000152587891,2700,TATT
2019-12-18,5.230000019073486,5.230000019073486,5.090000152587891,5.090000152587891,700,TATT
2019-12-19,5.039999961853027,5.039999961853027,5.039999961853027,5.039999961853027,1000,TATT
2019-12-20,5.0,5.230000019073486,4.860000133514404,5.230000019073486,12200,TATT
2019-12-23,5.239999771118164,5.239999771118164,5.039999961853027,5.039999961853027,4100,TATT
2019-12-24,5.039999961853027,5.110000133514404,5.03000020980835,5.110000133514404,1500,TATT
2019-12-26,5.079999923706055,5.099999904632568,5.0,5.0,1700,TATT
2019-12-27,5.050000190734863,5.130000114440918,5.0,5.099999904632568,5200,TATT
2019-12-30,5.03000020980835,5.059999942779541,5.0,5.0,9400,TATT
2019-12-31,5.050000190734863,5.050000190734863,5.010000228881836,5.039999961853027,2900,TATT
2020-01-02,5.0,5.090000152587891,5.0,5.03000020980835,3500,TATT
2020-01-03,5.070000171661377,5.090000152587891,5.0,5.0,1800,TATT
2020-01-06,5.019999980926514,5.059999942779541,5.0,5.039999961853027,4800,TATT
2020-01-07,5.059999942779541,5.059999942779541,5.039999961853027,5.059999942779541,1700,TATT
2020-01-08,5.059999942779541,5.059999942779541,5.059999942779541,5.059999942779541,400,TATT
2020-01-09,5.130000114440918,5.159999847412109,5.010000228881836,5.010000228881836,3200,TATT
2020-01-10,5.059999942779541,5.110000133514404,5.059999942779541,5.110000133514404,1300,TATT
2020-01-13,5.059999942779541,5.059999942779541,5.059999942779541,5.059999942779541,0,TATT
2020-01-14,5.170000076293945,5.25,5.170000076293945,5.25,300,TATT
2020-01-15,5.170000076293945,5.199999809265137,5.139999866485596,5.139999866485596,4900,TATT
2020-01-16,5.159999847412109,5.190000057220459,5.110000133514404,5.110000133514404,2500,TATT
2020-01-17,5.230000019073486,5.239999771118164,5.119999885559082,5.239999771118164,1200,TATT
2020-01-21,5.119999885559082,5.119999885559082,5.110000133514404,5.110000133514404,2900,TATT
2020-01-22,5.25,5.449999809265137,5.21999979019165,5.25,4500,TATT
2020-01-23,5.25,5.25,5.25,5.25,0,TATT
2020-01-24,5.190000057220459,5.25,5.190000057220459,5.199999809265137,2200,TATT
2020-01-27,5.170000076293945,5.170000076293945,5.070000171661377,5.150000095367432,700,TATT
2020-01-28,5.179999828338623,5.179999828338623,5.090000152587891,5.090000152587891,1900,TATT
2020-01-29,5.329999923706055,5.340000152587891,5.260000228881836,5.260000228881836,2600,TATT
2020-01-30,5.329999923706055,5.329999923706055,5.329999923706055,5.329999923706055,0,TATT
2020-01-31,5.099999904632568,5.099999904632568,5.099999904632568,5.099999904632568,300,TATT
2020-02-03,5.28000020980835,5.300000190734863,5.260000228881836,5.300000190734863,700,TATT
2020-02-04,5.300000190734863,5.300000190734863,5.300000190734863,5.300000190734863,300,TATT
2020-02-05,5.179999828338623,5.179999828338623,5.179999828338623,5.179999828338623,800,TATT
2020-02-06,5.119999885559082,5.119999885559082,5.070000171661377,5.070000171661377,800,TATT
2020-02-07,5.119999885559082,5.119999885559082,5.119999885559082,5.119999885559082,0,TATT
2020-02-10,5.090000152587891,5.090000152587891,5.059999942779541,5.059999942779541,1300,TATT
2020-02-11,5.090000152587891,5.090000152587891,5.090000152587891,5.090000152587891,0,TATT
2020-02-12,5.099999904632568,5.139999866485596,5.059999942779541,5.139999866485596,3400,TATT
2020-02-13,5.110000133514404,5.110000133514404,5.070000171661377,5.070000171661377,1100,TATT
2020-02-14,5.230000019073486,5.239999771118164,5.139999866485596,5.239999771118164,300,TATT
2020-02-18,5.070000171661377,5.099999904632568,5.070000171661377,5.070000171661377,2900,TATT
2020-02-19,5.070000171661377,5.070000171661377,5.070000171661377,5.070000171661377,0,TATT
2020-02-20,5.070000171661377,5.070000171661377,5.070000171661377,5.070000171661377,1400,TATT
2020-02-21,5.130000114440918,5.130000114440918,5.130000114440918,5.130000114440918,100,TATT
2020-02-24,5.130000114440918,5.130000114440918,5.130000114440918,5.130000114440918,0,TATT
2020-02-25,5.0,5.010000228881836,5.0,5.010000228881836,6100,TATT
2020-02-26,5.0,5.0,5.0,5.0,800,TATT
2020-02-27,5.0,5.070000171661377,5.0,5.0,4600,TATT
2020-02-28,5.010000228881836,5.039999961853027,5.0,5.039999961853027,900,TATT
2020-03-02,4.880000114440918,5.0,4.880000114440918,5.0,1300,TATT
2020-03-03,4.889999866485596,4.889999866485596,4.889999866485596,4.889999866485596,200,TATT
2020-03-04,4.880000114440918,5.099999904632568,4.880000114440918,4.889999866485596,2500,TATT
2020-03-05,4.880000114440918,4.880000114440918,4.880000114440918,4.880000114440918,900,TATT
2020-03-06,4.860000133514404,4.900000095367432,4.860000133514404,4.880000114440918,3400,TATT
2020-03-09,4.199999809265137,4.440000057220459,4.199999809265137,4.440000057220459,1800,TATT
2020-03-10,4.170000076293945,4.170000076293945,4.170000076293945,4.170000076293945,1200,TATT
2020-03-11,4.170000076293945,4.170000076293945,4.170000076293945,4.170000076293945,0,TATT
2020-03-12,3.799999952316284,3.9700000286102295,3.6700000762939453,3.950000047683716,4600,TATT
2020-03-13,3.700000047683716,3.809999942779541,3.700000047683716,3.809999942779541,300,TATT
2020-03-16,3.200000047683716,3.5999999046325684,3.200000047683716,3.5999999046325684,12900,TATT
2020-03-17,3.200000047683716,3.2200000286102295,3.200000047683716,3.200000047683716,2500,TATT
2020-03-18,3.0,3.200000047683716,3.0,3.200000047683716,500,TATT
2020-03-19,3.4600000381469727,3.609999895095825,3.200000047683716,3.200000047683716,1000,TATT
2020-03-20,3.140000104904175,3.2899999618530273,3.140000104904175,3.25,1300,TATT
2020-03-23,3.009999990463257,3.009999990463257,3.009999990463257,3.009999990463257,300,TATT
2020-03-24,3.1500000953674316,3.1500000953674316,3.0999999046325684,3.0999999046325684,500,TATT
2020-03-25,3.130000114440918,3.2300000190734863,3.130000114440918,3.2300000190734863,2400,TATT
2020-03-26,3.2300000190734863,3.2799999713897705,3.200000047683716,3.25,4400,TATT
2020-03-27,3.2200000286102295,3.2200000286102295,3.2200000286102295,3.2200000286102295,400,TATT
2020-03-30,3.369999885559082,3.369999885559082,3.0799999237060547,3.0799999237060547,1300,TATT
2020-03-31,3.4800000190734863,3.5299999713897705,3.4600000381469727,3.4600000381469727,1200,TATT
2020-04-01,3.4800000190734863,3.4800000190734863,3.4800000190734863,3.4800000190734863,0,TATT
2020-04-02,3.4800000190734863,3.4800000190734863,3.4800000190734863,3.4800000190734863,0,TATT
2020-04-03,3.4800000190734863,3.4800000190734863,3.4800000190734863,3.4800000190734863,0,TATT
2020-04-06,3.4800000190734863,3.559999942779541,3.4800000190734863,3.559999942779541,5100,TATT
2020-04-07,3.6500000953674316,3.809999942779541,3.4700000286102295,3.5,3300,TATT
2020-04-08,3.75,3.75,3.75,3.75,1800,TATT
2020-04-09,3.4700000286102295,3.8499999046325684,3.4700000286102295,3.799999952316284,8700,TATT
2020-04-13,3.4700000286102295,3.4700000286102295,3.4700000286102295,3.4700000286102295,0,TATT
2020-04-14,3.4700000286102295,3.4700000286102295,3.4700000286102295,3.4700000286102295,0,TATT
2020-04-15,3.950000047683716,3.950000047683716,3.799999952316284,3.799999952316284,2300,TATT
2020-04-16,3.799999952316284,3.950000047683716,3.799999952316284,3.799999952316284,7200,TATT
2020-04-17,3.8299999237060547,4.340000152587891,3.8299999237060547,4.0,6500,TATT
2020-04-20,3.799999952316284,3.799999952316284,3.559999942779541,3.75,1900,TATT
2020-04-21,4.010000228881836,4.010000228881836,4.010000228881836,4.010000228881836,200,TATT
2020-04-22,3.75,4.010000228881836,3.75,4.010000228881836,4100,TATT
2020-04-23,3.549999952316284,3.5999999046325684,3.549999952316284,3.569999933242798,2300,TATT
2020-04-24,3.950000047683716,3.950000047683716,3.950000047683716,3.950000047683716,300,TATT
2020-04-27,4.010000228881836,4.150000095367432,4.0,4.150000095367432,2600,TATT
2020-04-28,4.199999809265137,4.199999809265137,4.0,4.010000228881836,2900,TATT
2020-04-29,4.090000152587891,4.090000152587891,3.7799999713897705,3.990000009536743,800,TATT
2020-04-30,4.0,4.0,4.0,4.0,1200,TATT
2020-05-01,3.9700000286102295,3.9700000286102295,3.9700000286102295,3.9700000286102295,500,TATT
2020-05-04,3.819999933242798,4.010000228881836,3.759999990463257,4.010000228881836,900,TATT
2020-05-05,3.819999933242798,3.819999933242798,3.819999933242798,3.819999933242798,0,TATT
2020-05-06,3.859999895095825,3.859999895095825,3.859999895095825,3.859999895095825,300,TATT
2020-05-07,3.809999942779541,3.869999885559082,3.809999942779541,3.869999885559082,1400,TATT
2020-05-08,3.940000057220459,3.940000057220459,3.7799999713897705,3.819999933242798,5500,TATT
2020-05-11,3.880000114440918,3.880000114440918,3.799999952316284,3.8399999141693115,1400,TATT
2020-05-12,3.7799999713897705,3.7799999713897705,3.7799999713897705,3.7799999713897705,200,TATT
2020-05-13,3.7799999713897705,3.9600000381469727,3.7799999713897705,3.9600000381469727,1700,TATT
2020-05-14,3.7799999713897705,3.7799999713897705,3.7699999809265137,3.7699999809265137,3100,TATT
2020-05-15,3.890000104904175,3.930000066757202,3.6700000762939453,3.6700000762939453,1200,TATT
2020-05-18,3.6500000953674316,3.7799999713897705,3.6500000953674316,3.700000047683716,900,TATT
2020-05-19,3.7300000190734863,3.7300000190734863,3.5899999141693115,3.5899999141693115,600,TATT
2020-05-20,3.759999990463257,3.759999990463257,3.759999990463257,3.759999990463257,200,TATT
2020-05-21,3.680000066757202,3.690000057220459,3.569999933242798,3.690000057220459,2600,TATT
2020-05-22,3.6500000953674316,3.6600000858306885,3.569999933242798,3.569999933242798,2200,TATT
2020-05-26,3.680000066757202,3.680000066757202,3.640000104904175,3.640000104904175,1200,TATT
2020-05-27,3.5799999237060547,3.630000114440918,3.5799999237060547,3.630000114440918,1700,TATT
2020-05-28,3.6700000762939453,3.6700000762939453,3.5999999046325684,3.609999895095825,1100,TATT
2020-05-29,3.759999990463257,3.759999990463257,3.740000009536743,3.740000009536743,1400,TATT
2020-06-01,3.7200000286102295,3.7699999809265137,3.6500000953674316,3.7699999809265137,2500,TATT
2020-06-02,3.690000057220459,3.690000057220459,3.619999885559082,3.619999885559082,700,TATT
2020-06-03,3.690000057220459,3.690000057220459,3.690000057220459,3.690000057220459,0,TATT
2020-06-04,3.7100000381469727,3.9100000858306885,3.5,3.5999999046325684,4600,TATT
2020-06-05,3.8299999237060547,3.8499999046325684,3.700000047683716,3.819999933242798,4900,TATT
2020-06-08,3.9700000286102295,3.990000009536743,3.700000047683716,3.7699999809265137,6900,TATT
2020-06-09,3.9700000286102295,3.9700000286102295,3.7200000286102295,3.9600000381469727,1600,TATT
2020-06-10,3.9000000953674316,3.9100000858306885,3.880000114440918,3.9000000953674316,1000,TATT
2020-06-11,3.9200000762939453,3.930000066757202,3.8499999046325684,3.9000000953674316,4700,TATT
2020-06-12,3.940000057220459,3.990000009536743,3.890000104904175,3.9800000190734863,2500,TATT
2020-06-15,3.7799999713897705,3.9200000762939453,3.700000047683716,3.7100000381469727,3900,TATT
2020-06-16,3.690000057220459,3.940000057220459,3.6600000858306885,3.940000057220459,700,TATT
2020-06-17,3.8499999046325684,3.950000047683716,3.8499999046325684,3.859999895095825,1000,TATT
2020-06-18,3.9800000190734863,4.0,3.809999942779541,3.809999942779541,4600,TATT
2020-06-19,3.990000009536743,3.990000009536743,3.8299999237060547,3.9100000858306885,800,TATT
2020-06-22,3.799999952316284,3.990000009536743,3.799999952316284,3.9200000762939453,1100,TATT
2020-06-23,3.859999895095825,3.9000000953674316,3.809999942779541,3.9000000953674316,1900,TATT
2020-06-24,3.7899999618530273,3.819999933242798,3.7899999618530273,3.799999952316284,2600,TATT
2020-06-25,3.940000057220459,3.940000057220459,3.75,3.75,400,TATT
2020-06-26,3.9000000953674316,3.9000000953674316,3.7799999713897705,3.799999952316284,3500,TATT
2020-06-29,3.9000000953674316,3.9000000953674316,3.7300000190734863,3.869999885559082,2900,TATT
2020-06-30,3.9600000381469727,3.9600000381469727,3.9600000381469727,3.9600000381469727,200,TATT
2020-07-01,3.7200000286102295,3.799999952316284,3.700000047683716,3.799999952316284,3900,TATT
2020-07-02,3.7300000190734863,3.799999952316284,3.7300000190734863,3.799999952316284,800,TATT
2020-07-06,3.4000000953674316,3.630000114440918,3.4000000953674316,3.630000114440918,4800,TATT
2020-07-07,3.700000047683716,3.700000047683716,3.569999933242798,3.569999933242798,1200,TATT
2020-07-08,3.859999895095825,4.21999979019165,3.700000047683716,3.700000047683716,35600,TATT
2020-07-09,3.7699999809265137,3.809999942779541,3.75,3.799999952316284,10700,TATT
2020-07-10,3.809999942779541,3.930000066757202,3.799999952316284,3.799999952316284,5000,TATT
2020-07-13,3.759999990463257,3.809999942779541,3.759999990463257,3.809999942779541,4700,TATT
2020-07-14,3.8299999237060547,3.8299999237060547,3.759999990463257,3.759999990463257,2000,TATT
2020-07-15,3.7699999809265137,3.809999942779541,3.7699999809265137,3.809999942779541,900,TATT
2020-07-16,3.809999942779541,3.8299999237060547,3.759999990463257,3.759999990463257,3900,TATT
2020-07-17,3.8299999237060547,3.8399999141693115,3.7799999713897705,3.8399999141693115,2800,TATT
2020-07-20,3.7799999713897705,3.799999952316284,3.7699999809265137,3.7699999809265137,5800,TATT
2020-07-21,3.7799999713897705,3.799999952316284,3.75,3.75,5700,TATT
2020-07-22,3.75,3.819999933242798,3.75,3.819999933242798,3400,TATT
2020-07-23,3.7300000190734863,3.8399999141693115,3.7300000190734863,3.75,6800,TATT
2020-07-24,3.7799999713897705,3.8399999141693115,3.7799999713897705,3.8399999141693115,400,TATT
2020-07-27,3.740000009536743,3.8499999046325684,3.740000009536743,3.7799999713897705,2800,TATT
2020-07-28,3.7699999809265137,3.799999952316284,3.759999990463257,3.759999990463257,1200,TATT
2020-07-29,3.799999952316284,3.809999942779541,3.799999952316284,3.809999942779541,800,TATT
2020-07-30,3.7300000190734863,3.740000009536743,3.7300000190734863,3.7300000190734863,800,TATT
2020-07-31,3.7300000190734863,3.7300000190734863,3.7300000190734863,3.7300000190734863,0,TATT
2020-08-03,3.759999990463257,3.8299999237060547,3.759999990463257,3.7899999618530273,1100,TATT
2020-08-04,3.7699999809265137,3.890000104904175,3.7699999809265137,3.890000104904175,1000,TATT
2020-08-05,3.7699999809265137,3.8299999237060547,3.7699999809265137,3.8299999237060547,2300,TATT
2020-08-06,3.7899999618530273,3.8299999237060547,3.7899999618530273,3.7899999618530273,1500,TATT
2020-08-07,3.7899999618530273,3.880000114440918,3.7899999618530273,3.880000114440918,2000,TATT
2020-08-10,3.7799999713897705,3.7799999713897705,3.7799999713897705,3.7799999713897705,2100,TATT
2020-08-11,3.680000066757202,3.7200000286102295,3.6600000858306885,3.7200000286102295,7800,TATT
2020-08-12,3.7100000381469727,3.7100000381469727,3.6500000953674316,3.680000066757202,2400,TATT
2020-08-13,3.630000114440918,3.6700000762939453,3.609999895095825,3.609999895095825,900,TATT
2020-08-14,3.680000066757202,3.680000066757202,3.6500000953674316,3.6500000953674316,1600,TATT
2020-08-17,3.880000114440918,3.880000114440918,3.75,3.75,4200,TATT
2020-08-18,3.7799999713897705,3.7799999713897705,3.690000057220459,3.7799999713897705,1000,TATT
2020-08-19,4.050000190734863,4.099999904632568,3.5999999046325684,3.5999999046325684,8200,TATT
2020-08-20,4.309999942779541,4.449999809265137,3.7699999809265137,3.8499999046325684,101500,TATT
2020-08-21,4.269999980926514,4.309999942779541,3.990000009536743,4.309999942779541,25400,TATT
2020-08-24,4.199999809265137,4.420000076293945,3.880000114440918,4.400000095367432,22500,TATT
2020-08-25,4.070000171661377,4.190000057220459,4.050000190734863,4.050000190734863,1700,TATT
2020-08-26,4.0,4.099999904632568,3.869999885559082,3.930000066757202,11800,TATT
2020-08-27,3.7699999809265137,3.940000057220459,3.75,3.940000057220459,9000,TATT
2020-08-28,3.930000066757202,4.130000114440918,3.8499999046325684,4.130000114440918,12600,TATT
2020-08-31,3.9800000190734863,4.059999942779541,3.9200000762939453,3.9200000762939453,5000,TATT
2020-09-01,3.930000066757202,3.9700000286102295,3.9000000953674316,3.9600000381469727,15500,TATT
2020-09-02,3.950000047683716,4.0,3.9000000953674316,3.9700000286102295,3500,TATT
2020-09-03,3.9200000762939453,3.9800000190734863,3.9000000953674316,3.9800000190734863,6600,TATT
2020-09-04,3.940000057220459,3.940000057220459,3.9000000953674316,3.9200000762939453,4400,TATT
2020-09-08,3.9600000381469727,3.9600000381469727,3.9000000953674316,3.940000057220459,4400,TATT
2020-09-09,3.9700000286102295,3.9700000286102295,3.930000066757202,3.9700000286102295,500,TATT
2020-09-10,3.880000114440918,4.110000133514404,3.869999885559082,3.869999885559082,10800,TATT
2020-09-11,4.110000133514404,4.650000095367432,3.9000000953674316,4.099999904632568,223200,TATT
2020-09-14,4.0,4.119999885559082,4.0,4.119999885559082,18400,TATT
2020-09-15,4.0,4.099999904632568,4.0,4.0,12100,TATT
2020-09-16,4.0,4.110000133514404,4.0,4.0,5700,TATT
2020-09-17,4.019999980926514,4.110000133514404,4.0,4.110000133514404,4600,TATT
2020-09-18,4.03000020980835,4.110000133514404,4.0,4.110000133514404,3900,TATT
2020-09-21,4.010000228881836,4.03000020980835,4.0,4.03000020980835,11700,TATT
2020-09-22,4.010000228881836,4.090000152587891,4.010000228881836,4.010000228881836,1100,TATT
2020-09-23,4.0,4.03000020980835,4.0,4.0,900,TATT
2020-09-24,4.019999980926514,4.039999961853027,4.0,4.0,2918600,TATT
2020-09-25,5.820000171661377,7.409999847412109,5.0,7.25,15883600,TATT
2020-09-28,5.599999904632568,5.739999771118164,4.860000133514404,5.21999979019165,627700,TATT
2020-09-29,5.289999961853027,5.400000095367432,5.119999885559082,5.340000152587891,215000,TATT
2020-09-30,4.929999828338623,5.269999980926514,4.920000076293945,5.150000095367432,132600,TATT
2020-10-01,4.590000152587891,5.019999980926514,4.590000152587891,4.900000095367432,96100,TATT
2020-10-02,4.599999904632568,4.829999923706055,4.539999961853027,4.610000133514404,32900,TATT
2020-10-05,4.53000020980835,4.989999771118164,4.5,4.989999771118164,36200,TATT
2020-10-06,4.46999979019165,4.71999979019165,4.460000038146973,4.539999961853027,34800,TATT
2020-10-07,4.420000076293945,4.590000152587891,4.28000020980835,4.550000190734863,28600,TATT
2020-10-08,4.639999866485596,4.75,4.289999961853027,4.440000057220459,62100,TATT
2020-10-09,4.489999771118164,4.730000019073486,4.46999979019165,4.559999942779541,17900,TATT
2020-10-12,4.420000076293945,4.5,4.409999847412109,4.5,9900,TATT
2020-10-13,4.380000114440918,4.429999828338623,4.320000171661377,4.400000095367432,14500,TATT
2020-10-14,4.400000095367432,4.559999942779541,4.289999961853027,4.289999961853027,35900,TATT
2020-10-15,4.320000171661377,4.570000171661377,4.309999942779541,4.349999904632568,13400,TATT
2020-10-16,4.309999942779541,4.420000076293945,4.28000020980835,4.28000020980835,3600,TATT
2020-10-19,4.28000020980835,4.389999866485596,4.260000228881836,4.300000190734863,13200,TATT
2020-10-20,4.21999979019165,4.239999771118164,4.139999866485596,4.179999828338623,17400,TATT
2020-10-21,4.25,4.349999904632568,4.239999771118164,4.25,14100,TATT
2020-10-22,4.300000190734863,4.340000152587891,4.179999828338623,4.320000171661377,2800,TATT
2020-10-23,4.349999904632568,4.46999979019165,4.289999961853027,4.300000190734863,19100,TATT
2020-10-26,4.360000133514404,4.360000133514404,4.210000038146973,4.300000190734863,7600,TATT
2020-10-27,4.360000133514404,4.360000133514404,4.320000171661377,4.349999904632568,1500,TATT
2020-10-28,4.210000038146973,4.309999942779541,4.199999809265137,4.309999942779541,4900,TATT
2020-10-29,4.199999809265137,4.320000171661377,4.179999828338623,4.300000190734863,10500,TATT
2020-10-30,4.119999885559082,4.289999961853027,4.119999885559082,4.190000057220459,10800,TATT
2020-11-02,4.130000114440918,4.199999809265137,4.110000133514404,4.110000133514404,8300,TATT
2020-11-03,4.159999847412109,4.179999828338623,4.130000114440918,4.130000114440918,2100,TATT
2020-11-04,4.119999885559082,4.159999847412109,4.110000133514404,4.139999866485596,6800,TATT
2020-11-05,4.190000057220459,4.389999866485596,4.110000133514404,4.150000095367432,13100,TATT
2020-11-06,4.239999771118164,4.400000095367432,4.130000114440918,4.28000020980835,5900,TATT
2020-11-09,4.300000190734863,4.5,4.170000076293945,4.309999942779541,17500,TATT
2020-11-10,4.380000114440918,4.389999866485596,4.28000020980835,4.340000152587891,6500,TATT
2020-11-11,4.340000152587891,4.409999847412109,4.28000020980835,4.380000114440918,10900,TATT
2020-11-12,4.25,4.449999809265137,4.25,4.440000057220459,20100,TATT
2020-11-13,4.320000171661377,4.429999828338623,4.260000228881836,4.260000228881836,6800,TATT
2020-11-16,4.360000133514404,4.489999771118164,4.340000152587891,4.360000133514404,7200,TATT
2020-11-17,4.480000019073486,4.489999771118164,4.309999942779541,4.429999828338623,8100,TATT
2020-11-18,4.550000190734863,4.599999904632568,4.420000076293945,4.5,18800,TATT
2020-11-19,4.539999961853027,4.579999923706055,4.480000019073486,4.550000190734863,6000,TATT
2020-11-20,4.570000171661377,4.639999866485596,4.539999961853027,4.570000171661377,8000,TATT
2020-11-23,4.630000114440918,4.690000057220459,4.630000114440918,4.639999866485596,5500,TATT
2020-11-24,4.510000228881836,4.690000057220459,4.409999847412109,4.690000057220459,13000,TATT
2020-11-25,4.639999866485596,4.659999847412109,4.559999942779541,4.650000095367432,4400,TATT
2020-11-27,4.619999885559082,4.630000114440918,4.590000152587891,4.590000152587891,1600,TATT
2020-11-30,4.46999979019165,4.650000095367432,4.46999979019165,4.650000095367432,3800,TATT
2020-12-01,4.480000019073486,4.630000114440918,4.449999809265137,4.550000190734863,17800,TATT
2020-12-02,4.460000038146973,4.539999961853027,4.449999809265137,4.449999809265137,1900,TATT
2020-12-03,4.46999979019165,4.519999980926514,4.449999809265137,4.449999809265137,6200,TATT
2020-12-04,4.510000228881836,4.570000171661377,4.460000038146973,4.570000171661377,2700,TATT
2020-12-07,4.539999961853027,4.610000133514404,4.460000038146973,4.5,8500,TATT
2020-12-08,4.630000114440918,4.639999866485596,4.559999942779541,4.590000152587891,16500,TATT
2020-12-09,4.590000152587891,4.699999809265137,4.380000114440918,4.670000076293945,80500,TATT
2020-12-10,4.610000133514404,4.659999847412109,4.539999961853027,4.639999866485596,5400,TATT
2020-12-11,4.570000171661377,4.599999904632568,4.550000190734863,4.579999923706055,3700,TATT
2020-12-14,4.610000133514404,4.710000038146973,4.440000057220459,4.599999904632568,19700,TATT
2020-12-15,4.590000152587891,4.590000152587891,4.440000057220459,4.539999961853027,10200,TATT
2020-12-16,4.590000152587891,4.590000152587891,4.389999866485596,4.559999942779541,9700,TATT
2020-12-17,4.619999885559082,4.639999866485596,4.559999942779541,4.559999942779541,3900,TATT
2020-12-18,4.559999942779541,4.639999866485596,4.5,4.519999980926514,11700,TATT
2020-12-21,4.559999942779541,4.579999923706055,4.449999809265137,4.449999809265137,6100,TATT
2020-12-22,4.460000038146973,4.579999923706055,4.449999809265137,4.519999980926514,3900,TATT
2020-12-23,4.449999809265137,4.5,4.449999809265137,4.5,5800,TATT
2020-12-24,4.389999866485596,4.46999979019165,4.360000133514404,4.360000133514404,10300,TATT
2020-12-28,4.570000171661377,4.619999885559082,4.360000133514404,4.5,17200,TATT
2020-12-29,4.550000190734863,4.619999885559082,4.519999980926514,4.570000171661377,8600,TATT
2020-12-30,4.519999980926514,4.579999923706055,4.449999809265137,4.449999809265137,6700,TATT
2020-12-31,4.53000020980835,4.789999961853027,4.400000095367432,4.400000095367432,45000,TATT
2021-01-04,4.650000095367432,4.829999923706055,4.510000228881836,4.820000171661377,32600,TATT
2021-01-05,5.099999904632568,5.989999771118164,4.599999904632568,4.599999904632568,1088900,TATT
2021-01-06,6.590000152587891,8.34000015258789,6.25,7.619999885559082,29358700,TATT
2021-01-07,6.5,6.690000057220459,5.590000152587891,6.190000057220459,1013700,TATT
2021-01-08,6.21999979019165,6.300000190734863,6.0,6.190000057220459,230000,TATT
2021-01-11,6.139999866485596,6.28000020980835,6.050000190734863,6.059999942779541,85700,TATT
2021-01-12,6.300000190734863,6.409999847412109,6.010000228881836,6.079999923706055,82400,TATT
2021-01-13,6.300000190734863,6.340000152587891,6.079999923706055,6.329999923706055,103700,TATT
2021-01-14,6.440000057220459,6.5,6.099999904632568,6.119999885559082,120700,TATT
2021-01-15,6.179999828338623,6.420000076293945,6.099999904632568,6.269999980926514,60400,TATT
2021-01-19,6.179999828338623,6.380000114440918,6.059999942779541,6.130000114440918,61900,TATT
2021-01-20,6.139999866485596,6.210000038146973,6.0,6.099999904632568,61100,TATT
2021-01-21,6.099999904632568,6.309999942779541,6.0,6.269999980926514,45000,TATT
2021-01-22,5.860000133514404,6.099999904632568,5.809999942779541,6.03000020980835,40300,TATT
2021-01-25,5.849999904632568,5.980000019073486,5.639999866485596,5.96999979019165,74700,TATT
2021-01-26,5.880000114440918,5.940000057220459,5.769999980926514,5.840000152587891,37600,TATT
2021-01-27,5.599999904632568,5.889999866485596,5.559999942779541,5.699999809265137,38500,TATT
2021-01-28,5.579999923706055,5.75,5.46999979019165,5.559999942779541,30500,TATT
2021-01-29,5.579999923706055,5.769999980926514,5.510000228881836,5.699999809265137,11600,TATT
2021-02-01,5.449999809265137,5.599999904632568,5.329999923706055,5.599999904632568,36400,TATT
2021-02-02,5.380000114440918,5.46999979019165,5.320000171661377,5.46999979019165,25700,TATT
2021-02-03,5.480000019073486,5.480000019073486,5.300000190734863,5.440000057220459,17600,TATT
2021-02-04,5.559999942779541,5.630000114440918,5.409999847412109,5.440000057220459,22900,TATT
2021-02-05,5.559999942779541,5.630000114440918,5.449999809265137,5.449999809265137,27000,TATT
2021-02-08,5.800000190734863,5.940000057220459,5.559999942779541,5.559999942779541,112300,TATT
2021-02-09,6.190000057220459,6.239999771118164,5.880000114440918,5.940000057220459,65700,TATT
2021-02-10,5.849999904632568,6.170000076293945,5.809999942779541,6.010000228881836,34600,TATT
2021-02-11,5.800000190734863,6.050000190734863,5.78000020980835,5.929999828338623,21500,TATT
2021-02-12,5.980000019073486,6.039999961853027,5.800000190734863,6.039999961853027,18200,TATT
2021-02-16,6.260000228881836,6.28000020980835,5.900000095367432,5.960000038146973,58000,TATT
2021-02-17,6.050000190734863,6.269999980926514,6.03000020980835,6.150000095367432,26800,TATT
2021-02-18,6.320000171661377,6.46999979019165,6.03000020980835,6.039999961853027,102400,TATT
2021-02-19,6.210000038146973,6.440000057220459,6.150000095367432,6.389999866485596,34600,TATT
2021-02-22,6.110000133514404,6.21999979019165,6.039999961853027,6.110000133514404,23700,TATT
2021-02-23,5.949999809265137,6.210000038146973,5.409999847412109,6.210000038146973,52500,TATT
2021-02-24,5.849999904632568,6.019999980926514,5.800000190734863,5.989999771118164,16100,TATT
2021-02-25,5.760000228881836,6.03000020980835,5.619999885559082,5.940000057220459,13500,TATT
2021-02-26,5.599999904632568,5.829999923706055,5.559999942779541,5.829999923706055,20000,TATT
2021-03-01,5.78000020980835,5.889999866485596,5.590000152587891,5.699999809265137,12700,TATT
2021-03-02,5.71999979019165,5.800000190734863,5.630000114440918,5.789999961853027,4400,TATT
2021-03-03,5.639999866485596,5.739999771118164,5.610000133514404,5.679999828338623,13500,TATT
2021-03-04,5.349999904632568,5.599999904632568,5.210000038146973,5.599999904632568,27700,TATT
2021-03-05,5.309999942779541,5.559999942779541,5.03000020980835,5.349999904632568,25900,TATT
2021-03-08,5.269999980926514,5.389999866485596,5.269999980926514,5.320000171661377,7400,TATT
2021-03-09,5.320000171661377,5.409999847412109,5.199999809265137,5.300000190734863,12000,TATT
2021-03-10,5.340000152587891,5.420000076293945,5.28000020980835,5.320000171661377,8000,TATT
2021-03-11,5.659999847412109,5.869999885559082,5.429999828338623,5.429999828338623,15000,TATT
2021-03-12,5.610000133514404,5.670000076293945,5.449999809265137,5.610000133514404,5100,TATT
2021-03-15,5.590000152587891,5.730000019073486,5.559999942779541,5.730000019073486,6700,TATT
2021-03-16,5.659999847412109,5.809999942779541,5.510000228881836,5.809999942779541,18100,TATT
2021-03-17,5.739999771118164,5.75,5.539999961853027,5.659999847412109,36300,TATT
2021-03-18,5.670000076293945,5.849999904632568,5.639999866485596,5.639999866485596,15600,TATT
2021-03-19,5.639999866485596,5.849999904632568,5.619999885559082,5.619999885559082,8900,TATT
2021-03-22,5.599999904632568,5.809999942779541,5.599999904632568,5.730000019073486,18800,TATT
2021-03-23,5.400000095367432,5.679999828338623,5.400000095367432,5.550000190734863,17900,TATT
2021-03-24,5.400000095367432,5.670000076293945,5.380000114440918,5.559999942779541,16300,TATT
2021-03-25,5.420000076293945,5.559999942779541,5.369999885559082,5.449999809265137,5400,TATT
2021-03-26,5.460000038146973,5.480000019073486,5.360000133514404,5.389999866485596,5600,TATT
2021-03-29,5.21999979019165,5.449999809265137,5.119999885559082,5.449999809265137,28300,TATT
2021-03-30,5.25,5.570000171661377,5.210000038146973,5.210000038146973,24300,TATT
2021-03-31,5.139999866485596,5.440000057220459,5.139999866485596,5.440000057220459,11100,TATT
2021-04-01,5.130000114440918,5.230000019073486,5.099999904632568,5.230000019073486,24400,TATT
2021-04-05,5.099999904632568,5.440000057220459,5.099999904632568,5.269999980926514,27800,TATT
2021-04-06,5.090000152587891,5.199999809265137,5.059999942779541,5.190000057220459,31900,TATT
2021-04-07,5.110000133514404,5.190000057220459,5.039999961853027,5.090000152587891,26200,TATT
2021-04-08,5.139999866485596,5.139999866485596,5.03000020980835,5.130000114440918,20600,TATT
2021-04-09,5.099999904632568,5.159999847412109,5.0,5.159999847412109,30400,TATT
2021-04-12,4.989999771118164,5.090000152587891,4.900000095367432,5.010000228881836,24100,TATT
2021-04-13,4.929999828338623,5.199999809265137,4.880000114440918,4.920000076293945,8700,TATT
2021-04-14,5.0,5.0,4.880000114440918,4.960000038146973,12900,TATT
2021-04-15,5.130000114440918,5.139999866485596,4.900000095367432,4.900000095367432,32200,TATT
2021-04-16,5.0,5.230000019073486,5.0,5.230000019073486,19800,TATT
2021-04-19,5.099999904632568,5.139999866485596,4.989999771118164,5.059999942779541,27400,TATT
2021-04-20,4.989999771118164,5.190000057220459,4.940000057220459,5.099999904632568,10500,TATT
2021-04-21,5.150000095367432,5.320000171661377,4.980000019073486,4.980000019073486,23600,TATT
2021-04-22,5.079999923706055,5.199999809265137,5.039999961853027,5.039999961853027,11100,TATT
2021-04-23,5.099999904632568,5.179999828338623,5.050000190734863,5.050000190734863,4700,TATT
2021-04-26,5.050000190734863,5.21999979019165,5.050000190734863,5.099999904632568,7800,TATT
2021-04-27,5.03000020980835,5.099999904632568,5.03000020980835,5.059999942779541,9900,TATT
2021-04-28,5.050000190734863,5.110000133514404,5.010000228881836,5.03000020980835,4900,TATT
2021-04-29,5.070000171661377,5.150000095367432,5.0,5.050000190734863,5800,TATT
2021-04-30,4.980000019073486,5.090000152587891,4.980000019073486,5.090000152587891,4600,TATT
2021-05-03,5.010000228881836,5.130000114440918,5.0,5.090000152587891,14100,TATT
2021-05-04,5.050000190734863,5.199999809265137,5.010000228881836,5.010000228881836,9200,TATT
2021-05-05,5.150000095367432,5.46999979019165,5.070000171661377,5.139999866485596,89000,TATT
2021-05-06,5.400000095367432,5.449999809265137,5.039999961853027,5.179999828338623,105500,TATT
2021-05-07,5.210000038146973,5.550000190734863,5.170000076293945,5.409999847412109,12300,TATT
2021-05-10,5.320000171661377,5.46999979019165,5.210000038146973,5.46999979019165,24500,TATT
2021-05-11,5.139999866485596,5.210000038146973,5.03000020980835,5.070000171661377,18300,TATT
2021-05-12,5.099999904632568,5.260000228881836,5.039999961853027,5.039999961853027,2700,TATT
2021-05-13,5.119999885559082,5.130000114440918,5.0,5.050000190734863,5700,TATT
2021-05-14,5.449999809265137,5.630000114440918,5.079999923706055,5.539999961853027,65300,TATT
2021-05-17,5.369999885559082,5.5,5.159999847412109,5.400000095367432,58300,TATT
2021-05-18,5.449999809265137,5.579999923706055,5.320000171661377,5.320000171661377,37400,TATT
2021-05-19,5.909999847412109,6.059999942779541,5.550000190734863,5.550000190734863,166900,TATT
2021-05-20,5.71999979019165,6.0,5.71999979019165,6.0,42800,TATT
2021-05-21,5.670000076293945,5.800000190734863,5.559999942779541,5.789999961853027,15200,TATT
2021-05-24,5.610000133514404,5.670000076293945,5.400000095367432,5.599999904632568,25900,TATT
2021-05-25,5.510000228881836,5.789999961853027,5.510000228881836,5.789999961853027,6700,TATT
2021-05-26,5.53000020980835,5.690000057220459,5.489999771118164,5.550000190734863,9300,TATT
2021-05-27,5.699999809265137,5.940000057220459,5.510000228881836,5.570000171661377,2800,TATT
2021-05-28,5.570000171661377,5.730000019073486,5.53000020980835,5.599999904632568,15400,TATT
2021-06-01,5.659999847412109,5.900000095367432,5.590000152587891,5.590000152587891,12700,TATT
2021-06-02,5.650000095367432,5.829999923706055,5.559999942779541,5.78000020980835,15400,TATT
2021-06-03,5.789999961853027,6.099999904632568,5.590000152587891,5.75,103600,TATT
2021-06-04,5.809999942779541,5.989999771118164,5.699999809265137,5.789999961853027,16800,TATT
2021-06-07,5.829999923706055,5.869999885559082,5.739999771118164,5.760000228881836,8400,TATT
2021-06-08,5.75,5.909999847412109,5.739999771118164,5.800000190734863,12200,TATT
2021-06-09,5.920000076293945,6.0,5.809999942779541,5.820000171661377,36400,TATT
2021-06-10,5.989999771118164,6.099999904632568,5.860000133514404,5.949999809265137,97600,TATT
2021-06-11,5.760000228881836,5.989999771118164,5.75,5.920000076293945,16800,TATT
2021-06-14,6.010000228881836,6.440000057220459,5.809999942779541,6.0,136200,TATT
2021-06-15,5.809999942779541,6.070000171661377,5.710000038146973,6.0,44100,TATT
2021-06-16,5.760000228881836,5.960000038146973,5.659999847412109,5.800000190734863,21500,TATT
2021-06-17,5.760000228881836,5.809999942779541,5.690000057220459,5.710000038146973,6500,TATT
2021-06-18,5.71999979019165,5.760000228881836,5.699999809265137,5.71999979019165,4400,TATT
2021-06-21,5.650000095367432,5.78000020980835,5.650000095367432,5.760000228881836,21200,TATT
2021-06-22,5.809999942779541,5.809999942779541,5.639999866485596,5.690000057220459,11100,TATT
2021-06-23,5.71999979019165,5.840000152587891,5.699999809265137,5.840000152587891,4700,TATT
2021-06-24,5.789999961853027,5.820000171661377,5.75,5.820000171661377,7500,TATT
2021-06-25,5.809999942779541,6.139999866485596,5.78000020980835,5.78000020980835,54900,TATT
2021-06-28,5.920000076293945,5.96999979019165,5.75,5.860000133514404,10200,TATT
2021-06-29,5.949999809265137,5.96999979019165,5.78000020980835,5.840000152587891,10400,TATT
2021-06-30,5.960000038146973,6.369999885559082,5.889999866485596,5.940000057220459,84100,TATT
2021-07-01,5.929999828338623,6.039999961853027,5.889999866485596,6.039999961853027,5016300,TATT
2021-07-02,8.449999809265137,10.4399995803833,8.069999694824219,9.800000190734863,34329500,TATT
2021-07-06,7.980000019073486,8.09000015258789,7.199999809265137,7.519999980926514,1525200,TATT
2021-07-07,7.210000038146973,7.989999771118164,6.820000171661377,7.96999979019165,477900,TATT
2021-07-08,7.110000133514404,7.440000057220459,6.940000057220459,6.949999809265137,193000,TATT
2021-07-09,7.179999828338623,7.429999828338623,7.079999923706055,7.170000076293945,78800,TATT
2021-07-12,6.809999942779541,7.110000133514404,6.679999828338623,7.019999980926514,143800,TATT
2021-07-13,6.989999771118164,7.409999847412109,6.679999828338623,6.889999866485596,121000,TATT
2021-07-14,6.690000057220459,7.0,6.5,6.880000114440918,64300,TATT
2021-07-15,6.929999828338623,7.0,6.519999980926514,6.590000152587891,45800,TATT
2021-07-16,6.820000171661377,7.010000228881836,6.690000057220459,7.010000228881836,53000,TATT
2021-07-19,6.550000190734863,6.730000019073486,6.400000095367432,6.650000095367432,51800,TATT
2021-07-20,6.550000190734863,6.699999809265137,6.409999847412109,6.420000076293945,37300,TATT
2021-07-21,6.739999771118164,6.940000057220459,6.579999923706055,6.659999847412109,77500,TATT
2021-07-22,6.449999809265137,6.869999885559082,6.449999809265137,6.659999847412109,38000,TATT
2021-07-23,6.409999847412109,6.539999961853027,6.230000019073486,6.539999961853027,34300,TATT
2021-07-26,6.400000095367432,6.5,6.320000171661377,6.429999828338623,23700,TATT
2021-07-27,6.349999904632568,6.409999847412109,6.230000019073486,6.409999847412109,22600,TATT
2021-07-28,6.489999771118164,6.579999923706055,6.289999961853027,6.389999866485596,20800,TATT
2021-07-29,6.349999904632568,6.570000171661377,6.28000020980835,6.570000171661377,10900,TATT
2021-07-30,6.309999942779541,6.409999847412109,6.300000190734863,6.409999847412109,14900,TATT
2021-08-02,6.360000133514404,6.619999885559082,6.349999904632568,6.440000057220459,17900,TATT
2021-08-03,6.400000095367432,6.510000228881836,6.289999961853027,6.409999847412109,27900,TATT
2021-08-04,6.380000114440918,6.510000228881836,6.28000020980835,6.46999979019165,38600,TATT
2021-08-05,6.260000228881836,6.389999866485596,6.260000228881836,6.369999885559082,15000,TATT
2021-08-06,6.300000190734863,6.329999923706055,6.230000019073486,6.309999942779541,27000,TATT
2021-08-09,6.260000228881836,6.289999961853027,6.210000038146973,6.260000228881836,21900,TATT
2021-08-10,6.150000095367432,6.260000228881836,6.139999866485596,6.21999979019165,25200,TATT
2021-08-11,6.190000057220459,6.199999809265137,6.150000095367432,6.170000076293945,12500,TATT
2021-08-12,6.090000152587891,6.179999828338623,6.079999923706055,6.150000095367432,18600,TATT
2021-08-13,6.099999904632568,6.210000038146973,6.010000228881836,6.070000171661377,24400,TATT
2021-08-16,6.050000190734863,6.170000076293945,6.050000190734863,6.150000095367432,9800,TATT
2021-08-17,5.75,6.019999980926514,5.730000019073486,5.980000019073486,89800,TATT
2021-08-18,5.889999866485596,5.949999809265137,5.75,5.75,19000,TATT
2021-08-19,5.75,5.880000114440918,5.739999771118164,5.820000171661377,24000,TATT
2021-08-20,5.929999828338623,5.929999828338623,5.75,5.75,12100,TATT
2021-08-23,5.929999828338623,6.0,5.789999961853027,5.800000190734863,12400,TATT
2021-08-24,6.010000228881836,6.260000228881836,5.980000019073486,5.980000019073486,19500,TATT
2021-08-25,5.960000038146973,6.03000020980835,5.940000057220459,6.010000228881836,9000,TATT
2021-08-26,6.03000020980835,6.059999942779541,5.929999828338623,5.949999809265137,4900,TATT
2021-08-27,6.03000020980835,6.099999904632568,5.920000076293945,5.96999979019165,18800,TATT
2021-08-30,5.900000095367432,5.940000057220459,5.829999923706055,5.900000095367432,13300,TATT
2021-08-31,5.980000019073486,6.039999961853027,5.860000133514404,5.860000133514404,8900,TATT
2021-09-01,5.889999866485596,5.989999771118164,5.849999904632568,5.920000076293945,5000,TATT
2021-09-02,5.940000057220459,5.989999771118164,5.860000133514404,5.860000133514404,10500,TATT
2021-09-03,5.809999942779541,5.949999809265137,5.769999980926514,5.900000095367432,7500,TATT
2021-09-07,5.760000228881836,5.889999866485596,5.75,5.809999942779541,9700,TATT
2021-09-08,5.800000190734863,5.849999904632568,5.730000019073486,5.75,15400,TATT
2021-09-09,5.800000190734863,5.889999866485596,5.739999771118164,5.75,7600,TATT
2021-09-10,5.730000019073486,5.829999923706055,5.710000038146973,5.710000038146973,9600,TATT
2021-09-13,5.800000190734863,5.880000114440918,5.71999979019165,5.75,12900,TATT
2021-09-14,5.75,5.78000020980835,5.699999809265137,5.75,6100,TATT
2021-09-15,5.610000133514404,5.809999942779541,5.610000133514404,5.699999809265137,14100,TATT
2021-09-16,5.619999885559082,5.730000019073486,5.53000020980835,5.610000133514404,5600,TATT
2021-09-17,5.519999980926514,5.849999904632568,5.5,5.559999942779541,33800,TATT
2021-09-20,5.659999847412109,5.690000057220459,5.380000114440918,5.400000095367432,33300,TATT
2021-09-21,5.630000114440918,5.730000019073486,5.550000190734863,5.610000133514404,10000,TATT
2021-09-22,5.630000114440918,5.699999809265137,5.579999923706055,5.579999923706055,7100,TATT
2021-09-23,5.710000038146973,5.809999942779541,5.630000114440918,5.699999809265137,3100,TATT
2021-09-24,5.769999980926514,5.840000152587891,5.760000228881836,5.78000020980835,5000,TATT
2021-09-27,5.78000020980835,5.869999885559082,5.769999980926514,5.829999923706055,3000,TATT
2021-09-28,5.920000076293945,6.0,5.769999980926514,6.0,14600,TATT
2021-09-29,5.869999885559082,5.980000019073486,5.760000228881836,5.980000019073486,13800,TATT
2021-09-30,5.829999923706055,5.920000076293945,5.809999942779541,5.849999904632568,7200,TATT
2021-10-01,5.889999866485596,5.889999866485596,5.789999961853027,5.860000133514404,7700,TATT
2021-10-04,5.800000190734863,5.880000114440918,5.800000190734863,5.880000114440918,4100,TATT
2021-10-05,6.300000190734863,6.300000190734863,5.730000019073486,5.789999961853027,24600,TATT
2021-10-06,6.059999942779541,6.25,6.0,6.25,14100,TATT
2021-10-07,6.550000190734863,6.679999828338623,6.139999866485596,6.139999866485596,66900,TATT
2021-10-08,6.25,6.519999980926514,6.210000038146973,6.5,8400,TATT
2021-10-11,6.579999923706055,6.840000152587891,6.289999961853027,6.559999942779541,61100,TATT
2021-10-12,6.380000114440918,6.659999847412109,6.260000228881836,6.659999847412109,15400,TATT
2021-10-13,6.659999847412109,7.0,6.449999809265137,6.519999980926514,68400,TATT
2021-10-14,6.639999866485596,6.739999771118164,6.460000038146973,6.739999771118164,14500,TATT
2021-10-15,6.480000019073486,6.619999885559082,6.429999828338623,6.559999942779541,11500,TATT
2021-10-18,6.409999847412109,6.579999923706055,6.329999923706055,6.480000019073486,20400,TATT
2021-10-19,6.619999885559082,6.71999979019165,6.369999885559082,6.480000019073486,36700,TATT
2021-10-20,6.429999828338623,6.559999942779541,6.400000095367432,6.559999942779541,12200,TATT
2021-10-21,6.579999923706055,6.78000020980835,6.449999809265137,6.559999942779541,47500,TATT
2021-10-22,6.340000152587891,6.519999980926514,6.309999942779541,6.519999980926514,13500,TATT
2021-10-25,6.389999866485596,6.539999961853027,6.28000020980835,6.460000038146973,10900,TATT
2021-10-26,6.349999904632568,6.449999809265137,6.25,6.380000114440918,15600,TATT
2021-10-27,6.179999828338623,6.440000057220459,6.090000152587891,6.389999866485596,11200,TATT
2021-10-28,6.320000171661377,6.369999885559082,6.21999979019165,6.360000133514404,4400,TATT
2021-10-29,6.260000228881836,6.289999961853027,6.190000057220459,6.190000057220459,8100,TATT
2021-11-01,6.53000020980835,6.760000228881836,6.369999885559082,6.380000114440918,48600,TATT
2021-11-02,6.769999980926514,6.889999866485596,6.659999847412109,6.659999847412109,73500,TATT
2021-11-03,6.829999923706055,6.849999904632568,6.699999809265137,6.849999904632568,32000,TATT
2021-11-04,6.710000038146973,6.739999771118164,6.53000020980835,6.579999923706055,5500,TATT
2021-11-05,6.260000228881836,6.400000095367432,5.860000133514404,6.400000095367432,38400,TATT
2021-11-08,6.5,6.519999980926514,6.360000133514404,6.420000076293945,16300,TATT
2021-11-09,6.389999866485596,6.539999961853027,6.25,6.539999961853027,25000,TATT
2021-11-10,6.389999866485596,6.539999961853027,6.03000020980835,6.300000190734863,98800,TATT
2021-11-11,6.320000171661377,6.489999771118164,6.159999847412109,6.380000114440918,9600,TATT
2021-11-12,6.369999885559082,6.46999979019165,6.309999942779541,6.400000095367432,14300,TATT
2021-11-15,6.559999942779541,6.590000152587891,6.420000076293945,6.550000190734863,24600,TATT
2021-11-16,6.510000228881836,6.579999923706055,6.400000095367432,6.510000228881836,12100,TATT
2021-11-17,6.489999771118164,6.630000114440918,6.119999885559082,6.579999923706055,57300,TATT
2021-11-18,6.46999979019165,6.53000020980835,6.349999904632568,6.510000228881836,9100,TATT
2021-11-19,6.570000171661377,6.619999885559082,6.230000019073486,6.230000019073486,34600,TATT
2021-11-22,6.599999904632568,6.75,6.25,6.570000171661377,78600,TATT
2021-11-23,6.53000020980835,6.559999942779541,6.420000076293945,6.550000190734863,14000,TATT
2021-11-24,6.679999828338623,6.679999828338623,6.480000019073486,6.650000095367432,30200,TATT
2021-11-26,6.519999980926514,6.630000114440918,6.329999923706055,6.599999904632568,14300,TATT
2021-11-29,6.480000019073486,6.610000133514404,6.429999828338623,6.46999979019165,11800,TATT
2021-11-30,6.539999961853027,6.539999961853027,6.309999942779541,6.539999961853027,14400,TATT
2021-12-01,6.329999923706055,6.599999904632568,6.150000095367432,6.570000171661377,13900,TATT
2021-12-02,6.289999961853027,6.460000038146973,6.239999771118164,6.349999904632568,9800,TATT
2021-12-03,6.239999771118164,6.28000020980835,6.0,6.199999809265137,7500,TATT
2021-12-06,6.230000019073486,6.360000133514404,6.130000114440918,6.260000228881836,13100,TATT
2021-12-07,6.349999904632568,6.409999847412109,6.28000020980835,6.28000020980835,4000,TATT
2021-12-08,6.349999904632568,6.349999904632568,6.150000095367432,6.349999904632568,2900,TATT
2021-12-09,6.380000114440918,6.679999828338623,6.179999828338623,6.369999885559082,43300,TATT
2021-12-10,6.420000076293945,6.53000020980835,6.239999771118164,6.389999866485596,17600,TATT
2021-12-13,6.400000095367432,6.46999979019165,6.269999980926514,6.369999885559082,6400,TATT
2021-12-14,6.309999942779541,6.380000114440918,6.21999979019165,6.380000114440918,8500,TATT
2021-12-15,6.309999942779541,6.329999923706055,6.119999885559082,6.309999942779541,15700,TATT
2021-12-16,6.269999980926514,6.329999923706055,6.260000228881836,6.329999923706055,1900,TATT
2021-12-17,6.260000228881836,6.28000020980835,6.190000057220459,6.190000057220459,1600,TATT
2021-12-20,6.190000057220459,6.25,6.139999866485596,6.150000095367432,3600,TATT
2021-12-21,6.28000020980835,6.46999979019165,6.159999847412109,6.159999847412109,6200,TATT
2021-12-22,6.309999942779541,6.360000133514404,6.179999828338623,6.349999904632568,4400,TATT
2021-12-23,6.349999904632568,6.360000133514404,6.239999771118164,6.239999771118164,3100,TATT
2021-12-27,6.380000114440918,6.400000095367432,6.190000057220459,6.190000057220459,9300,TATT
2021-12-28,6.389999866485596,6.460000038146973,6.199999809265137,6.360000133514404,26000,TATT
2021-12-29,6.429999828338623,6.440000057220459,6.269999980926514,6.300000190734863,4100,TATT
2021-12-30,6.349999904632568,6.440000057220459,6.349999904632568,6.369999885559082,4200,TATT
2021-12-31,6.309999942779541,6.420000076293945,6.28000020980835,6.360000133514404,9500,TATT
2022-01-03,6.619999885559082,6.960000038146973,6.360000133514404,6.380000114440918,67300,TATT
2022-01-04,6.380000114440918,6.659999847412109,6.210000038146973,6.630000114440918,21800,TATT
2022-01-05,6.650000095367432,6.679999828338623,6.440000057220459,6.5,5900,TATT
2022-01-06,6.420000076293945,6.75,6.329999923706055,6.550000190734863,30900,TATT
2022-01-07,6.579999923706055,6.590000152587891,6.360000133514404,6.409999847412109,1500,TATT
2022-01-10,6.590000152587891,6.590000152587891,6.239999771118164,6.239999771118164,3900,TATT
2022-01-11,6.400000095367432,6.590000152587891,6.309999942779541,6.309999942779541,2300,TATT
2022-01-12,6.380000114440918,6.489999771118164,6.349999904632568,6.460000038146973,7000,TATT
2022-01-13,6.260000228881836,6.449999809265137,6.210000038146973,6.429999828338623,10900,TATT
2022-01-14,6.440000057220459,6.579999923706055,6.199999809265137,6.199999809265137,23800,TATT
2022-01-18,6.5,6.599999904632568,6.409999847412109,6.409999847412109,15500,TATT
2022-01-19,6.260000228881836,6.78000020980835,6.059999942779541,6.510000228881836,57900,TATT
2022-01-20,6.170000076293945,6.389999866485596,6.170000076293945,6.369999885559082,4600,TATT
2022-01-21,6.019999980926514,6.260000228881836,5.829999923706055,6.260000228881836,12000,TATT
2022-01-24,5.849999904632568,5.909999847412109,5.429999828338623,5.539999961853027,12500,TATT
2022-01-25,6.019999980926514,6.099999904632568,5.909999847412109,5.909999847412109,2500,TATT
2022-01-26,6.019999980926514,6.550000190734863,5.880000114440918,6.019999980926514,34800,TATT
2022-01-27,5.980000019073486,6.03000020980835,5.980000019073486,6.03000020980835,1200,TATT
2022-01-28,6.010000228881836,6.03000020980835,5.849999904632568,5.980000019073486,4800,TATT
2022-01-31,6.059999942779541,6.360000133514404,5.96999979019165,6.079999923706055,10300,TATT
2022-02-01,6.289999961853027,6.300000190734863,6.130000114440918,6.150000095367432,2400,TATT
2022-02-02,6.179999828338623,6.230000019073486,6.130000114440918,6.130000114440918,13300,TATT
2022-02-03,6.239999771118164,6.239999771118164,6.110000133514404,6.190000057220459,1100,TATT
2022-02-04,6.190000057220459,6.25,6.059999942779541,6.059999942779541,2700,TATT
2022-02-07,6.110000133514404,6.300000190734863,6.059999942779541,6.099999904632568,4700,TATT
2022-02-08,6.25,6.429999828338623,6.090000152587891,6.110000133514404,23000,TATT
2022-02-09,6.170000076293945,6.289999961853027,6.150000095367432,6.289999961853027,1200,TATT
2022-02-10,6.159999847412109,6.329999923706055,6.130000114440918,6.130000114440918,1700,TATT
2022-02-11,6.199999809265137,6.409999847412109,6.079999923706055,6.110000133514404,11200,TATT
2022-02-14,6.170000076293945,6.179999828338623,6.010000228881836,6.010000228881836,1400,TATT
2022-02-15,6.090000152587891,6.21999979019165,5.989999771118164,5.989999771118164,5900,TATT
2022-02-16,6.380000114440918,6.389999866485596,6.25,6.300000190734863,5800,TATT
2022-02-17,6.389999866485596,6.389999866485596,6.150000095367432,6.179999828338623,2100,TATT
2022-02-18,6.5,6.5,6.190000057220459,6.420000076293945,3100,TATT
2022-02-22,6.449999809265137,6.449999809265137,6.039999961853027,6.039999961853027,2900,TATT
2022-02-23,6.340000152587891,6.489999771118164,6.139999866485596,6.400000095367432,3000,TATT
2022-02-24,6.269999980926514,6.300000190734863,5.929999828338623,6.289999961853027,2200,TATT
2022-02-25,6.5,6.5,6.150000095367432,6.150000095367432,4600,TATT
2022-02-28,6.670000076293945,6.670000076293945,6.300000190734863,6.480000019073486,9500,TATT
2022-03-01,6.389999866485596,6.5,6.210000038146973,6.440000057220459,8600,TATT
2022-03-02,6.480000019073486,6.559999942779541,6.269999980926514,6.320000171661377,6700,TATT
2022-03-03,6.269999980926514,6.480000019073486,6.269999980926514,6.289999961853027,1000,TATT
2022-03-04,6.25,6.329999923706055,5.840000152587891,5.920000076293945,9700,TATT
2022-03-07,6.199999809265137,6.300000190734863,6.059999942779541,6.25,2100,TATT
2022-03-08,6.130000114440918,6.199999809265137,6.03000020980835,6.090000152587891,2800,TATT
2022-03-09,6.119999885559082,6.389999866485596,6.0,6.210000038146973,10000,TATT
2022-03-10,6.0,6.03000020980835,5.900000095367432,5.96999979019165,3400,TATT
2022-03-11,5.909999847412109,6.150000095367432,5.909999847412109,6.150000095367432,4100,TATT
2022-03-14,5.909999847412109,6.119999885559082,5.909999847412109,5.940000057220459,2400,TATT
2022-03-15,5.920000076293945,6.0,5.909999847412109,5.909999847412109,1400,TATT
2022-03-16,5.920000076293945,6.0,5.710000038146973,5.820000171661377,2500,TATT
2022-03-17,6.079999923706055,6.090000152587891,5.730000019073486,5.739999771118164,1500,TATT
2022-03-18,6.159999847412109,6.190000057220459,5.909999847412109,6.010000228881836,7000,TATT
2022-03-21,6.28000020980835,6.389999866485596,6.059999942779541,6.110000133514404,8000,TATT
2022-03-22,6.309999942779541,6.309999942779541,6.300000190734863,6.309999942779541,4800,TATT
2022-03-23,6.46999979019165,6.46999979019165,6.21999979019165,6.320000171661377,3800,TATT
2022-03-24,6.449999809265137,6.489999771118164,6.230000019073486,6.420000076293945,3300,TATT
2022-03-25,6.440000057220459,6.46999979019165,6.110000133514404,6.110000133514404,1300,TATT
2022-03-28,6.110000133514404,6.449999809265137,6.110000133514404,6.25,1100,TATT
2022-03-29,6.170000076293945,6.349999904632568,6.039999961853027,6.199999809265137,4300,TATT
2022-03-30,6.389999866485596,6.389999866485596,6.03000020980835,6.03000020980835,400,TATT
2022-03-31,6.389999866485596,6.389999866485596,6.389999866485596,6.389999866485596,0,TATT
2022-04-01,6.420000076293945,6.440000057220459,6.380000114440918,6.380000114440918,1100,TATT
2022-04-04,6.420000076293945,6.420000076293945,6.199999809265137,6.199999809265137,3000,TATT
2022-04-05,6.21999979019165,6.389999866485596,6.210000038146973,6.25,3700,TATT
2022-04-06,6.260000228881836,6.300000190734863,6.050000190734863,6.050000190734863,2500,TATT
2022-04-07,6.25,6.269999980926514,6.010000228881836,6.059999942779541,2600,TATT
2022-04-08,6.010000228881836,6.269999980926514,5.960000038146973,5.960000038146973,1300,TATT
2022-04-11,6.019999980926514,6.199999809265137,6.0,6.119999885559082,17000,TATT
2022-04-12,6.099999904632568,6.409999847412109,6.059999942779541,6.099999904632568,68400,TATT
2022-04-13,6.369999885559082,6.380000114440918,6.239999771118164,6.25,2000,TATT
2022-04-14,6.340000152587891,6.389999866485596,6.159999847412109,6.380000114440918,4900,TATT
2022-04-18,6.340000152587891,6.369999885559082,6.090000152587891,6.190000057220459,1800,TATT
2022-04-19,6.349999904632568,6.369999885559082,6.170000076293945,6.179999828338623,3800,TATT
2022-04-20,6.25,6.369999885559082,6.210000038146973,6.210000038146973,5300,TATT
2022-04-21,6.070000171661377,6.179999828338623,6.070000171661377,6.170000076293945,2400,TATT
2022-04-22,6.070000171661377,6.070000171661377,6.070000171661377,6.070000171661377,0,TATT
2022-04-25,6.079999923706055,6.099999904632568,5.960000038146973,6.099999904632568,5200,TATT
2022-04-26,6.079999923706055,6.079999923706055,5.96999979019165,5.980000019073486,3100,TATT
2022-04-27,6.070000171661377,6.070000171661377,6.039999961853027,6.070000171661377,600,TATT
2022-04-28,5.900000095367432,6.150000095367432,5.900000095367432,6.010000228881836,3600,TATT
2022-04-29,5.960000038146973,6.139999866485596,5.960000038146973,6.010000228881836,8400,TATT
2022-05-02,6.099999904632568,6.099999904632568,6.0,6.050000190734863,1900,TATT
2022-05-03,6.099999904632568,6.099999904632568,6.099999904632568,6.099999904632568,200,TATT
2022-05-04,6.079999923706055,6.170000076293945,5.909999847412109,6.099999904632568,3100,TATT
2022-05-05,5.909999847412109,6.110000133514404,5.559999942779541,6.110000133514404,7600,TATT
2022-05-06,5.75,5.909999847412109,5.75,5.769999980926514,900,TATT
2022-05-09,5.730000019073486,5.760000228881836,5.679999828338623,5.679999828338623,2500,TATT
2022-05-10,5.739999771118164,5.739999771118164,5.550000190734863,5.659999847412109,1000,TATT
2022-05-11,5.679999828338623,5.679999828338623,5.550000190734863,5.550000190734863,3100,TATT
2022-05-12,5.679999828338623,5.699999809265137,5.5,5.5,2000,TATT
2022-05-13,5.599999904632568,5.679999828338623,5.519999980926514,5.519999980926514,600,TATT
2022-05-16,5.300000190734863,5.739999771118164,5.28000020980835,5.739999771118164,9500,TATT
2022-05-17,5.820000171661377,5.840000152587891,5.619999885559082,5.739999771118164,12000,TATT
2022-05-18,5.860000133514404,5.860000133514404,5.619999885559082,5.619999885559082,700,TATT
2022-05-19,5.769999980926514,5.860000133514404,5.659999847412109,5.849999904632568,1700,TATT
2022-05-20,5.78000020980835,5.78000020980835,5.460000038146973,5.460000038146973,900,TATT
2022-05-23,5.690000057220459,5.880000114440918,5.639999866485596,5.809999942779541,3600,TATT
2022-05-24,5.869999885559082,5.869999885559082,5.590000152587891,5.670000076293945,1700,TATT
2022-05-25,5.619999885559082,5.739999771118164,5.25,5.639999866485596,5300,TATT
2022-05-26,5.789999961853027,5.809999942779541,5.559999942779541,5.559999942779541,1700,TATT
2022-05-27,6.099999904632568,6.150000095367432,5.760000228881836,5.769999980926514,8800,TATT
2022-05-31,5.909999847412109,5.989999771118164,5.829999923706055,5.920000076293945,13600,TATT
2022-06-01,6.059999942779541,6.059999942779541,5.920000076293945,5.920000076293945,2000,TATT
2022-06-02,6.079999923706055,6.130000114440918,5.909999847412109,6.130000114440918,2000,TATT
2022-06-03,6.079999923706055,6.079999923706055,6.079999923706055,6.079999923706055,0,TATT
2022-06-06,6.130000114440918,6.239999771118164,6.130000114440918,6.239999771118164,4400,TATT
2022-06-07,6.130000114440918,6.130000114440918,6.130000114440918,6.130000114440918,0,TATT
2022-06-08,6.150000095367432,6.150000095367432,6.150000095367432,6.150000095367432,300,TATT
2022-06-09,6.320000171661377,6.989999771118164,5.639999866485596,5.909999847412109,149500,TATT
2022-06-10,6.170000076293945,6.210000038146973,6.170000076293945,6.179999828338623,4000,TATT
2022-06-13,5.900000095367432,6.139999866485596,5.679999828338623,6.119999885559082,46300,TATT
2022-06-14,5.960000038146973,6.190000057220459,5.760000228881836,5.909999847412109,15400,TATT
2022-06-15,5.829999923706055,6.230000019073486,5.829999923706055,6.070000171661377,2600,TATT
2022-06-16,5.760000228881836,5.989999771118164,5.610000133514404,5.989999771118164,4800,TATT
2022-06-17,5.860000133514404,5.860000133514404,5.800000190734863,5.860000133514404,2800,TATT
2022-06-21,5.869999885559082,6.150000095367432,5.670000076293945,5.710000038146973,2100,TATT
2022-06-22,5.949999809265137,5.949999809265137,5.730000019073486,5.909999847412109,7800,TATT
2022-06-23,5.940000057220459,5.940000057220459,5.829999923706055,5.829999923706055,2300,TATT
2022-06-24,5.880000114440918,5.900000095367432,5.710000038146973,5.710000038146973,4700,TATT
2022-06-27,5.880000114440918,5.880000114440918,5.880000114440918,5.880000114440918,0,TATT
2022-06-28,5.840000152587891,5.880000114440918,5.650000095367432,5.880000114440918,2500,TATT
2022-06-29,5.920000076293945,5.920000076293945,5.730000019073486,5.730000019073486,800,TATT
2022-06-30,5.699999809265137,5.900000095367432,5.699999809265137,5.900000095367432,2500,TATT
2022-07-01,5.760000228881836,5.820000171661377,5.75,5.820000171661377,800,TATT
2022-07-05,5.840000152587891,5.869999885559082,5.710000038146973,5.710000038146973,5200,TATT
2022-07-06,5.900000095367432,5.980000019073486,5.699999809265137,5.889999866485596,9200,TATT
2022-07-07,6.019999980926514,6.019999980926514,5.769999980926514,5.96999979019165,1200,TATT
2022-07-08,5.940000057220459,6.0,5.900000095367432,5.900000095367432,5900,TATT
2022-07-11,6.059999942779541,6.210000038146973,6.0,6.099999904632568,7000,TATT
2022-07-12,5.940000057220459,6.050000190734863,5.940000057220459,6.050000190734863,1900,TATT
2022-07-13,6.070000171661377,6.070000171661377,5.929999828338623,5.929999828338623,1100,TATT
2022-07-14,5.96999979019165,5.96999979019165,5.96999979019165,5.96999979019165,600,TATT
2022-07-15,5.96999979019165,6.130000114440918,5.940000057220459,5.96999979019165,800,TATT
2022-07-18,5.940000057220459,6.050000190734863,5.940000057220459,5.96999979019165,1700,TATT
2022-07-19,6.050000190734863,6.21999979019165,6.010000228881836,6.050000190734863,19900,TATT
2022-07-20,6.199999809265137,6.199999809265137,6.039999961853027,6.039999961853027,1400,TATT
2022-07-21,6.329999923706055,6.429999828338623,6.059999942779541,6.059999942779541,1700,TATT
2022-07-22,6.25,6.25,6.25,6.25,1100,TATT
2022-07-25,6.25,6.25,6.25,6.25,800,TATT
2022-07-26,6.050000190734863,6.130000114440918,6.050000190734863,6.130000114440918,700,TATT
2022-07-27,6.21999979019165,6.21999979019165,6.110000133514404,6.139999866485596,2900,TATT
2022-07-28,6.300000190734863,6.300000190734863,6.260000228881836,6.260000228881836,400,TATT
2022-07-29,6.269999980926514,6.380000114440918,6.260000228881836,6.349999904632568,2000,TATT
2022-08-01,6.340000152587891,6.5,6.139999866485596,6.199999809265137,7500,TATT
2022-08-02,6.309999942779541,6.309999942779541,6.159999847412109,6.159999847412109,500,TATT
2022-08-03,6.46999979019165,6.46999979019165,6.099999904632568,6.400000095367432,3300,TATT
2022-08-04,6.389999866485596,6.449999809265137,6.25,6.449999809265137,1200,TATT
2022-08-05,6.619999885559082,6.699999809265137,6.25,6.25,1700,TATT
2022-08-08,6.389999866485596,6.489999771118164,6.369999885559082,6.460000038146973,1400,TATT
2022-08-09,6.28000020980835,6.460000038146973,6.260000228881836,6.400000095367432,1600,TATT
2022-08-10,6.349999904632568,6.610000133514404,6.239999771118164,6.5,3900,TATT
2022-08-11,6.449999809265137,6.449999809265137,6.440000057220459,6.449999809265137,700,TATT
2022-08-12,6.369999885559082,6.800000190734863,6.260000228881836,6.449999809265137,2100,TATT
2022-08-15,6.5,6.5,6.400000095367432,6.400000095367432,1700,TATT
2022-08-16,6.5,6.599999904632568,5.909999847412109,5.909999847412109,8500,TATT
2022-08-17,6.409999847412109,6.5,6.199999809265137,6.199999809265137,1000,TATT
2022-08-18,6.510000228881836,6.510000228881836,6.320000171661377,6.320000171661377,400,TATT
2022-08-19,6.21999979019165,6.21999979019165,6.21999979019165,6.21999979019165,200,TATT
2022-08-22,6.090000152587891,6.090000152587891,6.059999942779541,6.059999942779541,400,TATT
2022-08-23,6.150000095367432,6.360000133514404,6.099999904632568,6.099999904632568,800,TATT
2022-08-24,6.309999942779541,6.309999942779541,6.130000114440918,6.130000114440918,2500,TATT
2022-08-25,6.300000190734863,6.480000019073486,6.289999961853027,6.349999904632568,3000,TATT
2022-08-26,6.300000190734863,6.300000190734863,6.300000190734863,6.300000190734863,400,TATT
2022-08-29,6.340000152587891,6.5,6.210000038146973,6.210000038146973,1900,TATT
2022-08-30,6.539999961853027,6.570000171661377,6.260000228881836,6.260000228881836,6800,TATT
2022-08-31,6.46999979019165,6.480000019073486,6.389999866485596,6.389999866485596,1300,TATT
2022-09-01,6.510000228881836,6.590000152587891,6.409999847412109,6.440000057220459,1200,TATT
2022-09-02,6.800000190734863,6.889999866485596,6.510000228881836,6.659999847412109,5700,TATT
2022-09-06,6.46999979019165,6.579999923706055,6.409999847412109,6.550000190734863,2800,TATT
2022-09-07,6.639999866485596,6.699999809265137,6.510000228881836,6.699999809265137,1800,TATT
2022-09-08,6.519999980926514,6.880000114440918,6.489999771118164,6.650000095367432,4800,TATT
2022-09-09,6.53000020980835,6.739999771118164,6.510000228881836,6.510000228881836,1000,TATT
2022-09-12,6.75,6.75,6.400000095367432,6.400000095367432,1400,TATT
2022-09-13,6.46999979019165,6.630000114440918,6.380000114440918,6.510000228881836,1600,TATT
2022-09-14,6.449999809265137,6.449999809265137,6.449999809265137,6.449999809265137,600,TATT
2022-09-15,6.519999980926514,6.570000171661377,6.349999904632568,6.409999847412109,3100,TATT
2022-09-16,6.269999980926514,6.320000171661377,6.269999980926514,6.320000171661377,1200,TATT
2022-09-19,6.329999923706055,6.329999923706055,6.139999866485596,6.139999866485596,500,TATT
2022-09-20,6.25,6.380000114440918,6.25,6.309999942779541,600,TATT
2022-09-21,6.070000171661377,6.28000020980835,6.070000171661377,6.190000057220459,10200,TATT
2022-09-22,6.289999961853027,6.289999961853027,6.119999885559082,6.119999885559082,600,TATT
2022-09-23,6.079999923706055,6.079999923706055,6.079999923706055,6.079999923706055,600,TATT
2022-09-26,6.159999847412109,6.170000076293945,6.0,6.099999904632568,1300,TATT
2022-09-27,6.179999828338623,6.28000020980835,5.929999828338623,6.269999980926514,2600,TATT
2022-09-28,6.039999961853027,6.239999771118164,5.960000038146973,6.110000133514404,1600,TATT
2022-09-29,6.190000057220459,6.190000057220459,5.900000095367432,6.170000076293945,800,TATT
2022-09-30,5.96999979019165,6.260000228881836,5.96999979019165,6.230000019073486,1100,TATT
2022-10-03,5.949999809265137,6.269999980926514,5.929999828338623,6.119999885559082,800,TATT
2022-10-04,6.050000190734863,6.230000019073486,6.0,6.230000019073486,1000,TATT
2022-10-05,6.050000190734863,6.269999980926514,6.050000190734863,6.260000228881836,600,TATT
2022-10-06,6.059999942779541,6.369999885559082,6.059999942779541,6.090000152587891,1400,TATT
2022-10-07,6.03000020980835,6.21999979019165,6.019999980926514,6.21999979019165,1400,TATT
2022-10-10,6.179999828338623,6.179999828338623,6.079999923706055,6.079999923706055,800,TATT
2022-10-11,6.050000190734863,6.079999923706055,5.900000095367432,5.949999809265137,2200,TATT
2022-10-12,6.139999866485596,6.139999866485596,6.050000190734863,6.050000190734863,800,TATT
2022-10-13,6.0,6.150000095367432,5.900000095367432,5.900000095367432,1200,TATT
2022-10-14,6.019999980926514,6.150000095367432,5.949999809265137,5.949999809265137,600,TATT
2022-10-17,6.019999980926514,6.179999828338623,5.940000057220459,5.940000057220459,900,TATT
2022-10-18,6.579999923706055,6.869999885559082,5.909999847412109,6.190000057220459,31500,TATT
2022-10-19,6.130000114440918,6.480000019073486,6.130000114440918,6.429999828338623,7900,TATT
2022-10-20,6.389999866485596,6.400000095367432,6.28000020980835,6.28000020980835,900,TATT
2022-10-21,6.349999904632568,6.420000076293945,6.170000076293945,6.170000076293945,700,TATT
2022-10-24,6.230000019073486,6.230000019073486,6.230000019073486,6.230000019073486,600,TATT
2022-10-25,6.449999809265137,6.510000228881836,6.25,6.340000152587891,1200,TATT
2022-10-26,6.320000171661377,6.550000190734863,6.320000171661377,6.420000076293945,1100,TATT
2022-10-27,6.289999961853027,6.539999961853027,6.289999961853027,6.460000038146973,900,TATT
2022-10-28,6.449999809265137,6.480000019073486,6.28000020980835,6.309999942779541,3100,TATT
2022-10-31,6.429999828338623,6.429999828338623,6.260000228881836,6.369999885559082,1600,TATT
2022-11-01,6.28000020980835,6.309999942779541,6.260000228881836,6.260000228881836,400,TATT
2022-11-02,6.360000133514404,6.650000095367432,6.28000020980835,6.329999923706055,2700,TATT
2022-11-03,6.150000095367432,6.489999771118164,6.150000095367432,6.369999885559082,1300,TATT
2022-11-04,6.139999866485596,6.389999866485596,6.119999885559082,6.119999885559082,8800,TATT
2022-11-07,6.230000019073486,6.369999885559082,6.099999904632568,6.130000114440918,2800,TATT
2022-11-08,6.110000133514404,6.25,6.110000133514404,6.25,3400,TATT
2022-11-09,6.349999904632568,6.480000019073486,6.190000057220459,6.190000057220459,4200,TATT
2022-11-10,6.289999961853027,6.360000133514404,6.199999809265137,6.360000133514404,7300,TATT
2022-11-11,6.230000019073486,6.230000019073486,6.199999809265137,6.199999809265137,600,TATT
2022-11-14,6.230000019073486,6.230000019073486,6.230000019073486,6.230000019073486,200,TATT
2022-11-15,6.309999942779541,6.409999847412109,6.300000190734863,6.329999923706055,900,TATT
2022-11-16,6.349999904632568,6.349999904632568,6.059999942779541,6.059999942779541,800,TATT
2022-11-17,6.389999866485596,6.389999866485596,6.010000228881836,6.119999885559082,1000,TATT
2022-11-18,6.150000095367432,6.380000114440918,6.150000095367432,6.380000114440918,900,TATT
2022-11-21,6.199999809265137,6.389999866485596,6.199999809265137,6.329999923706055,800,TATT
2022-11-22,6.199999809265137,6.389999866485596,6.070000171661377,6.070000171661377,500,TATT
2022-11-23,6.199999809265137,6.389999866485596,6.199999809265137,6.389999866485596,600,TATT
2022-11-25,6.119999885559082,6.199999809265137,6.119999885559082,6.199999809265137,400,TATT
2022-11-28,6.210000038146973,6.349999904632568,6.199999809265137,6.349999904632568,2500,TATT
2022-11-29,6.380000114440918,6.400000095367432,6.309999942779541,6.349999904632568,14700,TATT
2022-11-30,6.380000114440918,6.489999771118164,6.010000228881836,6.400000095367432,12800,TATT
2022-12-01,6.190000057220459,6.429999828338623,6.150000095367432,6.429999828338623,800,TATT
2022-12-02,6.199999809265137,6.199999809265137,6.0,6.0,4000,TATT
2022-12-05,6.099999904632568,6.099999904632568,6.070000171661377,6.070000171661377,300,TATT
2022-12-06,6.099999904632568,6.099999904632568,6.099999904632568,6.099999904632568,0,TATT
2022-12-07,6.059999942779541,6.119999885559082,6.059999942779541,6.099999904632568,2800,TATT
2022-12-08,6.050000190734863,6.070000171661377,6.03000020980835,6.070000171661377,1000,TATT
2022-12-09,5.949999809265137,6.090000152587891,5.880000114440918,6.090000152587891,9000,TATT
2022-12-12,5.880000114440918,5.989999771118164,5.880000114440918,5.989999771118164,4800,TATT
2022-12-13,5.880000114440918,5.900000095367432,5.880000114440918,5.880000114440918,800,TATT
2022-12-14,5.889999866485596,5.960000038146973,5.880000114440918,5.889999866485596,1900,TATT
2022-12-15,5.769999980926514,5.889999866485596,5.659999847412109,5.889999866485596,2300,TATT
2022-12-16,5.769999980926514,5.860000133514404,5.429999828338623,5.429999828338623,1100,TATT
2022-12-19,5.699999809265137,5.769999980926514,5.659999847412109,5.769999980926514,2400,TATT
2022-12-20,5.679999828338623,5.710000038146973,5.5,5.5,1500,TATT
2022-12-21,5.599999904632568,5.679999828338623,5.460000038146973,5.679999828338623,1300,TATT
2022-12-22,5.400000095367432,5.590000152587891,5.369999885559082,5.579999923706055,2000,TATT
2022-12-23,5.369999885559082,5.400000095367432,5.199999809265137,5.400000095367432,2700,TATT
2022-12-27,5.440000057220459,5.489999771118164,5.369999885559082,5.429999828338623,1500,TATT
2022-12-28,5.28000020980835,5.5,5.28000020980835,5.440000057220459,1500,TATT
2022-12-29,5.400000095367432,5.449999809265137,5.170000076293945,5.449999809265137,8000,TATT
2022-12-30,5.300000190734863,5.300000190734863,5.210000038146973,5.28000020980835,1700,TATT
2023-01-03,5.159999847412109,5.230000019073486,4.96999979019165,5.230000019073486,2500,TATT
2023-01-04,5.400000095367432,5.519999980926514,5.300000190734863,5.440000057220459,11600,TATT
2023-01-05,5.25,5.400000095367432,5.25,5.400000095367432,1600,TATT
2023-01-06,5.320000171661377,5.320000171661377,5.199999809265137,5.199999809265137,500,TATT
2023-01-09,5.5,5.519999980926514,5.389999866485596,5.400000095367432,13700,TATT
2023-01-10,5.699999809265137,5.800000190734863,5.460000038146973,5.460000038146973,15900,TATT
2023-01-11,5.800000190734863,5.800000190734863,5.75,5.75,4100,TATT
2023-01-12,5.75,5.75,5.630000114440918,5.75,3100,TATT
2023-01-13,5.829999923706055,5.829999923706055,5.699999809265137,5.699999809265137,1400,TATT
2023-01-17,5.949999809265137,5.980000019073486,5.880000114440918,5.880000114440918,5100,TATT
2023-01-18,5.980000019073486,6.019999980926514,5.96999979019165,5.96999979019165,2600,TATT
2023-01-19,5.860000133514404,5.860000133514404,5.730000019073486,5.730000019073486,1100,TATT
2023-01-20,5.860000133514404,5.860000133514404,5.860000133514404,5.860000133514404,0,TATT
2023-01-23,5.789999961853027,6.0,5.75,5.809999942779541,3500,TATT
2023-01-24,5.809999942779541,6.0,5.809999942779541,5.829999923706055,3100,TATT
2023-01-25,5.75,5.820000171661377,5.75,5.820000171661377,600,TATT
2023-01-26,5.710000038146973,5.71999979019165,5.710000038146973,5.710000038146973,600,TATT
2023-01-27,5.940000057220459,5.940000057220459,5.769999980926514,5.769999980926514,1400,TATT
2023-01-30,5.739999771118164,5.889999866485596,5.710000038146973,5.710000038146973,4300,TATT
2023-01-31,5.789999961853027,5.849999904632568,5.789999961853027,5.849999904632568,2000,TATT
2023-02-01,5.710000038146973,5.800000190734863,5.630000114440918,5.630000114440918,1500,TATT
2023-02-02,5.679999828338623,5.96999979019165,5.679999828338623,5.78000020980835,900,TATT
2023-02-03,5.699999809265137,5.75,5.630000114440918,5.75,4000,TATT
2023-02-06,6.03000020980835,6.079999923706055,5.929999828338623,5.960000038146973,61000,TATT
2023-02-07,5.769999980926514,5.869999885559082,5.539999961853027,5.539999961853027,2600,TATT
2023-02-08,5.940000057220459,5.949999809265137,5.849999904632568,5.849999904632568,1600,TATT
2023-02-09,5.929999828338623,5.929999828338623,5.929999828338623,5.929999828338623,1000,TATT
2023-02-10,5.96999979019165,5.96999979019165,5.96999979019165,5.96999979019165,400,TATT
2023-02-13,5.96999979019165,6.0,5.789999961853027,5.809999942779541,800,TATT
2023-02-14,5.820000171661377,5.929999828338623,5.610000133514404,5.610000133514404,1000,TATT
2023-02-15,5.900000095367432,5.900000095367432,5.829999923706055,5.829999923706055,1700,TATT
2023-02-16,5.900000095367432,5.900000095367432,5.900000095367432,5.900000095367432,0,TATT
2023-02-17,6.349999904632568,6.349999904632568,6.349999904632568,6.349999904632568,1200,TATT
2023-02-21,5.860000133514404,6.099999904632568,5.809999942779541,5.960000038146973,1900,TATT
2023-02-22,5.710000038146973,5.800000190734863,5.710000038146973,5.800000190734863,2600,TATT
2023-02-23,5.71999979019165,5.739999771118164,5.71999979019165,5.739999771118164,600,TATT
2023-02-24,5.619999885559082,5.650000095367432,5.619999885559082,5.650000095367432,700,TATT
2023-02-27,5.639999866485596,5.690000057220459,5.510000228881836,5.690000057220459,2200,TATT
2023-02-28,5.829999923706055,5.829999923706055,5.420000076293945,5.5,4800,TATT
2023-03-01,5.75,5.75,5.429999828338623,5.429999828338623,1800,TATT
2023-03-02,5.900000095367432,5.900000095367432,5.769999980926514,5.769999980926514,800,TATT
2023-03-03,5.820000171661377,5.820000171661377,5.820000171661377,5.820000171661377,800,TATT
2023-03-06,5.800000190734863,5.849999904632568,5.71999979019165,5.849999904632568,1000,TATT
2023-03-07,5.690000057220459,5.710000038146973,5.650000095367432,5.650000095367432,1100,TATT
2023-03-08,5.78000020980835,5.900000095367432,5.679999828338623,5.900000095367432,3800,TATT
2023-03-09,5.820000171661377,5.820000171661377,5.820000171661377,5.820000171661377,3900,TATT
2023-03-10,5.820000171661377,5.820000171661377,5.820000171661377,5.820000171661377,0,TATT
2023-03-13,5.820000171661377,5.820000171661377,5.820000171661377,5.820000171661377,0,TATT
2023-03-14,5.889999866485596,5.900000095367432,5.5,5.5,2500,TATT
2023-03-15,5.889999866485596,5.889999866485596,5.889999866485596,5.889999866485596,100,TATT
2023-03-16,5.630000114440918,5.630000114440918,5.460000038146973,5.460000038146973,800,TATT
2023-03-17,5.760000228881836,5.760000228881836,5.760000228881836,5.760000228881836,300,TATT
2023-03-20,5.409999847412109,5.940000057220459,5.349999904632568,5.480000019073486,5100,TATT
2023-03-21,5.840000152587891,5.909999847412109,5.010000228881836,5.579999923706055,3800,TATT
2023-03-22,5.840000152587891,5.840000152587891,5.840000152587891,5.840000152587891,100,TATT
2023-03-23,5.840000152587891,5.840000152587891,5.840000152587891,5.840000152587891,3600,TATT
2023-03-24,5.5,5.739999771118164,5.199999809265137,5.550000190734863,3200,TATT
2023-03-27,5.699999809265137,5.699999809265137,5.420000076293945,5.420000076293945,1900,TATT
2023-03-28,5.53000020980835,5.949999809265137,5.369999885559082,5.940000057220459,6400,TATT
2023-03-29,5.71999979019165,5.71999979019165,5.409999847412109,5.53000020980835,1800,TATT
2023-03-30,6.059999942779541,6.199999809265137,5.900000095367432,6.0,32900,TATT
2023-03-31,6.170000076293945,6.170000076293945,5.880000114440918,5.880000114440918,4900,TATT
2023-04-03,6.050000190734863,6.119999885559082,5.909999847412109,5.909999847412109,17000,TATT
2023-04-04,6.210000038146973,6.420000076293945,6.110000133514404,6.110000133514404,7400,TATT
2023-04-05,6.210000038146973,6.210000038146973,6.210000038146973,6.210000038146973,0,TATT
2023-04-06,6.190000057220459,6.190000057220459,6.059999942779541,6.059999942779541,900,TATT
2023-04-10,6.179999828338623,6.179999828338623,6.110000133514404,6.110000133514404,1400,TATT
2023-04-11,6.150000095367432,6.150000095367432,6.050000190734863,6.139999866485596,2000,TATT
2023-04-12,6.010000228881836,6.050000190734863,5.800000190734863,6.050000190734863,1600,TATT
2023-04-13,6.010000228881836,6.010000228881836,6.010000228881836,6.010000228881836,0,TATT
2023-04-14,6.139999866485596,6.139999866485596,6.0,6.0,4300,TATT
2023-04-17,5.989999771118164,6.019999980926514,5.619999885559082,5.960000038146973,10000,TATT
2023-04-18,5.800000190734863,5.980000019073486,5.800000190734863,5.809999942779541,2700,TATT
2023-04-19,5.949999809265137,5.949999809265137,5.860000133514404,5.860000133514404,1500,TATT
2023-04-20,5.75,5.880000114440918,5.679999828338623,5.78000020980835,6900,TATT
2023-04-21,5.730000019073486,5.730000019073486,5.730000019073486,5.730000019073486,400,TATT
2023-04-24,5.739999771118164,5.739999771118164,5.739999771118164,5.739999771118164,600,TATT
2023-04-25,5.739999771118164,5.739999771118164,5.739999771118164,5.739999771118164,0,TATT
2023-04-26,5.75,5.75,5.440000057220459,5.440000057220459,9600,TATT
2023-04-27,5.46999979019165,5.800000190734863,5.449999809265137,5.800000190734863,1800,TATT
2023-04-28,5.900000095367432,5.900000095367432,5.349999904632568,5.349999904632568,1200,TATT
2023-05-01,5.659999847412109,5.769999980926514,5.639999866485596,5.769999980926514,700,TATT
2023-05-02,5.619999885559082,5.800000190734863,5.619999885559082,5.710000038146973,3500,TATT
2023-05-03,5.75,5.75,5.579999923706055,5.579999923706055,1300,TATT
2023-05-04,5.5,5.75,5.5,5.75,800,TATT
2023-05-05,5.71999979019165,5.71999979019165,5.71999979019165,5.71999979019165,300,TATT
2023-05-08,5.570000171661377,6.090000152587891,5.519999980926514,5.559999942779541,4800,TATT
2023-05-09,5.599999904632568,5.699999809265137,5.559999942779541,5.699999809265137,1000,TATT
2023-05-10,5.550000190734863,5.590000152587891,5.510000228881836,5.590000152587891,500,TATT
2023-05-11,5.590000152587891,5.650000095367432,5.550000190734863,5.550000190734863,11600,TATT
2023-05-12,5.539999961853027,5.670000076293945,5.53000020980835,5.539999961853027,13400,TATT
2023-05-15,5.460000038146973,5.519999980926514,5.460000038146973,5.519999980926514,20200,TATT
2023-05-16,5.730000019073486,5.730000019073486,5.409999847412109,5.409999847412109,1100,TATT
2023-05-17,5.900000095367432,5.900000095367432,5.71999979019165,5.71999979019165,5300,TATT
2023-05-18,5.75,5.840000152587891,5.75,5.840000152587891,200,TATT
2023-05-19,5.940000057220459,5.940000057220459,5.829999923706055,5.829999923706055,800,TATT
2023-05-22,5.960000038146973,6.110000133514404,5.869999885559082,5.869999885559082,8100,TATT
2023-05-23,5.909999847412109,6.119999885559082,5.900000095367432,6.119999885559082,1200,TATT
2023-05-24,5.989999771118164,5.989999771118164,5.989999771118164,5.989999771118164,500,TATT
2023-05-25,5.880000114440918,5.880000114440918,5.880000114440918,5.880000114440918,200,TATT
2023-05-26,6.139999866485596,6.150000095367432,5.460000038146973,5.460000038146973,3400,TATT
2023-05-30,6.130000114440918,6.150000095367432,5.650000095367432,6.139999866485596,11300,TATT
2023-05-31,6.460000038146973,6.550000190734863,6.090000152587891,6.159999847412109,37600,TATT
2023-06-01,6.769999980926514,6.889999866485596,6.400000095367432,6.409999847412109,52200,TATT
2023-06-02,6.630000114440918,6.769999980926514,6.550000190734863,6.71999979019165,8400,TATT
2023-06-05,6.659999847412109,6.690000057220459,6.480000019073486,6.519999980926514,2900,TATT
2023-06-06,6.699999809265137,6.699999809265137,6.429999828338623,6.429999828338623,1500,TATT
2023-06-07,6.829999923706055,6.849999904632568,6.639999866485596,6.639999866485596,9200,TATT
2023-06-08,7.019999980926514,7.190000057220459,6.800000190734863,6.809999942779541,27300,TATT
2023-06-09,7.110000133514404,7.150000095367432,7.110000133514404,7.110000133514404,1700,TATT
2023-06-12,7.090000152587891,7.130000114440918,7.090000152587891,7.130000114440918,600,TATT
2023-06-13,7.059999942779541,7.059999942779541,7.059999942779541,7.059999942779541,200,TATT
2023-06-14,7.300000190734863,7.349999904632568,7.0,7.179999828338623,31500,TATT
2023-06-15,7.550000190734863,7.550000190734863,7.300000190734863,7.300000190734863,13800,TATT
2023-06-16,7.71999979019165,7.71999979019165,7.590000152587891,7.590000152587891,15000,TATT
2023-06-20,7.53000020980835,7.639999866485596,7.420000076293945,7.599999904632568,8900,TATT
2023-06-21,7.53000020980835,7.53000020980835,7.420000076293945,7.480000019073486,2000,TATT
2023-06-22,7.309999942779541,7.510000228881836,7.309999942779541,7.429999828338623,2500,TATT
2023-06-23,7.670000076293945,7.679999828338623,7.510000228881836,7.510000228881836,2200,TATT
2023-06-26,7.559999942779541,7.570000171661377,7.429999828338623,7.570000171661377,5000,TATT
2023-06-27,7.5,7.539999961853027,7.309999942779541,7.360000133514404,7300,TATT
2023-06-28,7.340000152587891,7.5,7.309999942779541,7.380000114440918,2200,TATT
2023-06-29,7.539999961853027,7.550000190734863,7.309999942779541,7.309999942779541,5900,TATT
2023-06-30,7.449999809265137,7.550000190734863,7.400000095367432,7.550000190734863,1000,TATT
2023-07-03,7.440000057220459,7.510000228881836,7.360000133514404,7.510000228881836,3300,TATT
2023-07-05,7.429999828338623,7.5,7.429999828338623,7.5,800,TATT
2023-07-06,7.389999866485596,7.440000057220459,7.389999866485596,7.440000057220459,900,TATT
2023-07-07,7.46999979019165,7.510000228881836,7.400000095367432,7.400000095367432,5600,TATT
2023-07-10,7.409999847412109,7.670000076293945,7.329999923706055,7.329999923706055,22100,TATT
2023-07-11,7.400000095367432,7.690000057220459,7.400000095367432,7.400000095367432,12200,TATT
2023-07-12,7.429999828338623,7.559999942779541,7.420000076293945,7.5,10200,TATT
2023-07-13,7.570000171661377,7.590000152587891,7.460000038146973,7.519999980926514,4600,TATT
2023-07-14,7.46999979019165,7.519999980926514,7.460000038146973,7.519999980926514,800,TATT
2023-07-17,7.559999942779541,7.690000057220459,7.559999942779541,7.559999942779541,1200,TATT
2023-07-18,7.519999980926514,7.650000095367432,7.5,7.510000228881836,9500,TATT
2023-07-19,7.670000076293945,7.710000038146973,7.619999885559082,7.619999885559082,3200,TATT
2023-07-20,7.590000152587891,7.699999809265137,7.590000152587891,7.610000133514404,1300,TATT
2023-07-21,7.559999942779541,7.670000076293945,7.510000228881836,7.510000228881836,2300,TATT
2023-07-24,7.460000038146973,7.460000038146973,7.460000038146973,7.460000038146973,400,TATT
2023-07-25,7.159999847412109,7.300000190734863,7.130000114440918,7.300000190734863,2900,TATT
2023-07-26,7.300000190734863,7.349999904632568,7.300000190734863,7.340000152587891,2300,TATT
2023-07-27,7.46999979019165,7.480000019073486,7.179999828338623,7.179999828338623,3400,TATT
2023-07-28,7.46999979019165,7.46999979019165,7.170000076293945,7.360000133514404,3100,TATT
2023-07-31,7.329999923706055,7.360000133514404,7.329999923706055,7.360000133514404,900,TATT
2023-08-01,7.360000133514404,7.480000019073486,7.300000190734863,7.300000190734863,1100,TATT
2023-08-02,7.199999809265137,7.340000152587891,7.199999809265137,7.199999809265137,1000,TATT
2023-08-03,7.409999847412109,7.429999828338623,7.070000171661377,7.360000133514404,1400,TATT
2023-08-04,7.269999980926514,7.400000095367432,7.269999980926514,7.340000152587891,1800,TATT
2023-08-07,7.28000020980835,7.400000095367432,7.239999771118164,7.239999771118164,1200,TATT
2023-08-08,7.590000152587891,7.829999923706055,7.340000152587891,7.360000133514404,11000,TATT
2023-08-09,7.670000076293945,7.670000076293945,7.260000228881836,7.360000133514404,6800,TATT
2023-08-10,7.340000152587891,7.670000076293945,7.199999809265137,7.389999866485596,4700,TATT
2023-08-11,7.449999809265137,7.449999809265137,7.260000228881836,7.260000228881836,700,TATT
2023-08-14,7.230000019073486,7.449999809265137,7.190000057220459,7.25,1600,TATT
2023-08-15,7.369999885559082,7.369999885559082,7.190000057220459,7.190000057220459,1900,TATT
2023-08-16,7.610000133514404,7.610000133514404,7.190000057220459,7.260000228881836,5100,TATT
2023-08-17,7.449999809265137,7.449999809265137,7.179999828338623,7.179999828338623,8000,TATT
2023-08-18,7.269999980926514,7.440000057220459,7.269999980926514,7.269999980926514,4100,TATT
2023-08-21,7.380000114440918,7.400000095367432,7.239999771118164,7.269999980926514,4400,TATT
2023-08-22,7.369999885559082,7.369999885559082,7.28000020980835,7.289999961853027,5800,TATT
2023-08-23,7.760000228881836,7.980000019073486,7.409999847412109,7.440000057220459,10800,TATT
2023-08-24,7.699999809265137,7.75,7.53000020980835,7.670000076293945,1800,TATT
2023-08-25,7.619999885559082,7.699999809265137,7.489999771118164,7.53000020980835,1700,TATT
2023-08-28,7.679999828338623,7.690000057220459,7.489999771118164,7.590000152587891,1400,TATT
2023-08-29,7.75,7.800000190734863,7.619999885559082,7.679999828338623,8100,TATT
2023-08-30,8.210000038146973,8.449999809265137,8.050000190734863,8.050000190734863,71400,TATT
2023-08-31,8.4399995803833,8.4399995803833,8.170000076293945,8.270000457763672,19400,TATT
2023-09-01,8.329999923706055,8.479999542236328,8.239999771118164,8.479999542236328,2700,TATT
2023-09-05,8.720000267028809,8.75,8.430000305175781,8.479999542236328,22600,TATT
2023-09-06,8.699999809265137,8.800000190734863,8.609999656677246,8.739999771118164,8200,TATT
2023-09-07,8.539999961853027,8.6899995803833,8.430000305175781,8.430000305175781,5100,TATT
2023-09-08,8.350000381469727,8.510000228881836,8.25,8.510000228881836,8500,TATT
2023-09-11,8.649999618530273,8.739999771118164,8.460000038146973,8.460000038146973,7300,TATT
2023-09-12,8.5600004196167,8.920000076293945,8.5600004196167,8.729999542236328,7800,TATT
2023-09-13,8.729999542236328,8.729999542236328,8.449999809265137,8.510000228881836,3600,TATT
2023-09-14,8.850000381469727,8.890000343322754,8.550000190734863,8.84000015258789,3100,TATT
2023-09-15,8.760000228881836,8.859999656677246,8.59000015258789,8.640000343322754,4800,TATT
2023-09-18,8.989999771118164,8.989999771118164,8.779999732971191,8.829999923706055,4500,TATT
2023-09-19,8.819999694824219,8.989999771118164,8.779999732971191,8.970000267028809,2600,TATT
2023-09-20,8.859999656677246,8.949999809265137,8.5600004196167,8.84000015258789,15000,TATT
2023-09-21,8.949999809265137,9.0,8.819999694824219,8.90999984741211,4000,TATT
2023-09-22,9.0,9.0,8.800000190734863,8.8100004196167,3200,TATT
2023-09-25,8.90999984741211,9.0,8.729999542236328,9.0,6600,TATT
2023-09-26,8.989999771118164,8.989999771118164,8.710000038146973,8.890000343322754,4900,TATT
2023-09-27,8.729999542236328,8.899999618530273,8.710000038146973,8.829999923706055,6100,TATT
2023-09-28,8.529999732971191,8.84000015258789,8.15999984741211,8.84000015258789,9400,TATT
2023-09-29,8.600000381469727,8.729999542236328,8.3100004196167,8.729999542236328,4700,TATT
2023-10-02,8.680000305175781,8.770000457763672,8.350000381469727,8.579999923706055,3900,TATT
2023-10-03,8.600000381469727,8.649999618530273,8.600000381469727,8.649999618530273,1300,TATT
2023-10-04,8.430000305175781,8.510000228881836,8.270000457763672,8.369999885559082,2000,TATT
2023-10-05,8.319999694824219,8.5,8.1899995803833,8.1899995803833,4700,TATT
2023-10-06,8.34000015258789,8.5600004196167,8.149999618530273,8.149999618530273,1500,TATT
2023-10-09,8.399999618530273,8.600000381469727,7.829999923706055,8.270000457763672,30200,TATT
2023-10-10,8.239999771118164,8.479999542236328,8.180000305175781,8.239999771118164,7100,TATT
2023-10-11,8.470000267028809,8.479999542236328,8.010000228881836,8.229999542236328,11900,TATT
2023-10-12,8.170000076293945,8.449999809265137,7.650000095367432,8.09000015258789,12100,TATT
2023-10-13,7.900000095367432,8.050000190734863,7.760000228881836,8.039999961853027,7600,TATT
2023-10-16,7.619999885559082,7.730000019073486,7.489999771118164,7.639999866485596,10000,TATT
2023-10-17,7.699999809265137,7.699999809265137,7.599999904632568,7.679999828338623,2300,TATT
2023-10-18,7.860000133514404,7.889999866485596,7.590000152587891,7.789999961853027,2300,TATT
2023-10-19,7.880000114440918,7.900000095367432,7.650000095367432,7.650000095367432,4100,TATT
2023-10-20,7.739999771118164,7.820000171661377,7.670000076293945,7.670000076293945,6100,TATT
2023-10-23,7.409999847412109,7.489999771118164,7.170000076293945,7.28000020980835,10100,TATT
2023-10-24,7.550000190734863,7.550000190734863,7.099999904632568,7.139999866485596,6500,TATT
2023-10-25,7.539999961853027,7.539999961853027,7.25,7.25,1700,TATT
2023-10-26,7.079999923706055,7.25,6.989999771118164,7.090000152587891,8500,TATT
2023-10-27,7.360000133514404,7.449999809265137,7.130000114440918,7.130000114440918,5800,TATT
2023-10-30,7.730000019073486,7.949999809265137,7.150000095367432,7.150000095367432,8700,TATT
2023-10-31,7.769999980926514,7.849999904632568,7.480000019073486,7.599999904632568,3300,TATT
2023-11-01,7.659999847412109,7.690000057220459,7.269999980926514,7.420000076293945,3400,TATT
2023-11-02,7.75,7.75,7.510000228881836,7.690000057220459,4000,TATT
2023-11-03,7.929999828338623,8.270000457763672,7.659999847412109,7.699999809265137,4800,TATT
2023-11-06,8.470000267028809,8.470000267028809,8.229999542236328,8.279999732971191,18400,TATT
2023-11-07,8.319999694824219,8.479999542236328,8.09000015258789,8.449999809265137,3200,TATT
2023-11-08,8.239999771118164,8.25,7.809999942779541,8.100000381469727,4900,TATT
2023-11-09,8.270000457763672,8.390000343322754,8.270000457763672,8.390000343322754,2300,TATT
2023-11-10,8.270000457763672,8.270000457763672,8.039999961853027,8.039999961853027,1400,TATT
2023-11-13,8.90999984741211,9.050000190734863,8.520000457763672,8.760000228881836,64500,TATT
2023-11-14,9.579999923706055,9.600000381469727,9.0,9.0,64100,TATT
2023-11-15,9.520000457763672,9.520000457763672,9.359999656677246,9.449999809265137,11200,TATT
2023-11-16,9.5,9.5,9.380000114440918,9.420000076293945,4000,TATT
2023-11-17,9.640000343322754,9.699999809265137,9.359999656677246,9.6899995803833,9400,TATT
2023-11-20,9.390000343322754,9.550000190734863,9.270000457763672,9.279999732971191,12000,TATT
2023-11-21,9.399999618530273,9.399999618530273,9.15999984741211,9.15999984741211,2800,TATT
2023-11-22,9.600000381469727,9.600000381469727,9.210000038146973,9.210000038146973,29700,TATT
2023-11-24,9.399999618530273,9.479999542236328,9.350000381469727,9.479999542236328,3400,TATT
2023-11-27,9.359999656677246,9.420000076293945,9.079999923706055,9.359999656677246,6300,TATT
2023-11-28,9.5600004196167,9.59000015258789,9.3100004196167,9.3100004196167,8400,TATT
2023-11-29,9.649999618530273,9.680000305175781,9.470000267028809,9.479999542236328,12700,TATT
2023-11-30,9.6899995803833,9.739999771118164,9.539999961853027,9.640000343322754,11600,TATT
2023-12-01,9.710000038146973,9.760000228881836,9.34000015258789,9.75,5900,TATT
2023-12-04,9.600000381469727,9.739999771118164,9.369999885559082,9.670000076293945,4800,TATT
2023-12-05,9.729999542236328,9.779999732971191,9.600000381469727,9.649999618530273,13400,TATT
2023-12-06,9.770000457763672,9.979999542236328,9.609999656677246,9.800000190734863,16100,TATT
2023-12-07,9.680000305175781,9.720000267028809,9.550000190734863,9.579999923706055,1900,TATT
2023-12-08,9.890000343322754,9.989999771118164,9.369999885559082,9.609999656677246,9200,TATT
2023-12-11,9.5600004196167,9.699999809265137,9.170000076293945,9.609999656677246,24900,TATT
2023-12-12,9.600000381469727,9.649999618530273,9.539999961853027,9.569999694824219,10000,TATT
2023-12-13,9.630000114440918,9.640000343322754,9.369999885559082,9.369999885559082,14600,TATT
2023-12-14,9.819999694824219,9.989999771118164,9.510000228881836,9.630000114440918,8600,TATT
2023-12-15,9.670000076293945,9.899999618530273,9.079999923706055,9.350000381469727,54600,TATT
2023-12-18,9.510000228881836,9.640000343322754,9.289999961853027,9.470000267028809,30100,TATT
2023-12-19,9.899999618530273,9.989999771118164,9.380000114440918,9.380000114440918,24100,TATT
2023-12-20,9.949999809265137,9.989999771118164,9.59000015258789,9.770000457763672,24500,TATT
2023-12-21,10.449999809265137,10.449999809265137,9.890000343322754,9.920000076293945,32400,TATT
2023-12-22,10.510000228881836,11.0,10.449999809265137,10.449999809265137,24800,TATT
2023-12-26,10.210000038146973,10.460000038146973,10.119999885559082,10.390000343322754,27500,TATT
2023-12-27,10.3100004196167,10.460000038146973,10.220000267028809,10.260000228881836,6600,TATT
2023-12-28,10.329999923706055,10.470000267028809,10.100000381469727,10.229999542236328,13200,TATT
2023-12-29,10.149999618530273,10.4399995803833,10.149999618530273,10.4399995803833,7700,TATT
2024-01-02,10.100000381469727,10.420000076293945,10.100000381469727,10.25,5400,TATT
2024-01-03,10.380000114440918,10.619999885559082,10.020000457763672,10.329999923706055,7900,TATT
2024-01-04,10.710000038146973,10.949999809265137,10.430000305175781,10.430000305175781,11700,TATT
2024-01-05,11.119999885559082,11.199999809265137,10.5,10.5,18700,TATT
2024-01-08,10.84000015258789,10.90999984741211,10.699999809265137,10.829999923706055,10500,TATT
2024-01-09,10.880000114440918,10.90999984741211,10.5600004196167,10.65999984741211,26900,TATT
2024-01-10,10.609999656677246,10.710000038146973,10.510000228881836,10.609999656677246,23300,TATT
2024-01-11,11.020000457763672,11.050000190734863,10.699999809265137,10.699999809265137,17200,TATT
2024-01-12,11.199999809265137,11.3100004196167,11.029999732971191,11.119999885559082,11500,TATT
2024-01-16,12.0,12.0,11.59000015258789,11.739999771118164,70000,TATT
2024-01-17,12.010000228881836,12.350000381469727,12.0,12.199999809265137,45600,TATT
2024-01-18,11.779999732971191,12.350000381469727,11.550000190734863,12.350000381469727,41200,TATT
2024-01-19,12.0,12.239999771118164,11.239999771118164,12.079999923706055,17700,TATT
2024-01-22,12.170000076293945,12.270000457763672,11.84000015258789,12.0600004196167,22100,TATT
2024-01-23,11.789999961853027,12.029999732971191,11.600000381469727,11.869999885559082,25100,TATT
2024-01-24,11.609999656677246,11.949999809265137,11.199999809265137,11.739999771118164,15500,TATT
2024-01-25,11.720000267028809,11.720000267028809,11.630000114440918,11.670000076293945,2700,TATT
2024-01-26,11.649999618530273,11.710000038146973,11.420000076293945,11.5,4700,TATT
2024-01-29,12.140000343322754,12.220000267028809,11.789999961853027,11.789999961853027,18300,TATT
2024-01-30,12.010000228881836,12.170000076293945,11.899999618530273,12.15999984741211,7800,TATT
2024-01-31,12.0,12.25,11.930000305175781,12.119999885559082,9300,TATT
2024-02-01,11.859999656677246,12.210000038146973,11.84000015258789,11.90999984741211,10500,TATT
2024-02-02,11.979999542236328,12.1899995803833,11.850000381469727,12.050000190734863,12800,TATT
2024-02-05,11.970000267028809,12.25,11.859999656677246,12.09000015258789,20000,TATT
2024-02-06,12.5,12.5,12.390000343322754,12.489999771118164,31800,TATT
2024-02-07,12.380000114440918,12.5,12.329999923706055,12.5,18100,TATT
2024-02-08,12.399999618530273,12.5,12.329999923706055,12.479999542236328,8800,TATT
2024-02-09,12.5,12.5,12.34000015258789,12.5,9700,TATT
2024-02-12,12.6899995803833,12.84000015258789,12.470000267028809,12.5,27400,TATT
2024-02-13,12.430000305175781,12.710000038146973,12.430000305175781,12.710000038146973,3800,TATT
2024-02-14,12.779999732971191,12.880000114440918,12.460000038146973,12.460000038146973,10600,TATT
2024-02-15,12.710000038146973,12.829999923706055,12.710000038146973,12.800000190734863,1600,TATT
2024-02-16,12.979999542236328,13.0,12.75,12.75,3100,TATT
2024-02-20,12.84000015258789,12.970000267028809,12.75,12.970000267028809,14900,TATT
2024-02-21,12.859999656677246,12.9399995803833,12.850000381469727,12.859999656677246,2900,TATT
2024-02-22,12.819999694824219,13.079999923706055,12.770000457763672,13.0,9900,TATT
2024-02-23,12.960000038146973,12.979999542236328,12.779999732971191,12.779999732971191,1700,TATT
2024-02-26,13.239999771118164,13.25,12.770000457763672,12.90999984741211,10600,TATT
2024-02-27,13.25,13.319999694824219,13.140000343322754,13.319999694824219,6700,TATT
2024-02-28,13.260000228881836,13.300000190734863,13.149999618530273,13.270000457763672,7400,TATT
2024-02-29,13.739999771118164,13.75,13.399999618530273,13.399999618530273,22500,TATT
2024-03-01,13.539999961853027,13.729999542236328,13.4399995803833,13.699999809265137,7000,TATT
2024-03-04,13.600000381469727,13.739999771118164,13.5,13.699999809265137,17000,TATT
2024-03-05,13.479999542236328,13.600000381469727,12.510000228881836,13.600000381469727,15500,TATT
2024-03-06,13.300000190734863,13.729999542236328,13.050000190734863,13.510000228881836,9200,TATT
2024-03-07,11.880000114440918,12.649999618530273,11.5,12.649999618530273,55700,TATT
2024-03-08,11.899999618530273,11.989999771118164,11.569999694824219,11.850000381469727,27600,TATT
2024-03-11,11.3100004196167,11.989999771118164,10.510000228881836,11.739999771118164,40400,TATT
2024-03-12,11.300000190734863,11.479999542236328,11.020000457763672,11.3100004196167,24500,TATT
2024-03-13,11.350000381469727,11.489999771118164,11.109999656677246,11.229999542236328,11000,TATT
2024-03-14,11.579999923706055,11.8100004196167,11.40999984741211,11.779999732971191,16700,TATT
2024-03-15,11.479999542236328,11.600000381469727,11.479999542236328,11.600000381469727,2100,TATT
2024-03-18,11.880000114440918,11.930000305175781,11.609999656677246,11.609999656677246,13400,TATT
2024-03-19,11.770000457763672,11.880000114440918,11.550000190734863,11.640000343322754,12600,TATT
2024-03-20,11.970000267028809,12.140000343322754,11.8100004196167,11.899999618530273,23200,TATT
2024-03-21,12.100000381469727,12.279999732971191,12.0600004196167,12.0600004196167,8800,TATT
2024-03-22,12.119999885559082,12.25,11.850000381469727,11.850000381469727,6300,TATT
2024-03-25,12.130000114440918,12.279999732971191,12.010000228881836,12.09000015258789,12700,TATT
2024-03-26,12.0600004196167,12.300000190734863,11.979999542236328,12.15999984741211,12600,TATT
2024-03-27,12.020000457763672,12.279999732971191,12.020000457763672,12.279999732971191,3400,TATT
2024-03-28,12.109999656677246,12.199999809265137,12.109999656677246,12.119999885559082,2700,TATT
2024-04-01,11.8100004196167,12.25,11.630000114440918,12.140000343322754,5500,TATT
2024-04-02,11.550000190734863,12.109999656677246,11.399999618530273,12.100000381469727,8900,TATT
2024-04-03,11.779999732971191,11.779999732971191,11.399999618530273,11.520000457763672,5200,TATT
2024-04-04,11.600000381469727,11.600000381469727,11.510000228881836,11.510000228881836,5000,TATT
2024-04-05,11.640000343322754,11.640000343322754,11.399999618530273,11.449999809265137,2600,TATT
2024-04-08,12.020000457763672,12.199999809265137,11.630000114440918,11.630000114440918,900,TATT
2024-04-09,11.600000381469727,11.960000038146973,11.539999961853027,11.770000457763672,3800,TATT
2024-04-10,11.359999656677246,11.579999923706055,10.609999656677246,11.40999984741211,4400,TATT
2024-04-11,11.460000038146973,11.710000038146973,11.239999771118164,11.5600004196167,3300,TATT
2024-04-12,11.970000267028809,11.970000267028809,11.460000038146973,11.460000038146973,1700,TATT
2024-04-15,11.630000114440918,12.010000228881836,11.630000114440918,12.010000228881836,10800,TATT
2024-04-16,11.529999732971191,11.75,11.529999732971191,11.699999809265137,5200,TATT
2024-04-17,11.180000305175781,11.460000038146973,11.010000228881836,11.460000038146973,5500,TATT
2024-04-18,11.109999656677246,11.40999984741211,11.050000190734863,11.40999984741211,1600,TATT
2024-04-19,11.109999656677246,11.149999618530273,11.109999656677246,11.149999618530273,1200,TATT
2024-04-22,11.380000114440918,11.640000343322754,11.25,11.350000381469727,3800,TATT
2024-04-23,11.6899995803833,11.6899995803833,11.140000343322754,11.140000343322754,4100,TATT
2024-04-24,11.5600004196167,11.6899995803833,11.34000015258789,11.520000457763672,5400,TATT
2024-04-25,11.600000381469727,11.640000343322754,11.029999732971191,11.359999656677246,3600,TATT
2024-04-26,11.890000343322754,11.890000343322754,11.550000190734863,11.550000190734863,8300,TATT
2024-04-29,11.800000190734863,11.800000190734863,11.800000190734863,11.800000190734863,600,TATT
2024-04-30,12.119999885559082,12.119999885559082,11.9399995803833,11.9399995803833,3200,TATT
2024-05-01,12.25,12.25,11.760000228881836,11.760000228881836,2600,TATT
2024-05-02,11.920000076293945,12.149999618530273,11.880000114440918,12.149999618530273,1600,TATT
2024-05-03,11.920000076293945,11.920000076293945,11.579999923706055,11.579999923706055,500,TATT
2024-05-06,12.170000076293945,12.170000076293945,11.779999732971191,11.779999732971191,2400,TATT
2024-05-07,12.079999923706055,12.270000457763672,12.0600004196167,12.270000457763672,3200,TATT
2024-05-08,11.84000015258789,12.140000343322754,11.84000015258789,12.140000343322754,700,TATT
2024-05-09,12.569999694824219,12.600000381469727,12.420000076293945,12.510000228881836,9100,TATT
2024-05-10,12.539999961853027,12.850000381469727,12.539999961853027,12.600000381469727,7600,TATT
2024-05-13,12.8100004196167,13.199999809265137,12.539999961853027,12.720000267028809,9700,TATT
2024-05-14,13.100000381469727,13.199999809265137,13.010000228881836,13.199999809265137,3100,TATT
2024-05-15,13.550000190734863,13.65999984741211,13.329999923706055,13.34000015258789,14600,TATT
2024-05-16,12.930000305175781,13.5,12.819999694824219,13.5,5600,TATT
2024-05-17,13.130000114440918,13.600000381469727,13.020000457763672,13.050000190734863,6600,TATT
2024-05-20,13.630000114440918,13.630000114440918,12.670000076293945,13.140000343322754,6700,TATT
2024-05-21,13.300000190734863,13.680000305175781,13.119999885559082,13.649999618530273,12500,TATT
2024-05-22,13.529999732971191,13.529999732971191,13.09000015258789,13.09000015258789,6200,TATT
2024-05-23,13.670000076293945,13.890000343322754,13.350000381469727,13.649999618530273,23400,TATT
2024-05-24,15.220000267028809,15.699999809265137,13.979999542236328,14.0,47600,TATT
2024-05-28,15.170000076293945,15.5,15.0,15.489999771118164,60500,TATT
2024-05-29,15.300000190734863,15.300000190734863,14.899999618530273,15.0,22500,TATT
2024-05-30,15.199999809265137,15.289999961853027,14.630000114440918,15.180000305175781,4600,TATT
2024-05-31,15.109999656677246,15.109999656677246,14.800000190734863,15.020000457763672,15000,TATT
2024-06-03,15.760000228881836,16.0,15.0,15.130000114440918,14600,TATT
2024-06-04,15.15999984741211,15.300000190734863,15.050000190734863,15.050000190734863,33400,TATT
2024-06-05,14.680000305175781,15.0,14.640000343322754,14.699999809265137,28800,TATT
2024-06-06,14.510000228881836,14.850000381469727,14.199999809265137,14.680000305175781,6500,TATT
2024-06-07,14.630000114440918,14.970000267028809,14.529999732971191,14.970000267028809,3900,TATT
2024-06-10,14.920000076293945,14.989999771118164,14.300000190734863,14.630000114440918,10200,TATT
2024-06-11,15.449999809265137,15.5,14.800000190734863,14.989999771118164,18700,TATT
2024-06-12,15.5,16.239999771118164,15.479999542236328,15.890000343322754,22600,TATT
2024-06-13,15.100000381469727,15.180000305175781,14.880000114440918,15.0,8400,TATT
2024-06-14,14.989999771118164,15.210000038146973,14.989999771118164,15.100000381469727,3100,TATT
2024-06-17,14.989999771118164,15.1899995803833,14.880000114440918,14.979999542236328,6100,TATT
2024-06-18,14.5,14.920000076293945,14.199999809265137,14.899999618530273,17300,TATT
2024-06-20,13.859999656677246,14.479999542236328,13.800000190734863,14.479999542236328,18500,TATT
2024-06-21,13.899999618530273,14.09000015258789,13.850000381469727,13.859999656677246,3800,TATT
2024-06-24,14.260000228881836,14.5,13.699999809265137,13.699999809265137,18700,TATT
2024-06-25,14.350000381469727,14.390000343322754,14.0,14.100000381469727,4400,TATT
2024-06-26,14.239999771118164,14.350000381469727,14.09000015258789,14.34000015258789,3500,TATT
2024-06-27,14.65999984741211,14.800000190734863,14.520000457763672,14.520000457763672,7100,TATT
2024-06-28,14.899999618530273,15.119999885559082,14.510000228881836,14.8100004196167,6800,TATT
2024-07-01,14.770000457763672,14.989999771118164,14.5600004196167,14.989999771118164,6300,TATT
2024-07-02,14.550000190734863,14.65999984741211,14.4399995803833,14.4399995803833,10000,TATT
2024-07-03,14.260000228881836,14.699999809265137,14.260000228881836,14.699999809265137,2500,TATT
2024-07-05,14.75,14.779999732971191,14.489999771118164,14.489999771118164,16800,TATT
2024-07-08,14.539999961853027,14.779999732971191,14.260000228881836,14.760000228881836,16100,TATT
2024-07-09,14.100000381469727,14.680000305175781,14.100000381469727,14.680000305175781,5000,TATT
2024-07-10,14.220000267028809,14.399999618530273,14.029999732971191,14.270000457763672,8500,TATT
2024-07-11,14.59000015258789,15.220000267028809,14.59000015258789,14.600000381469727,8100,TATT
2024-07-12,14.789999961853027,14.800000190734863,14.460000038146973,14.619999885559082,7400,TATT
2024-07-15,14.5600004196167,14.6899995803833,14.539999961853027,14.6899995803833,4300,TATT
2024-07-16,14.899999618530273,14.899999618530273,14.390000343322754,14.569999694824219,3600,TATT
2024-07-17,14.399999618530273,14.8100004196167,14.399999618530273,14.8100004196167,6200,TATT
2024-07-18,14.399999618530273,14.40999984741211,14.380000114440918,14.380000114440918,8700,TATT
2024-07-19,14.380000114440918,14.399999618530273,14.380000114440918,14.380000114440918,4200,TATT
2024-07-22,14.380000114440918,14.399999618530273,14.029999732971191,14.350000381469727,7100,TATT
2024-07-23,14.300000190734863,14.510000228881836,14.149999618530273,14.510000228881836,5900,TATT
2024-07-24,14.199999809265137,14.489999771118164,14.149999618530273,14.489999771118164,2800,TATT
2024-07-25,13.970000267028809,14.40999984741211,13.960000038146973,14.399999618530273,10000,TATT
2024-07-26,14.460000038146973,14.489999771118164,13.970000267028809,13.970000267028809,8400,TATT
2024-07-29,14.020000457763672,14.239999771118164,13.949999809265137,14.229999542236328,6200,TATT
2024-07-30,13.899999618530273,14.199999809265137,13.550000190734863,13.960000038146973,4300,TATT
2024-07-31,14.800000190734863,14.800000190734863,13.819999694824219,13.899999618530273,46900,TATT
2024-08-01,14.390000343322754,14.550000190734863,14.25,14.25,14400,TATT
2024-08-02,13.609999656677246,13.979999542236328,13.550000190734863,13.800000190734863,13800,TATT
2024-08-05,13.279999732971191,13.84000015258789,12.609999656677246,13.84000015258789,23700,TATT
2024-08-06,13.5,13.5,13.260000228881836,13.399999618530273,2800,TATT
2024-08-07,13.869999885559082,14.149999618530273,13.84000015258789,13.989999771118164,8000,TATT
2024-08-08,14.149999618530273,14.210000038146973,13.84000015258789,14.109999656677246,3500,TATT
2024-08-09,14.239999771118164,14.239999771118164,14.079999923706055,14.079999923706055,2400,TATT
2024-08-12,13.8100004196167,14.100000381469727,13.8100004196167,14.079999923706055,5100,TATT
2024-08-13,14.0,14.25,13.569999694824219,13.569999694824219,3000,TATT
2024-08-14,14.130000114440918,14.350000381469727,14.0,14.010000228881836,5700,TATT
2024-08-15,14.75,14.75,14.180000305175781,14.220000267028809,4900,TATT
2024-08-16,14.779999732971191,14.850000381469727,14.649999618530273,14.649999618530273,3100,TATT
2024-08-19,14.600000381469727,14.739999771118164,14.600000381469727,14.739999771118164,1400,TATT
2024-08-20,14.84000015258789,14.989999771118164,14.739999771118164,14.770000457763672,7300,TATT
2024-08-21,14.729999542236328,15.0,14.4399995803833,14.739999771118164,13000,TATT
2024-08-22,15.350000381469727,15.720000267028809,14.819999694824219,14.819999694824219,12200,TATT
2024-08-23,15.949999809265137,15.949999809265137,15.359999656677246,15.399999618530273,12600,TATT
2024-08-26,15.789999961853027,16.0,15.699999809265137,16.0,12600,TATT
2024-08-27,15.869999885559082,15.970000267028809,15.789999961853027,15.90999984741211,3900,TATT
2024-08-28,15.350000381469727,15.979999542236328,15.270000457763672,15.970000267028809,13300,TATT
2024-08-29,17.969999313354492,18.0,16.59000015258789,16.989999771118164,110100,TATT
2024-08-30,17.459999084472656,18.0,17.309999465942383,18.0,15300,TATT
2024-09-03,16.6299991607666,17.3799991607666,15.899999618530273,16.1200008392334,61500,TATT
2024-09-04,16.06999969482422,16.479999542236328,15.8100004196167,16.0,29700,TATT
2024-09-05,16.709999084472656,16.799999237060547,15.90999984741211,15.90999984741211,8300,TATT
2024-09-06,15.920000076293945,16.790000915527344,15.920000076293945,16.790000915527344,7200,TATT
2024-09-09,15.710000038146973,16.1200008392334,15.710000038146973,15.899999618530273,7500,TATT
2024-09-10,16.469999313354492,16.700000762939453,16.059999465942383,16.059999465942383,33100,TATT
2024-09-11,17.06999969482422,17.459999084472656,16.010000228881836,16.5,34800,TATT
2024-09-12,16.829999923706055,17.200000762939453,16.579999923706055,17.049999237060547,8200,TATT
2024-09-13,17.149999618530273,17.170000076293945,16.6299991607666,16.6299991607666,7800,TATT
2024-09-16,17.31999969482422,17.459999084472656,16.899999618530273,17.170000076293945,15200,TATT
2024-09-17,16.829999923706055,17.020000457763672,16.34000015258789,16.770000457763672,27000,TATT
2024-09-18,17.190000534057617,17.399999618530273,16.950000762939453,17.0,5600,TATT
2024-09-19,17.690000534057617,17.75,17.049999237060547,17.049999237060547,18200,TATT
2024-09-20,17.760000228881836,18.0,17.280000686645508,17.280000686645508,12700,TATT
2024-09-23,18.229999542236328,18.649999618530273,17.670000076293945,17.860000610351562,26000,TATT
2024-09-24,18.1200008392334,18.389999389648438,17.860000610351562,18.389999389648438,8100,TATT
2024-09-25,17.950000762939453,18.1299991607666,17.899999618530273,18.1200008392334,4800,TATT
2024-09-26,17.889999389648438,18.190000534057617,17.889999389648438,18.139999389648438,5500,TATT
2024-09-27,18.469999313354492,18.899999618530273,17.889999389648438,17.899999618530273,27100,TATT
2024-09-30,18.34000015258789,18.489999771118164,18.010000228881836,18.489999771118164,8300,TATT
2024-10-01,17.209999084472656,18.239999771118164,17.209999084472656,18.170000076293945,18300,TATT
2024-10-02,16.899999618530273,17.350000381469727,16.8700008392334,17.309999465942383,14600,TATT
2024-10-03,17.34000015258789,17.399999618530273,17.049999237060547,17.399999618530273,3700,TATT
2024-10-04,17.360000610351562,18.0,17.110000610351562,17.65999984741211,6200,TATT
2024-10-07,17.079999923706055,17.350000381469727,16.420000076293945,17.350000381469727,13000,TATT
2024-10-08,17.079999923706055,17.079999923706055,16.25,16.760000228881836,15600,TATT
2024-10-09,16.709999084472656,17.149999618530273,16.540000915527344,16.540000915527344,17200,TATT
2024-10-10,17.940000534057617,18.09000015258789,17.020000457763672,17.209999084472656,16300,TATT
2024-10-11,18.0,18.049999237060547,17.790000915527344,17.989999771118164,4700,TATT
2024-10-14,17.75,18.0,17.75,17.81999969482422,6600,TATT
2024-10-15,17.6299991607666,17.979999542236328,17.600000381469727,17.65999984741211,5700,TATT
2024-10-16,17.540000915527344,17.65999984741211,17.280000686645508,17.65999984741211,7900,TATT
2024-10-17,18.190000534057617,18.190000534057617,17.75,17.75,5900,TATT
2024-10-18,18.200000762939453,18.200000762939453,17.90999984741211,18.190000534057617,5200,TATT
2024-10-21,18.75,19.469999313354492,18.5,18.5,39100,TATT
2024-10-22,18.889999389648438,19.219999313354492,18.75,18.860000610351562,32100,TATT
2024-10-23,18.93000030517578,19.350000381469727,18.530000686645508,18.920000076293945,22500,TATT
2024-10-24,18.3700008392334,18.780000686645508,18.260000228881836,18.780000686645508,11200,TATT
2024-10-25,18.420000076293945,18.850000381469727,18.420000076293945,18.850000381469727,6700,TATT
2024-10-28,18.56999969482422,18.860000610351562,18.559999465942383,18.75,7100,TATT
2024-10-29,18.75,18.959999084472656,18.479999542236328,18.600000381469727,19600,TATT
2024-10-30,18.989999771118164,18.989999771118164,18.700000762939453,18.889999389648438,4600,TATT
2024-10-31,18.229999542236328,18.760000228881836,18.170000076293945,18.600000381469727,9100,TATT
2024-11-01,18.40999984741211,18.670000076293945,18.190000534057617,18.299999237060547,6900,TATT
2024-11-04,18.260000228881836,18.350000381469727,17.709999084472656,17.770000457763672,11300,TATT
2024-11-05,18.290000915527344,18.299999237060547,17.81999969482422,18.299999237060547,13100,TATT
2024-11-06,19.0,19.399999618530273,18.100000381469727,18.239999771118164,51500,TATT
2024-11-07,18.549999237060547,18.790000915527344,18.190000534057617,18.75,17300,TATT
2024-11-08,18.350000381469727,18.93000030517578,18.350000381469727,18.540000915527344,20800,TATT
2024-11-11,19.229999542236328,19.459999084472656,18.639999389648438,18.639999389648438,38500,TATT
2024-11-12,20.56999969482422,21.5,19.34000015258789,19.540000915527344,56800,TATT
2024-11-13,20.739999771118164,21.309999465942383,20.34000015258789,20.469999313354492,40200,TATT
2024-11-14,22.18000030517578,23.0,21.0,21.0,60800,TATT
2024-11-15,20.610000610351562,22.450000762939453,18.8700008392334,22.25,44300,TATT
2024-11-18,20.799999237060547,21.0,20.0,20.780000686645508,30800,TATT
2024-11-19,23.56999969482422,24.290000915527344,21.0,21.0,154500,TATT
2024-11-20,22.350000381469727,23.5,21.600000381469727,23.420000076293945,36400,TATT
2024-11-21,21.729999542236328,22.0,20.600000381469727,21.0,74600,TATT
2024-11-22,22.229999542236328,22.700000762939453,21.950000762939453,21.950000762939453,59100,TATT
2024-11-25,22.360000610351562,22.450000762939453,21.860000610351562,22.190000534057617,25800,TATT
2024-11-26,22.010000228881836,22.530000686645508,21.75,21.889999389648438,17000,TATT
2024-11-27,22.06999969482422,22.479999542236328,20.950000762939453,21.770000457763672,39600,TATT
2024-11-29,22.780000686645508,22.90999984741211,22.229999542236328,22.31999969482422,13300,TATT
2024-12-02,22.600000381469727,22.989999771118164,21.709999084472656,22.0,66200,TATT
2024-12-03,22.190000534057617,22.84000015258789,21.989999771118164,22.84000015258789,16700,TATT
2024-12-04,23.06999969482422,23.239999771118164,21.989999771118164,22.15999984741211,39500,TATT
2024-12-05,25.670000076293945,26.170000076293945,23.34000015258789,23.389999389648438,96600,TATT
2024-12-06,24.950000762939453,25.6299991607666,24.649999618530273,25.6299991607666,79600,TATT
2024-12-09,24.790000915527344,25.450000762939453,24.040000915527344,24.649999618530273,46600,TATT
2024-12-10,25.100000381469727,25.59000015258789,24.700000762939453,24.709999084472656,64400,TATT
2024-12-11,26.229999542236328,27.690000534057617,25.059999465942383,25.170000076293945,122000,TATT
2024-12-12,26.979999542236328,27.68000030517578,26.299999237060547,26.549999237060547,50100,TATT
2024-12-13,26.459999084472656,27.5,26.3799991607666,27.25,38000,TATT
2024-12-16,26.020000457763672,26.229999542236328,25.1299991607666,26.059999465942383,35400,TATT
2024-12-17,26.0,26.06999969482422,25.31999969482422,25.489999771118164,47000,TATT
2024-12-18,25.270000457763672,27.360000610351562,24.940000534057617,26.209999084472656,57300,TATT
2024-12-19,26.15999984741211,26.799999237060547,25.75,25.809999465942383,35900,TATT
2024-12-20,26.0,26.950000762939453,25.549999237060547,25.700000762939453,26600,TATT
2024-12-23,25.959999084472656,26.600000381469727,25.139999389648438,25.920000076293945,49400,TATT
2024-12-24,25.920000076293945,26.15999984741211,25.3799991607666,25.579999923706055,15600,TATT
2024-12-26,26.389999389648438,26.559999465942383,25.700000762939453,25.889999389648438,25800,TATT
2024-12-27,26.030000686645508,27.09000015258789,25.56999969482422,26.829999923706055,13100,TATT
2024-12-30,26.34000015258789,26.770000457763672,25.600000381469727,25.649999618530273,18400,TATT
2024-12-31,25.68000030517578,26.040000915527344,25.18000030517578,26.040000915527344,19400,TATT
2025-01-02,27.1200008392334,28.389999389648438,25.940000534057617,26.200000762939453,42500,TATT
2025-01-03,27.110000610351562,28.399999618530273,27.110000610351562,27.219999313354492,33000,TATT
2025-01-06,26.309999465942383,27.90999984741211,26.020000457763672,27.25,36400,TATT
2025-01-07,26.329999923706055,26.989999771118164,25.790000915527344,26.719999313354492,18300,TATT
2025-01-08,24.579999923706055,25.93000030517578,22.56999969482422,25.93000030517578,87900,TATT
2025-01-10,24.780000686645508,25.110000610351562,23.739999771118164,24.649999618530273,28500,TATT
2025-01-13,25.799999237060547,26.010000228881836,24.809999465942383,24.920000076293945,54400,TATT
2025-01-14,27.510000228881836,28.200000762939453,26.600000381469727,27.100000381469727,71200,TATT
2025-01-15,28.1299991607666,28.489999771118164,27.6299991607666,27.760000228881836,72700,TATT
2025-01-16,27.700000762939453,29.0,27.639999389648438,28.149999618530273,90600,TATT
2025-01-17,28.8700008392334,28.8799991607666,27.56999969482422,28.299999237060547,45000,TATT
2025-01-21,30.43000030517578,31.280000686645508,28.920000076293945,29.0,72000,TATT
2025-01-22,30.799999237060547,31.790000915527344,29.780000686645508,30.440000534057617,66400,TATT
2025-01-23,29.420000076293945,30.90999984741211,29.219999313354492,30.530000686645508,34500,TATT
2025-01-24,29.93000030517578,31.15999984741211,29.1299991607666,29.93000030517578,109200,TATT
2025-01-27,29.1299991607666,29.459999084472656,27.479999542236328,29.239999771118164,75400,TATT
2025-01-28,30.299999237060547,30.540000915527344,28.209999084472656,28.8700008392334,69800,TATT
2025-01-29,32.11000061035156,33.369998931884766,30.329999923706055,30.420000076293945,117900,TATT
2025-01-30,30.93000030517578,32.0,30.010000228881836,30.260000228881836,76800,TATT
2025-01-31,31.90999984741211,32.939998626708984,31.06999969482422,31.3799991607666,98300,TATT
2025-02-03,28.5,29.899999618530273,28.100000381469727,29.5,136900,TATT
2025-02-04,30.149999618530273,30.149999618530273,28.780000686645508,29.030000686645508,29700,TATT
2025-02-05,30.420000076293945,30.940000534057617,29.559999465942383,30.139999389648438,50200,TATT
2025-02-06,30.649999618530273,30.799999237060547,29.299999237060547,29.3799991607666,44900,TATT
2025-02-07,29.3799991607666,31.200000762939453,28.8700008392334,30.899999618530273,24500,TATT
2025-02-10,28.389999389648438,29.459999084472656,28.18000030517578,29.09000015258789,45000,TATT
2025-02-11,28.540000915527344,29.049999237060547,27.719999313354492,28.450000762939453,50500,TATT
2025-02-12,28.399999618530273,29.489999771118164,28.020000457763672,28.5,45700,TATT
2025-02-13,27.75,28.469999313354492,26.200000762939453,28.3799991607666,83600,TATT
2025-02-14,28.079999923706055,28.510000228881836,27.15999984741211,27.649999618530273,43100,TATT
2025-02-18,27.920000076293945,29.479999542236328,27.6200008392334,28.489999771118164,29600,TATT
2025-02-19,28.020000457763672,28.3799991607666,27.729999542236328,28.040000915527344,22000,TATT
2025-02-20,26.760000228881836,28.360000610351562,26.389999389648438,28.360000610351562,38200,TATT
2025-02-21,26.030000686645508,27.200000762939453,25.510000228881836,26.93000030517578,62300,TATT
2025-02-24,27.010000228881836,27.309999465942383,26.540000915527344,26.600000381469727,62500,TATT
2025-02-25,26.110000610351562,26.889999389648438,25.899999618530273,26.889999389648438,33100,TATT
2025-02-26,26.65999984741211,27.110000610351562,25.700000762939453,26.110000610351562,47500,TATT
2025-02-27,25.979999542236328,26.920000076293945,25.84000015258789,26.90999984741211,12000,TATT
2025-02-28,26.260000228881836,26.450000762939453,25.450000762939453,25.90999984741211,19900,TATT
2025-03-03,27.06999969482422,27.829999923706055,26.530000686645508,27.309999465942383,34800,TATT
2025-03-04,26.639999389648438,27.059999465942383,24.809999465942383,26.520000457763672,46700,TATT
2025-03-05,26.770000457763672,26.770000457763672,25.8799991607666,26.700000762939453,14500,TATT
2025-03-06,24.690000534057617,27.010000228881836,24.219999313354492,27.010000228881836,48000,TATT
2025-03-07,26.1299991607666,26.739999771118164,24.170000076293945,24.530000686645508,34100,TATT
2025-03-10,24.6200008392334,26.1200008392334,23.3700008392334,26.100000381469727,64700,TATT
2025-03-11,24.959999084472656,25.34000015258789,23.84000015258789,24.25,36900,TATT
2025-03-12,24.709999084472656,25.40999984741211,24.600000381469727,25.40999984741211,28600,TATT
2025-03-13,25.15999984741211,25.290000915527344,23.90999984741211,24.790000915527344,26200,TATT
2025-03-14,25.790000915527344,25.799999237060547,24.809999465942383,25.25,25500,TATT
2025-03-17,26.09000015258789,26.25,25.25,25.600000381469727,33900,TATT
2025-03-18,25.440000534057617,25.719999313354492,24.889999389648438,24.889999389648438,58700,TATT
2025-03-19,26.549999237060547,26.549999237060547,25.1200008392334,25.1200008392334,37100,TATT
2025-03-20,24.780000686645508,25.459999084472656,23.920000076293945,23.920000076293945,56200,TATT
2025-03-21,25.0,25.329999923706055,24.170000076293945,24.40999984741211,40300,TATT
2025-03-24,25.079999923706055,25.290000915527344,24.18000030517578,24.18000030517578,48300,TATT
2025-03-25,25.690000534057617,25.780000686645508,24.829999923706055,24.829999923706055,42800,TATT
2025-03-26,25.899999618530273,26.299999237060547,25.040000915527344,25.040000915527344,57600,TATT
2025-03-27,27.969999313354492,29.399999618530273,27.299999237060547,27.299999237060547,230600,TATT
2025-03-28,28.200000762939453,29.0,27.670000076293945,27.969999313354492,101500,TATT
2025-03-31,27.479999542236328,27.920000076293945,26.15999984741211,27.5,182600,TATT
2025-04-01,27.3700008392334,28.3700008392334,26.520000457763672,27.579999923706055,133800,TATT
2025-04-02,27.270000457763672,28.0,26.739999771118164,27.200000762939453,41200,TATT
2025-04-03,27.280000686645508,27.889999389648438,25.399999618530273,25.489999771118164,172700,TATT
2025-04-04,25.639999389648438,27.280000686645508,25.010000228881836,26.790000915527344,105300,TATT
2025-04-07,25.6299991607666,26.530000686645508,23.959999084472656,24.200000762939453,99900,TATT
2025-04-08,25.809999465942383,26.579999923706055,25.239999771118164,26.579999923706055,148700,TATT
2025-04-09,27.299999237060547,27.600000381469727,25.5,26.1200008392334,147900,TATT
2025-04-10,26.850000381469727,27.969999313354492,26.420000076293945,27.299999237060547,78700,TATT
2025-04-11,27.700000762939453,27.989999771118164,26.6200008392334,26.899999618530273,45800,TATT
2025-04-14,28.170000076293945,29.489999771118164,27.850000381469727,29.489999771118164,123600,TATT
2025-04-15,28.6299991607666,29.200000762939453,28.190000534057617,28.5,89700,TATT
2025-04-16,28.860000610351562,29.190000534057617,28.06999969482422,28.729999542236328,106700,TATT
2025-04-17,32.84000015258789,33.83000183105469,28.459999084472656,28.790000915527344,679100,TATT
2025-04-21,27.610000610351562,32.400001525878906,26.200000762939453,31.469999313354492,518500,TATT
2025-04-22,26.329999923706055,28.290000915527344,25.010000228881836,27.700000762939453,192600,TATT
2025-04-23,26.600000381469727,27.56999969482422,26.219999313354492,27.209999084472656,94500,TATT
2025-04-24,25.729999542236328,26.8799991607666,25.510000228881836,26.190000534057617,66500,TATT
2025-04-25,25.399999618530273,25.979999542236328,24.559999465942383,25.75,73500,TATT
2025-04-28,28.079999923706055,28.190000534057617,25.600000381469727,25.809999465942383,126400,TATT
2025-04-29,28.469999313354492,28.899999618530273,27.510000228881836,27.56999969482422,44800,TATT
2025-04-30,28.459999084472656,28.979999542236328,27.489999771118164,28.229999542236328,60600,TATT
2025-05-01,29.209999084472656,29.3799991607666,28.110000610351562,28.959999084472656,81900,TATT
2025-05-02,29.309999465942383,30.18000030517578,29.299999237060547,29.610000610351562,73700,TATT
2025-05-05,29.549999237060547,30.290000915527344,28.579999923706055,29.200000762939453,58500,TATT
2025-05-06,29.790000915527344,31.200000762939453,29.5,29.719999313354492,90400,TATT
2025-05-07,31.799999237060547,32.36000061035156,29.899999618530273,29.899999618530273,71400,TATT
2025-05-08,34.7400016784668,35.20000076293945,32.0,32.22999954223633,134400,TATT
2025-05-09,34.13999938964844,36.4900016784668,33.52000045776367,35.41999816894531,137500,TATT
2025-05-12,32.18000030517578,32.91999816894531,29.559999465942383,32.540000915527344,176300,TATT
2025-05-13,33.470001220703125,33.959999084472656,31.940000534057617,31.940000534057617,82500,TATT
2025-05-14,33.4900016784668,34.5099983215332,32.810001373291016,33.25,42100,TATT
2025-05-15,35.209999084472656,35.93000030517578,33.11000061035156,33.349998474121094,78100,TATT
2025-05-16,34.63999938964844,35.84000015258789,34.06999969482422,35.54999923706055,87500,TATT
2025-05-19,34.81999969482422,35.16999816894531,33.08000183105469,34.810001373291016,136900,TATT
2025-05-20,32.93000030517578,34.9900016784668,30.700000762939453,34.09000015258789,275000,TATT
2025-05-21,30.549999237060547,33.06999969482422,30.149999618530273,31.520000457763672,90100,TATT
2025-05-22,30.670000076293945,31.90999984741211,30.209999084472656,31.31999969482422,67900,TATT
2025-05-23,30.329999923706055,31.0,29.889999389648438,30.1200008392334,37300,TATT
2025-05-27,31.219999313354492,31.440000534057617,30.450000762939453,31.260000228881836,54100,TATT
2025-05-28,30.829999923706055,31.450000762939453,30.600000381469727,31.200000762939453,47800,TATT
2025-05-29,27.479999542236328,29.1200008392334,27.010000228881836,27.850000381469727,588100,TATT
2025-05-30,26.030000686645508,26.790000915527344,25.780000686645508,26.0,2628300,TATT
2025-06-02,26.739999771118164,26.850000381469727,25.899999618530273,26.079999923706055,436000,TATT
2025-06-03,26.649999618530273,27.1200008392334,26.209999084472656,26.899999618530273,303000,TATT
2025-06-04,26.93000030517578,27.670000076293945,26.510000228881836,27.079999923706055,320300,TATT
2025-06-05,26.5,27.5,26.440000534057617,27.239999771118164,249100,TATT
2025-06-06,27.200000762939453,27.489999771118164,26.510000228881836,26.809999465942383,175900,TATT
2025-06-09,26.510000228881836,27.0,26.18000030517578,27.0,155200,TATT
2025-06-10,26.399999618530273,27.1200008392334,25.90999984741211,26.809999465942383,211000,TATT
2025-06-11,26.06999969482422,26.75,26.020000457763672,26.75,122000,TATT
2025-06-12,25.959999084472656,26.34000015258789,25.579999923706055,26.030000686645508,103600,TATT
2025-06-13,26.290000915527344,26.43000030517578,25.719999313354492,26.110000610351562,146400,TATT
2025-06-16,26.280000686645508,27.600000381469727,26.219999313354492,27.0,244700,TATT
2025-06-17,25.860000610351562,26.219999313354492,25.520000457763672,26.09000015258789,144500,TATT
2025-06-18,26.440000534057617,27.059999465942383,26.329999923706055,26.799999237060547,401400,TATT
2025-06-20,25.600000381469727,26.690000534057617,25.579999923706055,26.510000228881836,141200,TATT
2025-06-23,27.100000381469727,27.440000534057617,26.1200008392334,26.459999084472656,582000,TATT
2025-06-24,29.290000915527344,29.399999618530273,27.31999969482422,28.170000076293945,355400,TATT
2025-06-25,28.799999237060547,29.920000076293945,28.0,29.5,222400,TATT
2025-06-26,30.059999465942383,30.540000915527344,28.809999465942383,29.049999237060547,211100,TATT
2025-06-27,30.190000534057617,31.0,29.559999465942383,30.1200008392334,303600,TATT
2025-06-30,30.540000915527344,31.81999969482422,30.5,30.950000762939453,219700,TATT
2025-07-01,30.25,31.540000915527344,29.219999313354492,31.5,365800,TATT
2025-07-02,30.549999237060547,30.649999618530273,29.709999084472656,30.260000228881836,205700,TATT
2025-07-03,31.1299991607666,31.209999084472656,30.299999237060547,30.56999969482422,90200,TATT
2025-07-07,31.850000381469727,31.860000610351562,30.170000076293945,31.43000030517578,174500,TATT
2025-07-08,31.209999084472656,31.770000457763672,30.010000228881836,31.459999084472656,106400,TATT
2025-07-09,30.760000228881836,31.299999237060547,30.40999984741211,31.270000457763672,70800,TATT
2025-07-10,30.209999084472656,31.1200008392334,30.100000381469727,31.06999969482422,93300,TATT
2025-07-11,29.81999969482422,30.520000457763672,29.3799991607666,30.520000457763672,73600,TATT
2025-07-14,30.059999465942383,30.149999618530273,29.299999237060547,29.56999969482422,65800,TATT
2025-07-15,30.0,30.260000228881836,29.299999237060547,30.020000457763672,103000,TATT
2025-07-16,30.809999465942383,30.989999771118164,29.790000915527344,30.329999923706055,60400,TATT
2025-07-17,30.84000015258789,31.270000457763672,30.649999618530273,30.81999969482422,60500,TATT
2025-07-18,31.18000030517578,31.329999923706055,30.65999984741211,30.81999969482422,57400,TATT
2025-07-21,31.540000915527344,32.77000045776367,30.889999389648438,31.399999618530273,166900,TATT
2025-07-22,31.170000076293945,31.6299991607666,30.719999313354492,31.440000534057617,89900,TATT
2025-07-23,31.799999237060547,31.799999237060547,31.010000228881836,31.510000228881836,46800,TATT
2025-07-24,32.349998474121094,32.84000015258789,32.209999084472656,32.369998931884766,82000,TATT
2025-07-25,32.099998474121094,32.43000030517578,31.010000228881836,32.349998474121094,55700,TATT
2025-07-28,32.650001525878906,32.91999816894531,31.81999969482422,32.33000183105469,60500,TATT
2025-07-29,34.220001220703125,35.45000076293945,33.349998474121094,33.540000915527344,192700,TATT
2025-07-30,36.75,36.9900016784668,34.619998931884766,34.790000915527344,218900,TATT
2025-07-31,34.470001220703125,36.779998779296875,33.5,36.779998779296875,180800,TATT
2025-08-01,34.380001068115234,34.619998931884766,32.29999923706055,33.84000015258789,175500,TATT
2025-08-04,35.880001068115234,36.0,34.68000030517578,35.22999954223633,49600,TATT
2025-08-05,36.459999084472656,37.900001525878906,36.0,36.11000061035156,165700,TATT
2025-08-06,37.0,38.060001373291016,36.08000183105469,36.81999969482422,157400,TATT
2025-08-07,37.79999923706055,38.2599983215332,37.16999816894531,37.79999923706055,110900,TATT
2025-08-08,37.0099983215332,38.2599983215332,36.470001220703125,37.880001068115234,103700,TATT
2025-08-11,37.06999969482422,38.060001373291016,36.22999954223633,37.72999954223633,235300,TATT
2025-08-12,32.47999954223633,34.08000183105469,30.360000610351562,33.209999084472656,507200,TATT
2025-08-13,33.90999984741211,35.72999954223633,33.36000061035156,33.75,328100,TATT
2025-08-14,36.029998779296875,36.400001525878906,33.5,33.650001525878906,245100,TATT
2025-08-15,37.060001373291016,38.70000076293945,35.0099983215332,36.0099983215332,463500,TATT
2025-08-18,40.13999938964844,41.0,38.0099983215332,38.93000030517578,533500,TATT
2025-08-19,35.88999938964844,39.4900016784668,35.2400016784668,39.349998474121094,366400,TATT
2025-08-20,35.25,36.45000076293945,35.06999969482422,35.86000061035156,136600,TATT
2025-08-21,36.54999923706055,38.06999969482422,35.119998931884766,35.119998931884766,209900,TATT
2025-08-22,36.97999954223633,37.459999084472656,35.0099983215332,36.5,145900,TATT
2025-08-25,36.31999969482422,37.779998779296875,35.79999923706055,37.33000183105469,175300,TATT
2025-08-26,37.0099983215332,37.709999084472656,36.0,36.0,136900,TATT
2025-08-27,37.04999923706055,37.88999938964844,37.0,37.369998931884766,67600,TATT
2025-08-28,37.72999954223633,38.4900016784668,37.06999969482422,37.2599983215332,109800,TATT
2025-08-29,36.45000076293945,38.279998779296875,36.20000076293945,37.93000030517578,123000,TATT
2025-09-02,34.790000915527344,36.349998474121094,34.529998779296875,35.689998626708984,117900,TATT
2025-09-03,35.560001373291016,36.709999084472656,34.900001525878906,35.720001220703125,128300,TATT
2025-09-04,34.630001068115234,35.43000030517578,34.34000015258789,35.43000030517578,91800,TATT
2025-09-05,33.81999969482422,34.689998626708984,32.75,34.22999954223633,94300,TATT
2025-09-08,35.45000076293945,36.4900016784668,34.619998931884766,34.619998931884766,150300,TATT
2025-09-09,36.52000045776367,37.189998626708984,35.709999084472656,36.20000076293945,107200,TATT
2025-09-10,36.54999923706055,37.869998931884766,35.88999938964844,37.41999816894531,172800,TATT
2025-09-11,36.93000030517578,37.0,35.689998626708984,36.5099983215332,111500,TATT
2025-09-12,36.720001220703125,37.61000061035156,36.0,37.08000183105469,116000,TATT
2025-09-15,38.56999969482422,38.63999938964844,36.11000061035156,36.7400016784668,171700,TATT
2025-09-16,38.79999923706055,39.150001525878906,37.2400016784668,38.099998474121094,179500,TATT
2025-09-17,39.279998779296875,40.5099983215332,38.279998779296875,38.400001525878906,302100,TATT
2025-09-18,41.61000061035156,41.97999954223633,37.900001525878906,38.16999816894531,228600,TATT
2025-09-19,41.290000915527344,42.9900016784668,40.63999938964844,42.540000915527344,275600,TATT
2025-09-22,42.439998626708984,42.86000061035156,40.0,40.150001525878906,230100,TATT
2025-09-23,41.560001373291016,42.77000045776367,41.029998779296875,42.5,132900,TATT
2025-09-24,40.400001525878906,42.31999969482422,40.0099983215332,41.68000030517578,141900,TATT
2025-09-25,39.81999969482422,40.18000030517578,39.02000045776367,39.65999984741211,127900,TATT
2025-09-26,40.02000045776367,40.45000076293945,39.689998626708984,40.060001373291016,58600,TATT
2025-09-29,40.290000915527344,41.95000076293945,40.0,40.290000915527344,154200,TATT
2025-09-30,44.029998779296875,44.130001068115234,40.029998779296875,40.04999923706055,146500,TATT
2025-10-01,44.27000045776367,45.0,43.04999923706055,44.93000030517578,219100,TATT
2025-10-02,43.31999969482422,44.91999816894531,42.59000015258789,44.91999816894531,80700,TATT
2025-10-03,42.25,44.0,42.209999084472656,43.04999923706055,68900,TATT
2025-10-06,43.970001220703125,45.13999938964844,42.9900016784668,42.9900016784668,99800,TATT
2025-10-07,42.869998931884766,44.41999816894531,42.27000045776367,44.41999816894531,71700,TATT
2025-10-08,44.7599983215332,45.2599983215332,43.5,44.08000183105469,137900,TATT
2025-10-09,42.689998626708984,45.400001525878906,42.689998626708984,44.90999984741211,77600,TATT
2025-10-10,41.90999984741211,45.0099983215332,41.099998474121094,44.13999938964844,125300,TATT
2025-10-13,42.779998779296875,43.81999969482422,42.040000915527344,42.040000915527344,68000,TATT
2025-10-14,42.81999969482422,43.5,41.33000183105469,42.880001068115234,56600,TATT
2025-10-15,42.20000076293945,44.310001373291016,41.369998931884766,42.81999969482422,146800,TATT
2025-10-16,40.40999984741211,41.939998626708984,39.439998626708984,41.939998626708984,128500,TATT
2025-10-17,38.86000061035156,40.4900016784668,38.31999969482422,40.31999969482422,75900,TATT
2025-10-20,40.720001220703125,41.02000045776367,39.060001373291016,39.060001373291016,138300,TATT
2025-10-21,40.81999969482422,41.0099983215332,39.59000015258789,40.709999084472656,120100,TATT
2025-10-22,39.45000076293945,41.56999969482422,38.119998931884766,41.06999969482422,152500,TATT
2025-10-23,40.75,41.22999954223633,39.40999984741211,39.470001220703125,181900,TATT
2025-10-24,41.689998626708984,42.599998474121094,40.7400016784668,41.970001220703125,116400,TATT
2025-10-27,43.220001220703125,43.75,41.599998474121094,42.0,233600,TATT
2025-10-28,44.41999816894531,44.599998474121094,43.029998779296875,43.380001068115234,248300,TATT
2025-10-29,43.36000061035156,45.83000183105469,43.0,44.9900016784668,209100,TATT
2025-10-30,41.65999984741211,43.58000183105469,41.5,43.529998779296875,165200,TATT
2025-10-31,42.0,44.68000030517578,41.779998779296875,42.11000061035156,76900,TATT
2025-11-03,41.7599983215332,43.5099983215332,41.65999984741211,43.0,103100,TATT
2025-11-04,40.25,41.34000015258789,39.290000915527344,40.43000030517578,85600,TATT
2025-11-05,40.439998626708984,41.470001220703125,40.2599983215332,40.810001373291016,123300,TATT
2025-11-06,37.25,40.279998779296875,37.22999954223633,40.279998779296875,126800,TATT
2025-11-07,38.91999816894531,39.25,34.540000915527344,36.66999816894531,274300,TATT
2025-11-10,39.9900016784668,40.52000045776367,39.34000015258789,40.150001525878906,83400,TATT
2025-11-11,39.34000015258789,40.349998474121094,38.75,39.93000030517578,75700,TATT
2025-11-12,40.060001373291016,40.349998474121094,38.959999084472656,40.060001373291016,166600,TATT
2025-11-13,39.779998779296875,43.54999923706055,39.5,42.93000030517578,137100,TATT
2025-11-14,40.040000915527344,40.72999954223633,37.709999084472656,38.119998931884766,136600,TATT
2025-11-17,38.810001373291016,41.33000183105469,38.61000061035156,40.31999969482422,193000,TATT
2025-11-18,39.119998931884766,40.0,37.72999954223633,38.29999923706055,107700,TATT
2025-11-19,38.709999084472656,39.54999923706055,38.31999969482422,39.380001068115234,58400,TATT
2025-11-20,38.47999954223633,40.209999084472656,37.61000061035156,39.5099983215332,122300,TATT
2025-11-21,39.2400016784668,39.70000076293945,37.25,38.0099983215332,211500,TATT
2025-11-24,39.529998779296875,41.70000076293945,37.5,39.150001525878906,248400,TATT
2025-11-25,36.08000183105469,38.81999969482422,35.880001068115234,38.689998626708984,255000,TATT
2025-11-26,38.2400016784668,39.41999816894531,36.650001525878906,36.79999923706055,224700,TATT
2025-11-28,38.41999816894531,39.0,37.88999938964844,38.650001525878906,19800,TATT
2025-12-01,39.0099983215332,39.7400016784668,37.040000915527344,37.529998779296875,167800,TATT
2025-12-02,40.63999938964844,41.189998626708984,39.04999923706055,39.369998931884766,133400,TATT
2025-12-03,40.209999084472656,40.720001220703125,39.70000076293945,39.90999984741211,51200,TATT
2025-12-04,40.119998931884766,41.7599983215332,39.380001068115234,39.790000915527344,152300,TATT
2025-12-05,39.0,40.150001525878906,38.2599983215332,40.04999923706055,180300,TATT
2025-12-08,39.16999816894531,39.79999923706055,38.709999084472656,39.130001068115234,82100,TATT
2025-12-09,37.7599983215332,39.2400016784668,37.72999954223633,39.150001525878906,140200,TATT
2025-12-10,38.79999923706055,39.369998931884766,37.45000076293945,37.79999923706055,210400,TATT
2025-12-11,39.68000030517578,40.0,38.130001068115234,38.79999923706055,132100,TATT
2025-12-12,39.470001220703125,40.630001068115234,38.77000045776367,39.86000061035156,140800,TATT
2025-12-15,39.06999969482422,40.25,38.689998626708984,39.7400016784668,87000,TATT
2025-12-16,39.849998474121094,40.09000015258789,38.720001220703125,39.04999923706055,120400,TATT
2025-12-17,38.72999954223633,40.52000045776367,38.70000076293945,39.90999984741211,81500,TATT
2025-12-18,39.560001373291016,40.47999954223633,38.849998474121094,39.56999969482422,92300,TATT
2025-12-19,40.08000183105469,40.5,38.0099983215332,39.79999923706055,146100,TATT
2025-12-22,43.2599983215332,43.29999923706055,40.91999816894531,40.91999816894531,89400,TATT
2025-12-23,43.79999923706055,44.5,42.9900016784668,43.0099983215332,66500,TATT
2025-12-24,45.20000076293945,46.45000076293945,43.779998779296875,43.779998779296875,150000,TATT
2025-12-26,45.47999954223633,45.91999816894531,44.279998779296875,45.13999938964844,183000,TATT
2025-12-29,43.86000061035156,44.72999954223633,43.470001220703125,44.560001373291016,255400,TATT
2025-12-30,44.540000915527344,45.95000076293945,43.72999954223633,44.79999923706055,349100,TATT
2025-12-31,44.65999984741211,45.279998779296875,44.0,44.65999984741211,233500,TATT
2026-01-02,47.58000183105469,47.58000183105469,45.04999923706055,45.369998931884766,232500,TATT
2026-01-05,49.220001220703125,51.439998626708984,48.400001525878906,48.56999969482422,210500,TATT
2026-01-06,51.869998931884766,52.0,49.61000061035156,50.16999816894531,273800,TATT
2026-01-07,51.4900016784668,53.59000015258789,51.13999938964844,51.70000076293945,259500,TATT
2026-01-08,51.22999954223633,53.13999938964844,50.15999984741211,52.880001068115234,255400,TATT
2026-01-09,51.2400016784668,52.9900016784668,50.52000045776367,51.5099983215332,281900,TATT
2026-01-12,52.900001525878906,53.29999923706055,50.93000030517578,52.119998931884766,137000,TATT
2026-01-13,52.15999984741211,53.02000045776367,51.5099983215332,52.66999816894531,115400,TATT
2026-01-14,51.939998626708984,52.369998931884766,51.0,51.95000076293945,144200,TATT
2026-01-15,51.560001373291016,52.83000183105469,51.40999984741211,52.33000183105469,110100,TATT
2026-01-16,52.400001525878906,52.52000045776367,50.75,51.84000015258789,116500,TATT
2026-01-20,52.29999923706055,53.7400016784668,51.54999923706055,52.400001525878906,164600,TATT
2026-01-21,53.119998931884766,53.83000183105469,51.540000915527344,53.130001068115234,122000,TATT
2026-01-22,52.16999816894531,53.52000045776367,51.61000061035156,53.52000045776367,59600,TATT
2026-01-23,52.540000915527344,52.790000915527344,51.599998474121094,52.56999969482422,51500,TATT
2026-01-26,52.33000183105469,53.72999954223633,52.189998626708984,53.0099983215332,95000,TATT
2026-01-27,53.650001525878906,54.79999923706055,53.040000915527344,53.43000030517578,220100,TATT
2026-01-28,51.88999938964844,53.77000045776367,51.209999084472656,53.77000045776367,129000,TATT
2026-01-29,50.86000061035156,52.58000183105469,49.459999084472656,51.65999984741211,153400,TATT
2026-01-30,50.880001068115234,51.209999084472656,48.849998474121094,50.02000045776367,150500,TATT
2026-02-02,50.529998779296875,51.61000061035156,49.79999923706055,50.060001373291016,111900,TATT
2026-02-03,48.720001220703125,50.060001373291016,46.939998626708984,49.65999984741211,138700,TATT
2026-02-04,47.4900016784668,48.310001373291016,45.65999984741211,48.310001373291016,234500,TATT
2026-02-05,46.119998931884766,47.86000061035156,45.84000015258789,46.5,126800,TATT
2026-02-06,47.880001068115234,48.22999954223633,46.75,47.54999923706055,78100,TATT
2026-02-09,53.029998779296875,53.279998779296875,48.65999984741211,48.65999984741211,202000,TATT
2026-02-10,51.400001525878906,52.650001525878906,51.0099983215332,52.61000061035156,108900,TATT
2026-02-11,50.2599983215332,52.400001525878906,49.91999816894531,51.13999938964844,77600,TATT
2026-02-12,50.290000915527344,51.93000030517578,48.779998779296875,49.84000015258789,130500,TATT
2026-02-13,49.189998626708984,51.150001525878906,49.130001068115234,50.220001220703125,68200,TATT
2026-02-17,51.2400016784668,51.38999938964844,49.150001525878906,49.79999923706055,85900,TATT
2026-02-18,52.290000915527344,53.279998779296875,51.939998626708984,52.029998779296875,67600,TATT
2026-02-19,53.0,53.4900016784668,51.880001068115234,52.290000915527344,57800,TATT
2026-02-20,52.849998474121094,54.369998931884766,52.33000183105469,53.18000030517578,54400,TATT
2026-02-23,53.810001373291016,54.33000183105469,53.29999923706055,54.11000061035156,63100,TATT
2026-02-24,56.13999938964844,56.40999984741211,51.959999084472656,53.290000915527344,191400,TATT
2026-02-25,54.93000030517578,56.5,53.88999938964844,56.470001220703125,96300,TATT
2026-02-26,55.68000030517578,55.84000015258789,53.939998626708984,55.130001068115234,53600,TATT
2026-02-27,55.369998931884766,55.59000015258789,53.54999923706055,55.59000015258789,72700,TATT
2026-03-02,56.58000183105469,57.9900016784668,56.18000030517578,57.0099983215332,122700,TATT
2026-03-03,56.15999984741211,56.400001525878906,54.0,55.63999938964844,60600,TATT
2026-03-04,60.31999969482422,61.0,57.5099983215332,59.150001525878906,171000,TATT
2026-03-05,58.91999816894531,64.5,58.060001373291016,64.0199966430664,387500,TATT
2026-03-06,57.720001220703125,60.2400016784668,57.11000061035156,57.58000183105469,83200,TATT
2026-03-09,58.93000030517578,60.880001068115234,57.0099983215332,57.97999954223633,202100,TATT
2026-03-10,57.970001220703125,60.11000061035156,57.0,58.650001525878906,117600,TATT
2026-03-11,57.34000015258789,57.84000015258789,56.040000915527344,56.619998931884766,90500,TATT
2026-03-12,55.459999084472656,60.22999954223633,55.34000015258789,59.599998474121094,151100,TATT
2026-03-13,54.810001373291016,58.41999816894531,54.619998931884766,56.11000061035156,176700,TATT
2026-03-16,57.689998626708984,58.22999954223633,55.0,55.0,96100,TATT
2026-03-17,61.11000061035156,61.56999969482422,58.95000076293945,59.959999084472656,191500,TATT
2026-03-18,56.54999923706055,61.779998779296875,55.790000915527344,61.11000061035156,325100,TATT
2026-03-19,47.31999969482422,54.7599983215332,46.77000045776367,51.04999923706055,492000,TATT
2026-03-20,43.0099983215332,48.38999938964844,40.70000076293945,47.709999084472656,782400,TATT
2026-03-23,46.0,46.720001220703125,43.79999923706055,44.66999816894531,314500,TATT
2026-03-24,46.09000015258789,47.189998626708984,45.54999923706055,46.279998779296875,185700,TATT
2026-03-25,45.81999969482422,46.560001373291016,44.900001525878906,46.13999938964844,217800,TATT
2026-03-26,44.630001068115234,45.959999084472656,44.02000045776367,45.34000015258789,172100,TATT
2026-03-27,42.20000076293945,43.70000076293945,41.59000015258789,43.52000045776367,126300,TATT
2026-03-30,38.02000045776367,42.06999969482422,37.27000045776367,42.06999969482422,339100,TATT
2026-03-31,40.630001068115234,41.2599983215332,38.189998626708984,38.86000061035156,325100,TATT
2026-04-01,41.47999954223633,42.599998474121094,41.369998931884766,42.0,97400,TATT
2026-04-02,40.130001068115234,41.25,38.689998626708984,39.47999954223633,144700,TATT
2026-04-06,39.65999984741211,41.810001373291016,39.16999816894531,40.130001068115234,255600,TATT
2026-04-07,40.209999084472656,41.0,38.54999923706055,39.380001068115234,166700,TATT
2026-04-08,41.369998931884766,43.56999969482422,40.93000030517578,43.349998474121094,229000,TATT
2026-04-09,43.029998779296875,43.79999923706055,40.63999938964844,40.939998626708984,226400,TATT
2026-04-10,44.709999084472656,45.41999816894531,43.0,43.0099983215332,151200,TATT
2026-04-13,45.41999816894531,46.099998474121094,43.79999923706055,44.040000915527344,165100,TATT
2026-04-14,44.790000915527344,46.13999938964844,44.650001525878906,45.47999954223633,141700,TATT
2026-04-15,42.599998474121094,44.06999969482422,41.97999954223633,43.90999984741211,266100,TATT
2026-04-16,40.61000061035156,41.9900016784668,40.41999816894531,41.61000061035156,231400,TATT
2026-04-17,40.619998931884766,43.08000183105469,40.02000045776367,42.20000076293945,294500,TATT
2026-04-20,37.400001525878906,40.709999084472656,37.130001068115234,40.5,427800,TATT
2026-04-21,35.84000015258789,37.540000915527344,35.459999084472656,37.2400016784668,318400,TATT
2026-04-22,37.13999938964844,37.189998626708984,36.0,36.810001373291016,141600,TATT
2026-04-23,38.689998626708984,38.93000030517578,36.689998626708984,36.790000915527344,368900,TATT
2026-04-24,35.959999084472656,38.16999816894531,35.880001068115234,38.16999816894531,260900,TATT
2026-04-27,35.869998931884766,36.81999969482422,35.209999084472656,35.90999984741211,147800,TATT
2026-04-28,34.86000061035156,35.88999938964844,33.79999923706055,35.5099983215332,161200,TATT
2026-04-29,35.369998931884766,36.36000061035156,35.13999938964844,36.349998474121094,112400,TATT
2026-04-30,36.709999084472656,37.189998626708984,36.220001220703125,36.220001220703125,126300,TATT
2026-05-01,36.59000015258789,37.599998474121094,35.66999816894531,36.7400016784668,92000,TATT
2026-05-04,34.959999084472656,36.79999923706055,34.88999938964844,36.15999984741211,154100,TATT
2026-05-05,35.86000061035156,36.25,35.25,35.27000045776367,103600,TATT
2026-05-06,36.22999954223633,36.900001525878906,35.7400016784668,36.29999923706055,118600,TATT
2026-05-07,35.619998931884766,36.9900016784668,35.400001525878906,36.09000015258789,108100,TATT
2026-05-08,36.41999816894531,36.93000030517578,35.880001068115234,35.880001068115234,168700,TATT
2026-05-11,35.84000015258789,36.119998931884766,34.75,35.380001068115234,211000,TATT
2026-05-12,36.02000045776367,36.310001373291016,34.849998474121094,35.650001525878906,155000,TATT
2026-05-13,33.40999984741211,35.2400016784668,32.88999938964844,35.06999969482422,222100,TATT
2026-05-14,33.290000915527344,33.939998626708984,32.630001068115234,33.40999984741211,123200,TATT
2026-05-15,32.08000183105469,32.95000076293945,31.520000457763672,32.54999923706055,133900,TATT
2026-05-18,32.43000030517578,32.970001220703125,32.029998779296875,32.209999084472656,104800,TATT
2026-05-19,32.689998626708984,33.18000030517578,32.22999954223633,32.459999084472656,167200,TATT
2026-05-20,39.540000915527344,40.72999954223633,36.02000045776367,37.939998626708984,552400,TATT
2026-05-21,37.20000076293945,38.279998779296875,36.2599983215332,38.18000030517578,258100,TATT
2026-05-22,37.06999969482422,38.81999969482422,36.77000045776367,37.72999954223633,142100,TATT
2026-05-26,39.130001068115234,40.52000045776367,38.93000030517578,38.9900016784668,351000,TATT
2026-05-27,40.33000183105469,41.86000061035156,39.33000183105469,39.59000015258789,206600,TATT
2026-05-28,41.83000183105469,42.11000061035156,40.29999923706055,40.310001373291016,123900,TATT
2026-05-29,43.310001373291016,43.77000045776367,41.189998626708984,41.849998474121094,222000,TATT
2026-06-01,42.38999938964844,42.75,40.959999084472656,42.65999984741211,194300,TATT
2026-06-02,40.36000061035156,42.029998779296875,40.0099983215332,41.75,226500,TATT
2026-06-03,42.81999969482422,44.65999984741211,41.66999816894531,42.54999923706055,367000,TATT
2026-06-04,45.95000076293945,47.04999923706055,41.86000061035156,41.939998626708984,553100,TATT
2026-06-05,44.0099983215332,45.15999984741211,43.459999084472656,44.79999923706055,217000,TATT
2026-06-08,43.65999984741211,45.58000183105469,43.34000015258789,44.380001068115234,256600,TATT
2026-06-09,43.33000183105469,44.25,41.560001373291016,43.2599983215332,196200,TATT
2026-06-10,40.9900016784668,44.130001068115234,40.9900016784668,42.31999969482422,126000,TATT
2026-06-11,43.97999954223633,44.41999816894531,41.599998474121094,41.599998474121094,132900,TATT
2026-06-12,45.150001525878906,45.599998474121094,43.400001525878906,44.189998626708984,199400,TATT
2026-06-15,45.45000076293945,45.97999954223633,44.0,44.9900016784668,119100,TATT
2026-06-16,43.02000045776367,45.369998931884766,42.83000183105469,44.88999938964844,111300,TATT
2026-06-17,45.150001525878906,45.959999084472656,42.25,42.540000915527344,260300,TATT
2026-06-18,46.7599983215332,47.0,44.90999984741211,45.15999984741211,171700,TATT
2026-06-22,43.650001525878906,46.13999938964844,43.5,44.959999084472656,173400,TATT
2026-06-23,43.380001068115234,43.810001373291016,42.970001220703125,42.9900016784668,88300,TATT
2026-06-24,42.540000915527344,44.560001373291016,42.279998779296875,43.380001068115234,112100,TATT
2026-06-25,43.849998474121094,46.31999969482422,43.029998779296875,43.029998779296875,272500,TATT
2026-06-26,,,,,1515025,TATT
