Date,Close,High,Low,Open,Volume,ticker
2020-12-09,29.450000762939453,33.15999984741211,25.1200008392334,25.1200008392334,8608200,PUBM
2020-12-10,27.350000381469727,29.200000762939453,26.68000030517578,27.450000762939453,1170500,PUBM
2020-12-11,25.049999237060547,28.139999389648438,24.660999298095703,27.5,1110300,PUBM
2020-12-14,24.889999389648438,25.950000762939453,24.100000381469727,25.579999923706055,722500,PUBM
2020-12-15,23.25,24.989999771118164,22.420000076293945,24.989999771118164,875300,PUBM
2020-12-16,26.860000610351562,27.170000076293945,22.78700065612793,23.0,1096800,PUBM
2020-12-17,27.6200008392334,28.0,26.549999237060547,26.700000762939453,497100,PUBM
2020-12-18,25.43000030517578,27.809999465942383,25.100000381469727,27.600000381469727,488600,PUBM
2020-12-21,24.5,25.201000213623047,23.729999542236328,25.149999618530273,756700,PUBM
2020-12-22,30.489999771118164,30.65999984741211,24.979999542236328,25.299999237060547,1413200,PUBM
2020-12-23,31.5,38.70000076293945,31.3799991607666,32.33000183105469,1882200,PUBM
2020-12-24,30.440000534057617,31.989999771118164,29.579999923706055,31.461999893188477,319700,PUBM
2020-12-28,28.209999084472656,30.799999237060547,27.0,30.790000915527344,551800,PUBM
2020-12-29,26.309999465942383,28.389999389648438,26.0,28.389999389648438,387100,PUBM
2020-12-30,28.0,28.450000762939453,26.3799991607666,26.440000534057617,487800,PUBM
2020-12-31,27.959999084472656,28.799999237060547,27.290000915527344,28.040000915527344,279200,PUBM
2021-01-04,27.790000915527344,29.43000030517578,27.649999618530273,28.760000228881836,682200,PUBM
2021-01-05,26.75,28.020000457763672,26.299999237060547,28.020000457763672,445200,PUBM
2021-01-06,26.709999084472656,27.0,25.5,26.600000381469727,693300,PUBM
2021-01-07,26.93000030517578,27.940000534057617,26.170000076293945,27.0,789500,PUBM
2021-01-08,26.309999465942383,27.579999923706055,25.510000228881836,26.93000030517578,894700,PUBM
2021-01-11,25.700000762939453,26.489999771118164,25.0,26.489999771118164,440800,PUBM
2021-01-12,26.84000015258789,26.988000869750977,25.780000686645508,26.299999237060547,662900,PUBM
2021-01-13,28.709999084472656,29.170000076293945,27.15999984741211,27.190000534057617,836200,PUBM
2021-01-14,29.989999771118164,30.40999984741211,28.25,29.1299991607666,659800,PUBM
2021-01-15,27.8799991607666,30.295000076293945,27.5,30.200000762939453,535700,PUBM
2021-01-19,33.63999938964844,34.09000015258789,28.200000762939453,28.209999084472656,1363000,PUBM
2021-01-20,34.5,35.43000030517578,32.41999816894531,33.63999938964844,1020700,PUBM
2021-01-21,37.75,39.689998626708984,34.709999084472656,35.27000045776367,1216100,PUBM
2021-01-22,37.72999954223633,38.09000015258789,35.599998474121094,36.5,433700,PUBM
2021-01-25,37.86000061035156,39.49700164794922,34.599998474121094,38.27000045776367,717900,PUBM
2021-01-26,37.65999984741211,38.25,37.5,37.7400016784668,234900,PUBM
2021-01-27,37.0,39.0,35.0099983215332,35.70000076293945,528900,PUBM
2021-01-28,36.25,37.310001373291016,35.4900016784668,36.0,250000,PUBM
2021-01-29,39.75,41.99800109863281,35.7599983215332,36.029998779296875,496300,PUBM
2021-02-01,45.880001068115234,46.970001220703125,41.900001525878906,41.900001525878906,870200,PUBM
2021-02-02,45.720001220703125,53.619998931884766,44.529998779296875,46.20000076293945,659000,PUBM
2021-02-03,46.290000915527344,49.540000915527344,46.09000015258789,47.41999816894531,329100,PUBM
2021-02-04,50.220001220703125,53.900001525878906,46.900001525878906,48.5,1205000,PUBM
2021-02-05,55.470001220703125,58.599998474121094,51.33000183105469,52.5,950300,PUBM
2021-02-08,50.130001068115234,57.0,48.75,54.869998931884766,690200,PUBM
2021-02-09,49.29999923706055,52.84000015258789,48.0,52.61000061035156,472100,PUBM
2021-02-10,49.0,51.86000061035156,46.185001373291016,50.29999923706055,621700,PUBM
2021-02-11,46.15999984741211,49.38999938964844,43.459999084472656,48.08000183105469,595800,PUBM
2021-02-12,49.790000915527344,50.4900016784668,45.0,46.04999923706055,468400,PUBM
2021-02-16,50.0099983215332,53.5,49.52000045776367,51.0,534200,PUBM
2021-02-17,49.16999816894531,51.49399948120117,46.70000076293945,50.5,326500,PUBM
2021-02-18,46.2599983215332,49.099998474121094,45.5099983215332,48.0,273700,PUBM
2021-02-19,46.709999084472656,48.900001525878906,46.5,47.43000030517578,289100,PUBM
2021-02-22,47.25,49.91999816894531,44.0099983215332,45.93000030517578,508700,PUBM
2021-02-23,46.15999984741211,46.91999816894531,37.54999923706055,43.7400016784668,588000,PUBM
2021-02-24,60.27000045776367,62.84000015258789,53.630001068115234,55.72999954223633,2922600,PUBM
2021-02-25,65.43000030517578,74.6500015258789,60.91999816894531,61.04999923706055,1927400,PUBM
2021-02-26,64.80999755859375,70.70999908447266,62.0099983215332,66.13999938964844,1018800,PUBM
2021-03-01,69.91999816894531,76.95800018310547,68.1500015258789,68.7300033569336,1282600,PUBM
2021-03-02,67.80999755859375,72.52999877929688,64.04000091552734,71.27999877929688,1230700,PUBM
2021-03-03,57.86000061035156,66.87000274658203,53.66999816894531,65.66999816894531,811200,PUBM
2021-03-04,50.279998779296875,57.34000015258789,45.81999969482422,54.869998931884766,1001400,PUBM
2021-03-05,48.540000915527344,51.5,40.939998626708984,51.25,1105900,PUBM
2021-03-08,44.529998779296875,53.459999084472656,43.459999084472656,50.74100112915039,916500,PUBM
2021-03-09,50.20000076293945,55.900001525878906,48.0,48.1150016784668,1028000,PUBM
2021-03-10,52.68000030517578,56.970001220703125,51.41999816894531,53.0,768400,PUBM
2021-03-11,56.810001373291016,59.400001525878906,55.0099983215332,55.47999954223633,759700,PUBM
2021-03-12,57.31999969482422,58.0,53.459999084472656,55.95000076293945,725500,PUBM
2021-03-15,54.79999923706055,57.68000030517578,52.099998474121094,56.4900016784668,636900,PUBM
2021-03-16,52.58000183105469,55.459999084472656,51.189998626708984,54.650001525878906,428300,PUBM
2021-03-17,51.040000915527344,53.250999450683594,48.20000076293945,50.79999923706055,482200,PUBM
2021-03-18,47.09000015258789,51.040000915527344,47.0,50.529998779296875,446200,PUBM
2021-03-19,46.77000045776367,49.0,45.61000061035156,47.540000915527344,920700,PUBM
2021-03-22,50.75,55.75,50.0,50.31999969482422,951500,PUBM
2021-03-23,47.31999969482422,52.5,46.79999923706055,50.25,680400,PUBM
2021-03-24,48.439998626708984,49.310001373291016,45.310001373291016,48.45000076293945,575800,PUBM
2021-03-25,46.2599983215332,48.27000045776367,44.5,45.29999923706055,527700,PUBM
2021-03-26,50.4900016784668,51.20500183105469,46.470001220703125,46.470001220703125,812200,PUBM
2021-03-29,46.0,53.099998474121094,45.619998931884766,49.70000076293945,808500,PUBM
2021-03-30,49.38999938964844,49.529998779296875,43.26100158691406,46.082000732421875,566800,PUBM
2021-03-31,49.31999969482422,52.02000045776367,48.4900016784668,50.0,476800,PUBM
2021-04-01,58.0,59.72999954223633,50.56999969482422,50.9900016784668,1119700,PUBM
2021-04-05,58.119998931884766,61.82500076293945,54.310001373291016,59.529998779296875,682300,PUBM
2021-04-06,55.040000915527344,57.983001708984375,54.58000183105469,57.290000915527344,348100,PUBM
2021-04-07,56.310001373291016,57.66999816894531,51.0,52.61000061035156,399200,PUBM
2021-04-08,56.529998779296875,62.25,55.619998931884766,56.22999954223633,760700,PUBM
2021-04-09,57.119998931884766,57.9900016784668,54.02000045776367,55.4900016784668,248600,PUBM
2021-04-12,54.0099983215332,57.5,53.04499816894531,56.65999984741211,626700,PUBM
2021-04-13,55.25,56.09000015258789,51.529998779296875,54.630001068115234,396500,PUBM
2021-04-14,53.099998474121094,55.25,52.31999969482422,55.20000076293945,542600,PUBM
2021-04-15,54.06999969482422,54.779998779296875,51.2599983215332,53.130001068115234,454900,PUBM
2021-04-16,55.0099983215332,56.797000885009766,52.56999969482422,53.689998626708984,543600,PUBM
2021-04-19,52.09000015258789,57.25,51.349998474121094,54.970001220703125,308200,PUBM
2021-04-20,47.5099983215332,51.83000183105469,45.689998626708984,51.65999984741211,751200,PUBM
2021-04-21,46.619998931884766,49.79999923706055,44.790000915527344,47.5099983215332,660000,PUBM
2021-04-22,49.83000183105469,50.25,45.70100021362305,46.70000076293945,394500,PUBM
2021-04-23,53.83000183105469,53.935001373291016,48.81999969482422,49.5,294700,PUBM
2021-04-26,55.75,56.119998931884766,52.5099983215332,53.439998626708984,248600,PUBM
2021-04-27,52.689998626708984,56.4900016784668,52.064998626708984,55.220001220703125,282700,PUBM
2021-04-28,53.849998474121094,55.9900016784668,52.564998626708984,54.029998779296875,338900,PUBM
2021-04-29,53.939998626708984,55.125,51.5099983215332,55.040000915527344,298200,PUBM
2021-04-30,51.470001220703125,54.915000915527344,50.70000076293945,52.40999984741211,268100,PUBM
2021-05-03,51.130001068115234,54.09000015258789,50.58000183105469,52.90999984741211,269800,PUBM
2021-05-04,49.81999969482422,51.5099983215332,45.0,51.0,597000,PUBM
2021-05-05,44.599998474121094,50.814998626708984,44.15999984741211,50.310001373291016,726600,PUBM
2021-05-06,38.83000183105469,44.814998626708984,38.189998626708984,44.650001525878906,1072700,PUBM
2021-05-07,44.619998931884766,45.45000076293945,39.599998474121094,40.0099983215332,716600,PUBM
2021-05-10,36.9900016784668,42.20000076293945,36.79999923706055,42.040000915527344,951000,PUBM
2021-05-11,36.439998626708984,38.029998779296875,34.0,34.58000183105469,672300,PUBM
2021-05-12,37.90999984741211,39.41999816894531,36.02000045776367,36.349998474121094,536400,PUBM
2021-05-13,34.31999969482422,38.16999816894531,34.0,38.16999816894531,734400,PUBM
2021-05-14,33.83000183105469,39.66999816894531,33.25,38.400001525878906,1396300,PUBM
2021-05-17,31.90999984741211,34.849998474121094,30.0,33.5,1158700,PUBM
2021-05-18,33.02000045776367,34.75,32.02000045776367,32.310001373291016,578100,PUBM
2021-05-19,33.150001525878906,34.22999954223633,31.149999618530273,31.5,345200,PUBM
2021-05-20,34.290000915527344,35.459999084472656,32.72999954223633,33.63999938964844,474700,PUBM
2021-05-21,34.599998474121094,35.349998474121094,34.0099983215332,34.939998626708984,361000,PUBM
2021-05-24,34.099998474121094,35.209999084472656,32.130001068115234,35.209999084472656,742000,PUBM
2021-05-25,32.630001068115234,34.959999084472656,32.36000061035156,34.09000015258789,368500,PUBM
2021-05-26,34.0,34.939998626708984,31.899999618530273,33.209999084472656,664800,PUBM
2021-05-27,31.299999237060547,33.880001068115234,30.68000030517578,33.880001068115234,1603500,PUBM
2021-05-28,29.56999969482422,31.600000381469727,28.950000762939453,31.600000381469727,1300200,PUBM
2021-06-01,29.18000030517578,30.979999542236328,28.559999465942383,29.549999237060547,2982000,PUBM
2021-06-02,29.530000686645508,29.93000030517578,28.65999984741211,29.209999084472656,2338200,PUBM
2021-06-03,28.420000076293945,29.469999313354492,27.559999465942383,29.360000610351562,1515200,PUBM
2021-06-04,27.350000381469727,29.459999084472656,27.25,28.3799991607666,1428000,PUBM
2021-06-07,28.790000915527344,29.40999984741211,27.0,28.350000381469727,2469600,PUBM
2021-06-08,30.350000381469727,31.65999984741211,28.5,29.5,3424800,PUBM
2021-06-09,32.130001068115234,37.9900016784668,31.309999465942383,32.737998962402344,5804600,PUBM
2021-06-10,33.84000015258789,34.599998474121094,31.680999755859375,33.720001220703125,2026600,PUBM
2021-06-11,32.650001525878906,35.40999984741211,32.380001068115234,35.08300018310547,1503900,PUBM
2021-06-14,35.2400016784668,36.959999084472656,33.099998474121094,33.79999923706055,2259700,PUBM
2021-06-15,33.68000030517578,35.35200119018555,32.380001068115234,35.35200119018555,1690600,PUBM
2021-06-16,34.29999923706055,35.849998474121094,32.70000076293945,32.79999923706055,3183000,PUBM
2021-06-17,34.5099983215332,35.45000076293945,33.79999923706055,34.20000076293945,1508500,PUBM
2021-06-18,33.709999084472656,34.650001525878906,33.150001525878906,34.099998474121094,1215800,PUBM
2021-06-21,33.13999938964844,33.689998626708984,31.579999923706055,33.40999984741211,1059800,PUBM
2021-06-22,35.869998931884766,36.56999969482422,33.117000579833984,33.117000579833984,1780400,PUBM
2021-06-23,35.83000183105469,37.16999816894531,34.59000015258789,36.150001525878906,1070400,PUBM
2021-06-24,40.47999954223633,42.29999923706055,35.400001525878906,36.0,3317400,PUBM
2021-06-25,42.459999084472656,42.59000015258789,39.15999984741211,40.029998779296875,1619100,PUBM
2021-06-28,41.79999923706055,44.189998626708984,40.61000061035156,43.0,1084900,PUBM
2021-06-29,41.65999984741211,41.790000915527344,39.16999816894531,41.5,820000,PUBM
2021-06-30,39.06999969482422,41.5,38.880001068115234,40.939998626708984,758500,PUBM
2021-07-01,36.779998779296875,39.72999954223633,36.400001525878906,39.65999984741211,1447200,PUBM
2021-07-02,35.70000076293945,38.18000030517578,34.345001220703125,37.310001373291016,1226000,PUBM
2021-07-06,35.58000183105469,36.5,34.560001373291016,35.7599983215332,601100,PUBM
2021-07-07,33.560001373291016,36.0,32.529998779296875,35.88999938964844,1113200,PUBM
2021-07-08,34.90999984741211,35.56999969482422,31.6299991607666,32.0,989200,PUBM
2021-07-09,35.40999984741211,37.97999954223633,34.529998779296875,37.97999954223633,1862500,PUBM
2021-07-12,34.77000045776367,35.2599983215332,32.810001373291016,34.5,942400,PUBM
2021-07-13,32.75,35.08000183105469,32.400001525878906,34.849998474121094,1011300,PUBM
2021-07-14,30.5,33.28900146484375,30.139999389648438,33.220001220703125,1209800,PUBM
2021-07-15,30.450000762939453,31.889999389648438,30.200000762939453,30.299999237060547,788400,PUBM
2021-07-16,31.700000762939453,32.72999954223633,30.059999465942383,30.59000015258789,994800,PUBM
2021-07-19,32.29999923706055,33.0,30.579999923706055,30.950000762939453,970200,PUBM
2021-07-20,32.36000061035156,32.698001861572266,31.610000610351562,32.5,704800,PUBM
2021-07-21,33.25,33.880001068115234,31.420000076293945,32.36000061035156,987400,PUBM
2021-07-22,32.25,33.540000915527344,31.81999969482422,33.369998931884766,508600,PUBM
2021-07-23,32.439998626708984,33.459999084472656,31.52199935913086,32.779998779296875,584000,PUBM
2021-07-26,32.529998779296875,33.849998474121094,32.279998779296875,32.83000183105469,1080300,PUBM
2021-07-27,31.68000030517578,32.8849983215332,30.350000381469727,32.540000915527344,647000,PUBM
2021-07-28,32.869998931884766,33.189998626708984,31.540000915527344,32.0,711600,PUBM
2021-07-29,31.43000030517578,33.27000045776367,31.309999465942383,32.900001525878906,605800,PUBM
2021-07-30,29.709999084472656,32.43199920654297,29.559999465942383,30.84000015258789,1664600,PUBM
2021-08-02,30.06999969482422,30.700000762939453,28.760000228881836,30.0,883500,PUBM
2021-08-03,29.149999618530273,30.25,29.049999237060547,30.219999313354492,627300,PUBM
2021-08-04,28.059999465942383,29.709999084472656,28.059999465942383,29.200000762939453,986700,PUBM
2021-08-05,29.950000762939453,30.388999938964844,27.83099937438965,28.100000381469727,565300,PUBM
2021-08-06,31.969999313354492,33.18000030517578,30.700000762939453,30.760000228881836,1339800,PUBM
2021-08-09,31.40999984741211,33.220001220703125,31.219999313354492,32.0,780800,PUBM
2021-08-10,33.77000045776367,33.93000030517578,31.399999618530273,31.850000381469727,1199400,PUBM
2021-08-11,34.61000061035156,35.64099884033203,32.529998779296875,35.58000183105469,2539400,PUBM
2021-08-12,31.149999618530273,34.1150016784668,31.1299991607666,34.029998779296875,1664300,PUBM
2021-08-13,29.65999984741211,31.690000534057617,29.010000228881836,31.690000534057617,1543600,PUBM
2021-08-16,28.459999084472656,29.59000015258789,28.31999969482422,29.450000762939453,1065100,PUBM
2021-08-17,28.290000915527344,28.459999084472656,27.200000762939453,27.549999237060547,1138400,PUBM
2021-08-18,26.399999618530273,28.389999389648438,26.350000381469727,28.079999923706055,1802600,PUBM
2021-08-19,25.440000534057617,26.889999389648438,25.31999969482422,26.020000457763672,1049400,PUBM
2021-08-20,26.59000015258789,27.40999984741211,25.649999618530273,25.809999465942383,842200,PUBM
2021-08-23,27.479999542236328,27.799999237060547,26.520000457763672,26.959999084472656,810300,PUBM
2021-08-24,27.8799991607666,28.200000762939453,27.329999923706055,27.860000610351562,790300,PUBM
2021-08-25,27.530000686645508,28.659000396728516,27.31999969482422,28.170000076293945,687100,PUBM
2021-08-26,27.049999237060547,28.399999618530273,26.860000610351562,27.3700008392334,669300,PUBM
2021-08-27,26.90999984741211,27.469999313354492,25.700000762939453,26.6200008392334,1188900,PUBM
2021-08-30,27.469999313354492,28.200000762939453,26.40999984741211,27.3700008392334,754800,PUBM
2021-08-31,29.149999618530273,29.65999984741211,27.149999618530273,28.040000915527344,1387200,PUBM
2021-09-01,29.520000457763672,29.989999771118164,29.15999984741211,29.799999237060547,1172400,PUBM
2021-09-02,29.059999465942383,29.989999771118164,28.559999465942383,29.5,998100,PUBM
2021-09-03,28.75,29.225000381469727,28.399999618530273,28.8700008392334,564100,PUBM
2021-09-07,29.3799991607666,29.889999389648438,29.030000686645508,29.450000762939453,785000,PUBM
2021-09-08,28.309999465942383,29.698999404907227,27.864999771118164,29.399999618530273,625200,PUBM
2021-09-09,28.989999771118164,29.219999313354492,28.030000686645508,28.25,560300,PUBM
2021-09-10,28.420000076293945,29.34000015258789,28.25,29.09000015258789,530400,PUBM
2021-09-13,28.6200008392334,29.549999237060547,27.284000396728516,28.670000076293945,844900,PUBM
2021-09-14,28.059999465942383,28.986000061035156,27.690000534057617,28.75,588900,PUBM
2021-09-15,28.56999969482422,28.899999618530273,27.75,28.200000762939453,877600,PUBM
2021-09-16,28.68000030517578,28.84000015258789,28.309999465942383,28.420000076293945,628700,PUBM
2021-09-17,27.81999969482422,28.940000534057617,27.549999237060547,28.649999618530273,1485700,PUBM
2021-09-20,25.719999313354492,27.260000228881836,25.389999389648438,26.940000534057617,1386800,PUBM
2021-09-21,27.200000762939453,27.59000015258789,26.049999237060547,26.049999237060547,1081700,PUBM
2021-09-22,28.110000610351562,28.200000762939453,27.25,27.90999984741211,666600,PUBM
2021-09-23,28.90999984741211,28.940000534057617,28.149999618530273,28.469999313354492,577900,PUBM
2021-09-24,28.200000762939453,29.0,27.81999969482422,28.68000030517578,421000,PUBM
2021-09-27,27.860000610351562,28.479999542236328,27.649999618530273,28.040000915527344,511600,PUBM
2021-09-28,26.219999313354492,27.70800018310547,25.049999237060547,27.5,1669700,PUBM
2021-09-29,25.889999389648438,26.979999542236328,25.700000762939453,26.649999618530273,616900,PUBM
2021-09-30,26.350000381469727,26.55900001525879,25.520000457763672,26.149999618530273,767200,PUBM
2021-10-01,25.81999969482422,26.670000076293945,25.34000015258789,26.479999542236328,864600,PUBM
2021-10-04,23.540000915527344,25.399999618530273,23.209999084472656,25.399999618530273,1658500,PUBM
2021-10-05,23.299999237060547,24.34000015258789,23.209999084472656,23.700000762939453,1227600,PUBM
2021-10-06,22.610000610351562,22.8700008392334,21.610000610351562,22.8700008392334,2701700,PUBM
2021-10-07,23.6200008392334,23.899999618530273,22.399999618530273,23.0,901700,PUBM
2021-10-08,23.540000915527344,24.014999389648438,23.094999313354492,23.860000610351562,596700,PUBM
2021-10-11,22.790000915527344,24.040000915527344,22.639999389648438,23.34000015258789,973100,PUBM
2021-10-12,24.229999542236328,24.260000228881836,22.864999771118164,22.972999572753906,516700,PUBM
2021-10-13,27.520000457763672,28.28499984741211,23.670000076293945,24.34000015258789,2970200,PUBM
2021-10-14,28.149999618530273,29.0,27.65999984741211,28.700000762939453,1556600,PUBM
2021-10-15,29.139999389648438,29.770000457763672,28.110000610351562,28.670000076293945,1253400,PUBM
2021-10-18,29.389999389648438,30.0,28.860000610351562,29.200000762939453,832000,PUBM
2021-10-19,29.360000610351562,29.969999313354492,29.25,29.8700008392334,751900,PUBM
2021-10-20,30.0,30.049999237060547,29.149999618530273,29.399999618530273,715500,PUBM
2021-10-21,29.530000686645508,30.09000015258789,29.150999069213867,29.709999084472656,529200,PUBM
2021-10-22,26.510000228881836,28.051000595092773,25.309999465942383,28.0,1864300,PUBM
2021-10-25,27.950000762939453,28.34000015258789,26.25,26.559999465942383,640800,PUBM
2021-10-26,28.6299991607666,29.34000015258789,27.5,28.3799991607666,759100,PUBM
2021-10-27,27.510000228881836,28.885000228881836,27.399999618530273,28.399999618530273,523500,PUBM
2021-10-28,28.649999618530273,28.958999633789062,27.530000686645508,27.649999618530273,468700,PUBM
2021-10-29,28.579999923706055,29.360000610351562,28.209999084472656,28.780000686645508,332300,PUBM
2021-11-01,29.40999984741211,29.719999313354492,28.459999084472656,28.760000228881836,453300,PUBM
2021-11-02,28.709999084472656,29.54199981689453,27.760000228881836,29.270000457763672,768500,PUBM
2021-11-03,29.670000076293945,29.8700008392334,28.389999389648438,29.100000381469727,609300,PUBM
2021-11-04,27.06999969482422,28.690000534057617,26.639999389648438,28.690000534057617,1132600,PUBM
2021-11-05,26.760000228881836,27.888999938964844,26.40999984741211,27.219999313354492,662900,PUBM
2021-11-08,29.899999618530273,30.15999984741211,27.68000030517578,27.700000762939453,1612200,PUBM
2021-11-09,32.11000061035156,32.79999923706055,29.100000381469727,30.850000381469727,3260000,PUBM
2021-11-10,35.029998779296875,42.7599983215332,34.790000915527344,39.619998931884766,11276500,PUBM
2021-11-11,39.90999984741211,40.61000061035156,35.900001525878906,36.79999923706055,3321600,PUBM
2021-11-12,39.400001525878906,40.125,37.599998474121094,39.79999923706055,2897400,PUBM
2021-11-15,38.29999923706055,42.22999954223633,37.40999984741211,40.56399917602539,3861600,PUBM
2021-11-16,36.16999816894531,37.34000015258789,35.15999984741211,36.22999954223633,2555600,PUBM
2021-11-17,37.650001525878906,38.880001068115234,34.41999816894531,36.459999084472656,3372300,PUBM
2021-11-18,38.5,39.11800003051758,37.18000030517578,37.5,2018200,PUBM
2021-11-19,39.75,40.290000915527344,38.099998474121094,38.13999938964844,2082700,PUBM
2021-11-22,37.959999084472656,40.31999969482422,35.88999938964844,40.0,2349800,PUBM
2021-11-23,37.689998626708984,38.939998626708984,36.310001373291016,37.26599884033203,1095100,PUBM
2021-11-24,39.93000030517578,40.029998779296875,36.560001373291016,37.5099983215332,992300,PUBM
2021-11-26,37.689998626708984,39.400001525878906,36.810001373291016,38.39500045776367,993600,PUBM
2021-11-29,39.02000045776367,39.95000076293945,36.90999984741211,38.27000045776367,1552400,PUBM
2021-11-30,39.369998931884766,43.650001525878906,36.599998474121094,39.45000076293945,4888000,PUBM
2021-12-01,36.689998626708984,41.91999816894531,36.43000030517578,40.11000061035156,2857600,PUBM
2021-12-02,37.86000061035156,38.540000915527344,35.380001068115234,35.79999923706055,2004300,PUBM
2021-12-03,36.029998779296875,37.40999984741211,33.5099983215332,37.08000183105469,2940700,PUBM
2021-12-06,36.650001525878906,36.93000030517578,34.29999923706055,35.63999938964844,1381000,PUBM
2021-12-07,38.150001525878906,38.65999984741211,36.31999969482422,37.439998626708984,1887900,PUBM
2021-12-08,39.040000915527344,39.79999923706055,37.56999969482422,38.52000045776367,1604800,PUBM
2021-12-09,38.65999984741211,39.849998474121094,38.2400016784668,38.470001220703125,905900,PUBM
2021-12-10,38.619998931884766,39.75,37.11000061035156,38.70000076293945,1172300,PUBM
2021-12-13,35.650001525878906,38.880001068115234,35.52000045776367,38.29999923706055,1052400,PUBM
2021-12-14,34.58000183105469,36.099998474121094,33.959999084472656,34.939998626708984,1030100,PUBM
2021-12-15,35.13999938964844,35.40999984741211,32.7599983215332,34.41999816894531,1111500,PUBM
2021-12-16,34.279998779296875,36.03499984741211,33.650001525878906,35.5,1338900,PUBM
2021-12-17,35.040000915527344,35.290000915527344,32.33300018310547,33.7400016784668,1603700,PUBM
2021-12-20,33.369998931884766,35.29999923706055,33.22999954223633,33.709999084472656,913800,PUBM
2021-12-21,35.38999938964844,35.47999954223633,33.33000183105469,34.15999984741211,976100,PUBM
2021-12-22,34.47999954223633,35.5,34.0,35.38999938964844,534900,PUBM
2021-12-23,34.810001373291016,35.189998626708984,33.900001525878906,34.790000915527344,533900,PUBM
2021-12-27,34.58000183105469,36.75,34.119998931884766,35.47999954223633,1327500,PUBM
2021-12-28,34.27000045776367,35.81999969482422,33.880001068115234,34.58000183105469,557300,PUBM
2021-12-29,33.040000915527344,34.20000076293945,32.09000015258789,34.0,975600,PUBM
2021-12-30,34.650001525878906,34.97999954223633,32.630001068115234,32.790000915527344,635800,PUBM
2021-12-31,34.04999923706055,35.20000076293945,34.04499816894531,34.400001525878906,350900,PUBM
2022-01-03,33.22999954223633,34.74800109863281,32.70000076293945,34.56999969482422,700600,PUBM
2022-01-04,30.920000076293945,33.790000915527344,29.969999313354492,33.59000015258789,1716000,PUBM
2022-01-05,28.940000534057617,31.270000457763672,28.520000457763672,30.18000030517578,1189700,PUBM
2022-01-06,27.950000762939453,29.0,26.799999237060547,28.591999053955078,1379900,PUBM
2022-01-07,26.790000915527344,28.670000076293945,26.670000076293945,27.809999465942383,1087700,PUBM
2022-01-10,27.239999771118164,27.399999618530273,25.010000228881836,26.200000762939453,1539900,PUBM
2022-01-11,28.200000762939453,28.75,26.604999542236328,27.030000686645508,962900,PUBM
2022-01-12,28.06999969482422,29.229999542236328,27.510000228881836,28.899999618530273,828700,PUBM
2022-01-13,26.81999969482422,28.316999435424805,26.75,27.959999084472656,607400,PUBM
2022-01-14,26.200000762939453,26.989999771118164,25.09000015258789,26.309999465942383,876000,PUBM
2022-01-18,25.06999969482422,26.389999389648438,24.809999465942383,25.540000915527344,1021500,PUBM
2022-01-19,24.690000534057617,26.309999465942383,24.610000610351562,25.540000915527344,571700,PUBM
2022-01-20,24.229999542236328,26.260000228881836,24.15999984741211,25.149999618530273,723200,PUBM
2022-01-21,23.1299991607666,24.0,22.09000015258789,24.0,1748200,PUBM
2022-01-24,23.260000228881836,23.389999389648438,21.1200008392334,22.31999969482422,1620100,PUBM
2022-01-25,23.309999465942383,23.850000381469727,22.200000762939453,22.719999313354492,931000,PUBM
2022-01-26,22.110000610351562,24.600000381469727,21.860000610351562,24.559999465942383,1308600,PUBM
2022-01-27,21.09000015258789,22.959999084472656,20.81399917602539,22.610000610351562,1429800,PUBM
2022-01-28,22.030000686645508,22.139999389648438,20.559999465942383,20.93000030517578,796900,PUBM
2022-01-31,24.549999237060547,24.8799991607666,22.049999237060547,22.110000610351562,1135600,PUBM
2022-02-01,26.690000534057617,27.329999923706055,24.770000457763672,25.079999923706055,1315700,PUBM
2022-02-02,26.290000915527344,27.780000686645508,25.865999221801758,27.600000381469727,1143300,PUBM
2022-02-03,24.600000381469727,25.764999389648438,23.770000457763672,23.770000457763672,1221300,PUBM
2022-02-04,26.270000457763672,27.290000915527344,24.260000228881836,24.969999313354492,1406300,PUBM
2022-02-07,26.530000686645508,27.454999923706055,25.81999969482422,26.100000381469727,722000,PUBM
2022-02-08,27.389999389648438,27.600000381469727,26.093000411987305,26.219999313354492,659500,PUBM
2022-02-09,29.0,29.049999237060547,27.360000610351562,27.780000686645508,979700,PUBM
2022-02-10,29.68000030517578,30.809999465942383,27.850000381469727,28.0,1198700,PUBM
2022-02-11,29.75,30.5,28.5,29.690000534057617,1316100,PUBM
2022-02-14,29.610000610351562,30.889999389648438,29.06999969482422,29.65999984741211,840400,PUBM
2022-02-15,31.790000915527344,31.850000381469727,29.434999465942383,30.049999237060547,1141000,PUBM
2022-02-16,29.799999237060547,30.299999237060547,28.81999969482422,30.229999542236328,1192300,PUBM
2022-02-17,28.219999313354492,29.799999237060547,27.989999771118164,29.540000915527344,721500,PUBM
2022-02-18,27.559999465942383,28.209999084472656,26.81999969482422,27.90399932861328,778100,PUBM
2022-02-22,25.709999084472656,27.5,25.40999984741211,26.496999740600586,919900,PUBM
2022-02-23,25.079999923706055,26.68000030517578,25.059999465942383,26.290000915527344,602000,PUBM
2022-02-24,28.270000457763672,28.440000534057617,23.0,23.469999313354492,1175200,PUBM
2022-02-25,29.139999389648438,29.200000762939453,27.110000610351562,28.270000457763672,986400,PUBM
2022-02-28,30.600000381469727,31.049999237060547,28.65999984741211,28.920000076293945,1967400,PUBM
2022-03-01,25.350000381469727,28.5,24.549999237060547,27.670000076293945,3179100,PUBM
2022-03-02,23.690000534057617,25.71299934387207,23.25,25.610000610351562,1846000,PUBM
2022-03-03,23.8700008392334,24.469999313354492,23.149999618530273,23.690000534057617,1124000,PUBM
2022-03-04,21.709999084472656,23.799999237060547,21.530000686645508,23.3799991607666,1533700,PUBM
2022-03-07,20.479999542236328,22.139999389648438,20.42099952697754,21.700000762939453,1391600,PUBM
2022-03-08,20.739999771118164,21.549999237060547,19.770000457763672,20.5,975900,PUBM
2022-03-09,21.639999389648438,22.709999084472656,21.510000228881836,21.510000228881836,799200,PUBM
2022-03-10,20.989999771118164,21.260000228881836,20.200000762939453,20.8799991607666,967100,PUBM
2022-03-11,19.75,21.510000228881836,19.719999313354492,21.3799991607666,891200,PUBM
2022-03-14,18.770000457763672,20.25,18.299999237060547,19.5,1095200,PUBM
2022-03-15,19.40999984741211,19.739999771118164,18.520000457763672,18.959999084472656,848900,PUBM
2022-03-16,21.690000534057617,21.809999465942383,19.6200008392334,19.899999618530273,1158200,PUBM
2022-03-17,22.790000915527344,23.15999984741211,21.209999084472656,21.5,1066200,PUBM
2022-03-18,23.690000534057617,24.049999237060547,22.440000534057617,22.440000534057617,652900,PUBM
2022-03-21,23.649999618530273,24.25,22.90999984741211,23.719999313354492,592800,PUBM
2022-03-22,24.549999237060547,25.264999389648438,23.549999237060547,23.729999542236328,699900,PUBM
2022-03-23,25.399999618530273,26.8799991607666,24.0,24.219999313354492,1099200,PUBM
2022-03-24,26.739999771118164,27.06999969482422,25.299999237060547,25.540000915527344,904800,PUBM
2022-03-25,26.149999618530273,26.875999450683594,25.358999252319336,26.639999389648438,726500,PUBM
2022-03-28,26.770000457763672,27.3799991607666,25.763999938964844,26.469999313354492,585900,PUBM
2022-03-29,27.790000915527344,28.0,26.8799991607666,27.25,643400,PUBM
2022-03-30,26.920000076293945,28.25,26.670000076293945,27.670000076293945,551400,PUBM
2022-03-31,26.1200008392334,27.0,26.0,26.920000076293945,481700,PUBM
2022-04-01,26.479999542236328,27.389999389648438,26.1200008392334,26.1200008392334,477400,PUBM
2022-04-04,27.959999084472656,28.299999237060547,26.530000686645508,26.8799991607666,961100,PUBM
2022-04-05,27.209999084472656,28.0,26.860000610351562,27.959999084472656,722400,PUBM
2022-04-06,25.799999237060547,26.729999542236328,24.90999984741211,26.040000915527344,1108500,PUBM
2022-04-07,25.969999313354492,26.420000076293945,24.780000686645508,25.829999923706055,736100,PUBM
2022-04-08,24.65999984741211,25.770000457763672,24.610000610351562,25.65999984741211,725400,PUBM
2022-04-11,24.719999313354492,25.139999389648438,23.549999237060547,24.299999237060547,843200,PUBM
2022-04-12,24.81999969482422,25.950000762939453,24.649999618530273,25.43000030517578,717700,PUBM
2022-04-13,24.790000915527344,24.98200035095215,24.049999237060547,24.860000610351562,474900,PUBM
2022-04-14,24.43000030517578,25.18899917602539,24.25,24.860000610351562,825100,PUBM
2022-04-18,23.829999923706055,24.549999237060547,22.850000381469727,24.549999237060547,920300,PUBM
2022-04-19,25.790000915527344,25.989999771118164,23.61400032043457,23.6299991607666,823000,PUBM
2022-04-20,25.110000610351562,26.780000686645508,25.049999237060547,26.0,855200,PUBM
2022-04-21,23.530000686645508,26.209999084472656,23.209999084472656,25.540000915527344,968300,PUBM
2022-04-22,22.860000610351562,24.329999923706055,22.799999237060547,23.34000015258789,753200,PUBM
2022-04-25,24.530000686645508,24.790000915527344,22.594999313354492,22.670000076293945,892400,PUBM
2022-04-26,23.760000228881836,24.350000381469727,23.1200008392334,24.1299991607666,827200,PUBM
2022-04-27,23.110000610351562,23.950000762939453,22.8700008392334,23.209999084472656,710900,PUBM
2022-04-28,23.639999389648438,24.139999389648438,22.889999389648438,23.559999465942383,1100300,PUBM
2022-04-29,22.56999969482422,24.010000228881836,22.530000686645508,23.5,571700,PUBM
2022-05-02,23.90999984741211,23.959999084472656,22.420000076293945,22.770000457763672,874600,PUBM
2022-05-03,23.65999984741211,24.170000076293945,22.989999771118164,23.40999984741211,636600,PUBM
2022-05-04,24.1299991607666,24.219999313354492,21.81999969482422,23.540000915527344,759300,PUBM
2022-05-05,22.81999969482422,23.940000534057617,22.1200008392334,23.65999984741211,655700,PUBM
2022-05-06,21.6299991607666,22.770000457763672,21.280000686645508,22.770000457763672,894300,PUBM
2022-05-09,19.0,21.309999465942383,18.899999618530273,20.920000076293945,1554100,PUBM
2022-05-10,19.450000762939453,21.0,18.559999465942383,19.860000610351562,1727500,PUBM
2022-05-11,19.290000915527344,20.533000946044922,18.920000076293945,19.219999313354492,1088100,PUBM
2022-05-12,19.18000030517578,20.450000762939453,18.31999969482422,18.690000534057617,1653100,PUBM
2022-05-13,22.280000686645508,22.549999237060547,20.0,20.09000015258789,1564200,PUBM
2022-05-16,20.93000030517578,22.559999465942383,20.799999237060547,21.920000076293945,987500,PUBM
2022-05-17,21.860000610351562,22.125,21.049999237060547,21.143999099731445,678000,PUBM
2022-05-18,21.549999237060547,22.8799991607666,21.020000457763672,21.299999237060547,658300,PUBM
2022-05-19,22.040000915527344,22.56999969482422,21.25,21.25,932600,PUBM
2022-05-20,22.329999923706055,23.09000015258789,21.200000762939453,22.510000228881836,606500,PUBM
2022-05-23,21.829999923706055,22.530000686645508,21.270000457763672,22.219999313354492,484500,PUBM
2022-05-24,18.3700008392334,21.18000030517578,18.21299934387207,20.559999465942383,1418100,PUBM
2022-05-25,19.200000762939453,19.510000228881836,17.81800079345703,18.389999389648438,1114500,PUBM
2022-05-26,20.149999618530273,20.440000534057617,19.097999572753906,19.309999465942383,750500,PUBM
2022-05-27,20.8799991607666,21.190000534057617,20.3700008392334,20.829999923706055,728600,PUBM
2022-05-31,19.940000534057617,20.6299991607666,19.440000534057617,20.34000015258789,1617300,PUBM
2022-06-01,19.309999465942383,20.530000686645508,19.15999984741211,20.030000686645508,848600,PUBM
2022-06-02,20.719999313354492,21.06999969482422,19.190000534057617,19.190000534057617,820700,PUBM
2022-06-03,19.889999389648438,20.459999084472656,19.729999542236328,20.209999084472656,469800,PUBM
2022-06-06,20.049999237060547,20.739999771118164,19.420000076293945,20.6200008392334,732200,PUBM
2022-06-07,19.950000762939453,20.3700008392334,19.469999313354492,19.479999542236328,694100,PUBM
2022-06-08,20.469999313354492,20.709999084472656,19.8799991607666,19.93000030517578,424100,PUBM
2022-06-09,19.469999313354492,20.315000534057617,19.440000534057617,20.209999084472656,699800,PUBM
2022-06-10,18.59000015258789,19.329999923706055,18.18000030517578,18.68199920654297,579600,PUBM
2022-06-13,17.510000228881836,18.200000762939453,17.219999313354492,17.75,863600,PUBM
2022-06-14,17.6200008392334,18.174999237060547,17.049999237060547,17.690000534057617,581100,PUBM
2022-06-15,18.920000076293945,19.260000228881836,17.770000457763672,18.0,1146400,PUBM
2022-06-16,18.0,18.625,17.520000457763672,17.979999542236328,1255600,PUBM
2022-06-17,18.579999923706055,19.06999969482422,18.049999237060547,18.389999389648438,1790100,PUBM
2022-06-21,17.889999389648438,19.46500015258789,17.829999923706055,18.90999984741211,1309200,PUBM
2022-06-22,18.0,18.479999542236328,17.43000030517578,17.469999313354492,863900,PUBM
2022-06-23,18.040000915527344,18.305999755859375,17.270000457763672,18.049999237060547,889200,PUBM
2022-06-24,17.959999084472656,18.989999771118164,17.90999984741211,18.239999771118164,5833400,PUBM
2022-06-27,17.989999771118164,18.65999984741211,17.684999465942383,18.5,1110300,PUBM
2022-06-28,16.719999313354492,18.25,16.65999984741211,18.079999923706055,1068400,PUBM
2022-06-29,16.110000610351562,16.729999542236328,15.770000457763672,16.6200008392334,1127400,PUBM
2022-06-30,15.890000343322754,16.239999771118164,15.399999618530273,15.960000038146973,638700,PUBM
2022-07-01,15.75,16.173999786376953,15.520000457763672,15.859999656677246,1043100,PUBM
2022-07-05,16.770000457763672,16.8700008392334,15.050000190734863,15.350000381469727,1359800,PUBM
2022-07-06,16.1299991607666,17.0,16.020000457763672,16.780000686645508,712700,PUBM
2022-07-07,16.809999465942383,16.850000381469727,16.18000030517578,16.209999084472656,539900,PUBM
2022-07-08,17.1299991607666,17.43000030517578,16.329999923706055,16.5,481300,PUBM
2022-07-11,16.030000686645508,17.06999969482422,16.010000228881836,17.0,546300,PUBM
2022-07-12,15.84000015258789,16.420000076293945,15.420000076293945,16.0,599500,PUBM
2022-07-13,15.850000381469727,16.1200008392334,15.239999771118164,15.420000076293945,561300,PUBM
2022-07-14,14.920000076293945,15.579999923706055,14.835000038146973,15.5600004196167,815600,PUBM
2022-07-15,15.539999961853027,15.640000343322754,14.729999542236328,15.239999771118164,598300,PUBM
2022-07-18,15.149999618530273,16.22100067138672,15.119999885559082,15.960000038146973,756700,PUBM
2022-07-19,15.760000228881836,15.819999694824219,15.324999809265137,15.430000305175781,453300,PUBM
2022-07-20,17.209999084472656,17.3700008392334,15.899999618530273,15.899999618530273,1061200,PUBM
2022-07-21,17.43000030517578,17.450000762939453,16.81999969482422,17.020000457763672,502300,PUBM
2022-07-22,15.720000267028809,17.283000946044922,15.600000381469727,16.709999084472656,772200,PUBM
2022-07-25,15.470000267028809,15.84000015258789,15.300000190734863,15.819999694824219,424500,PUBM
2022-07-26,15.15999984741211,15.359999656677246,14.930000305175781,15.359999656677246,660200,PUBM
2022-07-27,16.1200008392334,16.225000381469727,15.4399995803833,15.59000015258789,844100,PUBM
2022-07-28,16.229999542236328,16.399999618530273,15.710000038146973,15.880000114440918,458000,PUBM
2022-07-29,16.59000015258789,16.71500015258789,15.539999961853027,16.100000381469727,643100,PUBM
2022-08-01,16.110000610351562,16.420000076293945,15.055999755859375,15.970000267028809,1006100,PUBM
2022-08-02,16.84000015258789,16.920000076293945,15.770000457763672,15.800000190734863,578700,PUBM
2022-08-03,17.760000228881836,17.950000762939453,16.950000762939453,16.979999542236328,683100,PUBM
2022-08-04,17.649999618530273,18.0,17.299999237060547,17.6200008392334,490700,PUBM
2022-08-05,17.43000030517578,18.1299991607666,17.165000915527344,17.350000381469727,830000,PUBM
2022-08-08,17.760000228881836,18.420000076293945,17.670000076293945,17.889999389648438,926300,PUBM
2022-08-09,21.979999542236328,22.451000213623047,19.010000228881836,19.010000228881836,3152900,PUBM
2022-08-10,22.3799991607666,23.0,21.670000076293945,22.540000915527344,1191200,PUBM
2022-08-11,22.93000030517578,23.600000381469727,22.200000762939453,22.5,1198900,PUBM
2022-08-12,23.350000381469727,23.59000015258789,22.690000534057617,23.239999771118164,596700,PUBM
2022-08-15,22.68000030517578,23.350000381469727,22.440000534057617,22.979999542236328,627300,PUBM
2022-08-16,22.56999969482422,22.93000030517578,21.989999771118164,22.649999618530273,448900,PUBM
2022-08-17,22.219999313354492,22.549999237060547,21.72800064086914,22.100000381469727,554300,PUBM
2022-08-18,22.299999237060547,22.809999465942383,21.899999618530273,22.15999984741211,486400,PUBM
2022-08-19,21.020000457763672,21.860000610351562,20.670000076293945,21.690000534057617,725300,PUBM
2022-08-22,20.139999389648438,20.809999465942383,19.950000762939453,20.31999969482422,486700,PUBM
2022-08-23,20.09000015258789,20.649999618530273,20.0,20.299999237060547,356300,PUBM
2022-08-24,20.280000686645508,20.889999389648438,20.079999923706055,20.079999923706055,313800,PUBM
2022-08-25,20.8799991607666,20.979999542236328,20.40999984741211,20.690000534057617,302500,PUBM
2022-08-26,20.149999618530273,21.131999969482422,19.860000610351562,21.0,618100,PUBM
2022-08-29,19.399999618530273,20.5,19.389999389648438,19.8700008392334,521400,PUBM
2022-08-30,19.260000228881836,19.989999771118164,19.094999313354492,19.6299991607666,726600,PUBM
2022-08-31,19.56999969482422,19.979999542236328,19.239999771118164,19.6200008392334,436000,PUBM
2022-09-01,19.020000457763672,19.270000457763672,18.475000381469727,19.270000457763672,547500,PUBM
2022-09-02,18.8700008392334,19.225000381469727,18.229999542236328,19.079999923706055,501000,PUBM
2022-09-06,18.6299991607666,19.100000381469727,18.44499969482422,19.100000381469727,390600,PUBM
2022-09-07,18.93000030517578,18.969999313354492,18.18000030517578,18.459999084472656,387100,PUBM
2022-09-08,18.139999389648438,18.920000076293945,17.760000228881836,18.719999313354492,859500,PUBM
2022-09-09,19.040000915527344,19.104999542236328,18.360000610351562,18.399999618530273,803900,PUBM
2022-09-12,19.239999771118164,19.475000381469727,19.0049991607666,19.1299991607666,586000,PUBM
2022-09-13,17.959999084472656,18.399999618530273,17.489999771118164,18.190000534057617,1119900,PUBM
2022-09-14,18.440000534057617,18.459999084472656,17.700000762939453,17.985000610351562,536000,PUBM
2022-09-15,18.200000762939453,18.729999542236328,18.010000228881836,18.43000030517578,356400,PUBM
2022-09-16,17.0,17.899999618530273,16.90999984741211,17.899999618530273,639900,PUBM
2022-09-19,17.530000686645508,17.610000610351562,16.68000030517578,16.84000015258789,540100,PUBM
2022-09-20,17.139999389648438,17.440000534057617,17.0,17.239999771118164,370200,PUBM
2022-09-21,16.920000076293945,17.709999084472656,16.899999618530273,17.219999313354492,361700,PUBM
2022-09-22,16.219999313354492,16.940000534057617,16.030000686645508,16.739999771118164,552000,PUBM
2022-09-23,16.25,16.329999923706055,15.8100004196167,16.0,712900,PUBM
2022-09-26,15.819999694824219,16.709999084472656,15.789999961853027,16.469999313354492,430000,PUBM
2022-09-27,16.3799991607666,16.719999313354492,16.09000015258789,16.3799991607666,371800,PUBM
2022-09-28,16.899999618530273,17.0,16.299999237060547,16.420000076293945,526600,PUBM
2022-09-29,17.219999313354492,17.459999084472656,16.219999313354492,16.5,1409400,PUBM
2022-09-30,16.6299991607666,17.615999221801758,16.610000610351562,17.125,645100,PUBM
2022-10-03,17.510000228881836,17.674999237060547,16.739999771118164,16.90999984741211,607500,PUBM
2022-10-04,18.670000076293945,18.90999984741211,17.719999313354492,18.049999237060547,1072500,PUBM
2022-10-05,18.549999237060547,18.68000030517578,17.729999542236328,18.649999618530273,719800,PUBM
2022-10-06,18.190000534057617,18.979999542236328,18.079999923706055,18.3799991607666,429600,PUBM
2022-10-07,18.229999542236328,18.270000457763672,17.48200035095215,17.770000457763672,485000,PUBM
2022-10-10,17.81999969482422,18.34000015258789,17.780000686645508,18.229999542236328,374900,PUBM
2022-10-11,17.280000686645508,18.010000228881836,16.510000228881836,17.6200008392334,632600,PUBM
2022-10-12,17.200000762939453,17.31999969482422,16.739999771118164,17.290000915527344,311900,PUBM
2022-10-13,17.729999542236328,17.78499984741211,16.190000534057617,16.5,522500,PUBM
2022-10-14,16.68000030517578,18.059999465942383,16.610000610351562,17.8799991607666,389000,PUBM
2022-10-17,17.739999771118164,17.84000015258789,17.100000381469727,17.100000381469727,350900,PUBM
2022-10-18,17.729999542236328,18.450000762939453,17.309999465942383,18.43000030517578,385100,PUBM
2022-10-19,17.43000030517578,17.889999389648438,17.280000686645508,17.700000762939453,257000,PUBM
2022-10-20,17.729999542236328,18.399999618530273,17.299999237060547,17.299999237060547,341000,PUBM
2022-10-21,17.889999389648438,17.969999313354492,16.93000030517578,17.700000762939453,414200,PUBM
2022-10-24,18.040000915527344,18.100000381469727,17.5,17.959999084472656,348800,PUBM
2022-10-25,19.309999465942383,19.389999389648438,18.040000915527344,18.040000915527344,639300,PUBM
2022-10-26,18.479999542236328,19.31999969482422,18.420000076293945,18.950000762939453,459600,PUBM
2022-10-27,17.719999313354492,18.7450008392334,17.450000762939453,18.68000030517578,629000,PUBM
2022-10-28,17.299999237060547,17.93000030517578,16.799999237060547,17.93000030517578,871700,PUBM
2022-10-31,17.399999618530273,17.639999389648438,16.78499984741211,17.229999542236328,520000,PUBM
2022-11-01,17.31999969482422,18.010000228881836,17.209999084472656,18.0,299400,PUBM
2022-11-02,16.649999618530273,17.700000762939453,16.649999618530273,17.200000762939453,511000,PUBM
2022-11-03,16.260000228881836,16.905000686645508,16.19499969482422,16.420000076293945,406100,PUBM
2022-11-04,16.31999969482422,16.719999313354492,15.8100004196167,16.719999313354492,502000,PUBM
2022-11-07,16.110000610351562,16.700000762939453,15.940999984741211,16.600000381469727,414500,PUBM
2022-11-08,16.149999618530273,16.665000915527344,15.550000190734863,16.290000915527344,944700,PUBM
2022-11-09,13.859999656677246,15.25,13.744999885559082,14.899999618530273,2235500,PUBM
2022-11-10,15.40999984741211,15.979999542236328,14.720000267028809,14.779999732971191,1322400,PUBM
2022-11-11,16.18000030517578,16.34000015258789,15.210000038146973,15.40999984741211,685800,PUBM
2022-11-14,15.979999542236328,16.219999313354492,15.680000305175781,16.100000381469727,424100,PUBM
2022-11-15,16.3700008392334,16.709999084472656,16.200000762939453,16.530000686645508,467000,PUBM
2022-11-16,15.800000190734863,16.049999237060547,15.579999923706055,16.0,500300,PUBM
2022-11-17,15.420000076293945,15.630000114440918,14.949999809265137,15.319999694824219,459100,PUBM
2022-11-18,15.0600004196167,15.880000114440918,14.979999542236328,15.880000114440918,419200,PUBM
2022-11-21,15.130000114440918,15.1899995803833,14.760000228881836,14.880000114440918,363800,PUBM
2022-11-22,15.079999923706055,15.09000015258789,14.696999549865723,15.0600004196167,328900,PUBM
2022-11-23,15.369999885559082,15.470000267028809,14.979999542236328,15.109999656677246,239200,PUBM
2022-11-25,15.449999809265137,15.569999694824219,15.079999923706055,15.210000038146973,137400,PUBM
2022-11-28,15.029999732971191,15.359999656677246,14.84000015258789,15.1899995803833,350800,PUBM
2022-11-29,14.979999542236328,15.335000038146973,14.899999618530273,15.0,266000,PUBM
2022-11-30,15.670000076293945,15.710000038146973,14.829999923706055,14.970000267028809,366200,PUBM
2022-12-01,15.829999923706055,15.930000305175781,15.539999961853027,15.5600004196167,327700,PUBM
2022-12-02,15.84000015258789,15.949000358581543,15.329999923706055,15.670000076293945,223700,PUBM
2022-12-05,14.960000038146973,15.76200008392334,14.699999809265137,15.600000381469727,390500,PUBM
2022-12-06,14.520000457763672,14.789999961853027,14.270000457763672,14.779999732971191,457600,PUBM
2022-12-07,13.569999694824219,14.550000190734863,13.520000457763672,14.3100004196167,1108100,PUBM
2022-12-08,13.59000015258789,14.279999732971191,13.390000343322754,13.649999618530273,423800,PUBM
2022-12-09,13.40999984741211,13.597999572753906,13.270000457763672,13.449999809265137,380400,PUBM
2022-12-12,13.510000228881836,13.600000381469727,13.25,13.420000076293945,541000,PUBM
2022-12-13,13.680000305175781,14.579999923706055,13.5,14.1899995803833,632200,PUBM
2022-12-14,13.600000381469727,14.0,13.390000343322754,13.739999771118164,533700,PUBM
2022-12-15,13.010000228881836,13.34000015258789,12.75,13.220000267028809,759600,PUBM
2022-12-16,12.970000267028809,13.069999694824219,12.75,12.779999732971191,723600,PUBM
2022-12-19,12.819999694824219,13.1899995803833,12.680000305175781,12.9399995803833,580300,PUBM
2022-12-20,12.970000267028809,13.100000381469727,12.5600004196167,12.649999618530273,388700,PUBM
2022-12-21,13.140000343322754,13.354999542236328,12.960000038146973,13.119999885559082,517400,PUBM
2022-12-22,12.779999732971191,13.100000381469727,12.40999984741211,12.90999984741211,596200,PUBM
2022-12-23,12.614999771118164,12.850000381469727,12.444000244140625,12.779999732971191,519400,PUBM
2022-12-27,12.420000076293945,12.779999732971191,12.1899995803833,12.34000015258789,431700,PUBM
2022-12-28,12.460000038146973,12.579999923706055,12.1899995803833,12.430000305175781,537900,PUBM
2022-12-29,12.899999618530273,12.949999809265137,12.520000457763672,12.520000457763672,609900,PUBM
2022-12-30,12.8100004196167,12.845000267028809,12.484999656677246,12.5600004196167,517300,PUBM
2023-01-03,13.170000076293945,13.40999984741211,12.65999984741211,13.100000381469727,569100,PUBM
2023-01-04,13.119999885559082,13.399999618530273,12.829999923706055,13.279999732971191,441400,PUBM
2023-01-05,12.970000267028809,13.194999694824219,12.670000076293945,13.020000457763672,401400,PUBM
2023-01-06,13.199999809265137,13.329999923706055,12.760000228881836,13.229999542236328,429300,PUBM
2023-01-09,13.630000114440918,13.970000267028809,13.4399995803833,13.4399995803833,513500,PUBM
2023-01-10,14.079999923706055,14.100000381469727,13.520000457763672,13.569999694824219,357100,PUBM
2023-01-11,14.1899995803833,14.369999885559082,14.140000343322754,14.270000457763672,318000,PUBM
2023-01-12,14.239999771118164,14.279999732971191,13.899999618530273,14.180000305175781,367200,PUBM
2023-01-13,14.1899995803833,14.260000228881836,13.970000267028809,14.020000457763672,381800,PUBM
2023-01-17,14.319999694824219,14.350000381469727,13.770000457763672,14.210000038146973,333800,PUBM
2023-01-18,14.140000343322754,14.663999557495117,14.100000381469727,14.489999771118164,300200,PUBM
2023-01-19,14.069999694824219,14.15999984741211,13.819999694824219,13.90999984741211,273100,PUBM
2023-01-20,14.399999618530273,14.4399995803833,14.140000343322754,14.319999694824219,314800,PUBM
2023-01-23,14.9399995803833,14.960000038146973,14.329999923706055,14.5,336500,PUBM
2023-01-24,14.699999809265137,15.0600004196167,14.489999771118164,14.539999961853027,322400,PUBM
2023-01-25,14.729999542236328,14.755000114440918,13.739999771118164,14.390000343322754,554500,PUBM
2023-01-26,15.100000381469727,15.220000267028809,14.569999694824219,15.0,294000,PUBM
2023-01-27,15.180000305175781,15.388999938964844,14.819999694824219,15.079999923706055,380300,PUBM
2023-01-30,15.039999961853027,15.1899995803833,14.850000381469727,14.979999542236328,272600,PUBM
2023-01-31,15.329999923706055,15.390000343322754,15.069999694824219,15.100000381469727,334700,PUBM
2023-02-01,15.510000228881836,15.640000343322754,14.800000190734863,15.319999694824219,368700,PUBM
2023-02-02,16.899999618530273,17.0049991607666,16.010000228881836,16.030000686645508,682800,PUBM
2023-02-03,16.270000457763672,16.899999618530273,16.135000228881836,16.299999237060547,419500,PUBM
2023-02-06,15.90999984741211,16.309999465942383,15.789999961853027,16.09000015258789,243300,PUBM
2023-02-07,16.31999969482422,16.34000015258789,15.630000114440918,15.970000267028809,354600,PUBM
2023-02-08,15.930000305175781,16.3700008392334,15.770000457763672,16.190000534057617,302100,PUBM
2023-02-09,15.289999961853027,16.299999237060547,15.24899959564209,16.139999389648438,382800,PUBM
2023-02-10,15.050000190734863,15.295000076293945,14.960000038146973,15.130000114440918,245600,PUBM
2023-02-13,15.140000343322754,15.239999771118164,14.744999885559082,15.050000190734863,289200,PUBM
2023-02-14,15.449999809265137,15.489999771118164,14.75,14.989999771118164,285600,PUBM
2023-02-15,16.940000534057617,16.950000762939453,15.5,15.619999885559082,649100,PUBM
2023-02-16,16.899999618530273,17.100000381469727,16.229999542236328,16.5,576500,PUBM
2023-02-17,16.979999542236328,17.030000686645508,16.3799991607666,16.860000610351562,509500,PUBM
2023-02-21,16.280000686645508,16.860000610351562,15.8100004196167,16.6299991607666,564400,PUBM
2023-02-22,16.450000762939453,16.600000381469727,16.059999465942383,16.239999771118164,468100,PUBM
2023-02-23,15.630000114440918,16.64900016784668,15.300000190734863,16.450000762939453,689900,PUBM
2023-02-24,15.180000305175781,15.494000434875488,15.029999732971191,15.270000457763672,539900,PUBM
2023-02-27,15.170000076293945,15.489999771118164,15.029999732971191,15.338000297546387,382700,PUBM
2023-02-28,15.180000305175781,15.529999732971191,15.005000114440918,15.140000343322754,815900,PUBM
2023-03-01,14.020000457763672,14.600000381469727,13.520000457763672,13.579999923706055,1304100,PUBM
2023-03-02,13.579999923706055,13.883000373840332,13.335000038146973,13.850000381469727,602700,PUBM
2023-03-03,13.619999885559082,13.984999656677246,13.600000381469727,13.680000305175781,559600,PUBM
2023-03-06,13.510000228881836,13.789999961853027,13.420000076293945,13.680000305175781,533600,PUBM
2023-03-07,13.970000267028809,14.149999618530273,13.359999656677246,13.5,1307700,PUBM
2023-03-08,13.59000015258789,14.225000381469727,13.569999694824219,14.100000381469727,722600,PUBM
2023-03-09,13.210000038146973,13.760000228881836,13.180000305175781,13.539999961853027,636500,PUBM
2023-03-10,12.949999809265137,13.319999694824219,12.770000457763672,13.199999809265137,778200,PUBM
2023-03-13,12.960000038146973,13.140000343322754,12.520000457763672,12.789999961853027,545000,PUBM
2023-03-14,13.319999694824219,13.5600004196167,13.1899995803833,13.319999694824219,447600,PUBM
2023-03-15,13.25,13.375,13.0,13.010000228881836,397100,PUBM
2023-03-16,13.25,13.555000305175781,13.020000457763672,13.149999618530273,411200,PUBM
2023-03-17,13.119999885559082,13.4399995803833,12.960000038146973,13.239999771118164,692800,PUBM
2023-03-20,12.920000076293945,13.149999618530273,12.850000381469727,13.010000228881836,363800,PUBM
2023-03-21,13.350000381469727,13.395000457763672,12.980999946594238,13.0600004196167,355900,PUBM
2023-03-22,13.029999732971191,13.520000457763672,13.029999732971191,13.3100004196167,274300,PUBM
2023-03-23,13.369999885559082,13.640000343322754,13.119999885559082,13.239999771118164,260000,PUBM
2023-03-24,13.630000114440918,13.664999961853027,13.29800033569336,13.3100004196167,242500,PUBM
2023-03-27,13.630000114440918,13.800000190734863,13.479999542236328,13.789999961853027,326600,PUBM
2023-03-28,13.119999885559082,13.619999885559082,13.100000381469727,13.619999885559082,341800,PUBM
2023-03-29,13.390000343322754,13.420000076293945,13.199999809265137,13.25,225100,PUBM
2023-03-30,13.5,13.699999809265137,13.279999732971191,13.569999694824219,474300,PUBM
2023-03-31,13.819999694824219,13.989999771118164,13.460000038146973,13.65999984741211,344400,PUBM
2023-04-03,13.859999656677246,13.859999656677246,13.479999542236328,13.819999694824219,396600,PUBM
2023-04-04,13.779999732971191,14.079999923706055,13.670000076293945,13.9399995803833,251300,PUBM
2023-04-05,13.569999694824219,13.640000343322754,13.220000267028809,13.640000343322754,368000,PUBM
2023-04-06,13.880000114440918,14.0,13.414999961853027,13.5600004196167,344200,PUBM
2023-04-10,14.09000015258789,14.100000381469727,13.739999771118164,13.779999732971191,292200,PUBM
2023-04-11,14.1899995803833,14.369999885559082,14.079999923706055,14.109999656677246,249200,PUBM
2023-04-12,13.8100004196167,14.5,13.779999732971191,14.369999885559082,270000,PUBM
2023-04-13,14.550000190734863,15.100000381469727,14.149999618530273,14.15999984741211,583800,PUBM
2023-04-14,14.25,14.710000038146973,14.229999542236328,14.550000190734863,274300,PUBM
2023-04-17,14.289999961853027,14.5,14.109999656677246,14.180000305175781,254700,PUBM
2023-04-18,14.319999694824219,14.40999984741211,14.140000343322754,14.34000015258789,320300,PUBM
2023-04-19,14.170000076293945,14.579999923706055,14.119999885559082,14.170000076293945,324100,PUBM
2023-04-20,14.149999618530273,14.239999771118164,13.899999618530273,14.0,281900,PUBM
2023-04-21,14.079999923706055,14.302000045776367,13.970000267028809,14.149999618530273,256900,PUBM
2023-04-24,13.699999809265137,14.130000114440918,13.539999961853027,14.079999923706055,370600,PUBM
2023-04-25,13.529999732971191,13.819999694824219,13.449999809265137,13.630000114440918,310900,PUBM
2023-04-26,13.350000381469727,13.710000038146973,13.270000457763672,13.59000015258789,330300,PUBM
2023-04-27,13.90999984741211,14.1899995803833,13.430000305175781,13.470000267028809,420000,PUBM
2023-04-28,13.65999984741211,13.8149995803833,13.524999618530273,13.779999732971191,407600,PUBM
2023-05-01,13.619999885559082,13.765000343322754,13.510000228881836,13.65999984741211,237700,PUBM
2023-05-02,12.630000114440918,13.649999618530273,12.510000228881836,13.569999694824219,947700,PUBM
2023-05-03,12.210000038146973,12.739999771118164,12.180000305175781,12.729999542236328,744700,PUBM
2023-05-04,11.869999885559082,12.239999771118164,11.729999542236328,12.239999771118164,700800,PUBM
2023-05-05,12.149999618530273,12.279999732971191,11.890000343322754,11.979999542236328,971000,PUBM
2023-05-08,12.5600004196167,12.640000343322754,12.260000228881836,12.270000457763672,675700,PUBM
2023-05-09,12.619999885559082,12.71500015258789,12.399999618530273,12.460000038146973,806500,PUBM
2023-05-10,14.239999771118164,14.600000381469727,13.270000457763672,13.270000457763672,1701800,PUBM
2023-05-11,15.130000114440918,15.289999961853027,14.350000381469727,14.390000343322754,779300,PUBM
2023-05-12,15.260000228881836,15.649999618530273,14.949999809265137,15.279999732971191,825800,PUBM
2023-05-15,14.880000114440918,15.199999809265137,14.5,15.199999809265137,426300,PUBM
2023-05-16,14.960000038146973,15.045000076293945,14.539999961853027,14.739999771118164,506400,PUBM
2023-05-17,15.4399995803833,15.569999694824219,14.96500015258789,15.039999961853027,435800,PUBM
2023-05-18,16.170000076293945,16.25,15.425000190734863,15.5,588300,PUBM
2023-05-19,16.260000228881836,16.34000015258789,15.90999984741211,16.290000915527344,448400,PUBM
2023-05-22,17.399999618530273,17.6200008392334,16.3799991607666,16.3799991607666,634700,PUBM
2023-05-23,17.059999465942383,17.75,17.0,17.270000457763672,439500,PUBM
2023-05-24,17.18000030517578,17.3799991607666,16.770000457763672,16.850000381469727,444500,PUBM
2023-05-25,17.209999084472656,17.360000610351562,16.790000915527344,17.18000030517578,422300,PUBM
2023-05-26,17.100000381469727,17.770000457763672,17.03499984741211,17.25,524700,PUBM
2023-05-30,17.65999984741211,17.729999542236328,17.1200008392334,17.229999542236328,489700,PUBM
2023-05-31,17.549999237060547,18.280000686645508,17.420000076293945,17.59000015258789,561400,PUBM
2023-06-01,17.985000610351562,18.229999542236328,17.510000228881836,17.520000457763672,467000,PUBM
2023-06-02,18.170000076293945,18.420000076293945,17.899999618530273,18.059999465942383,559900,PUBM
2023-06-05,18.530000686645508,18.670000076293945,18.020000457763672,18.170000076293945,400700,PUBM
2023-06-06,18.739999771118164,18.989999771118164,18.489999771118164,18.489999771118164,418300,PUBM
2023-06-07,18.219999313354492,19.18000030517578,18.15999984741211,18.809999465942383,383700,PUBM
2023-06-08,18.809999465942383,18.829999923706055,18.141000747680664,18.209999084472656,333800,PUBM
2023-06-09,18.809999465942383,18.940000534057617,18.59000015258789,18.809999465942383,288100,PUBM
2023-06-12,18.649999618530273,18.8799991607666,18.360000610351562,18.829999923706055,354600,PUBM
2023-06-13,18.670000076293945,18.93000030517578,18.43000030517578,18.729999542236328,333400,PUBM
2023-06-14,18.8799991607666,18.889999389648438,18.450000762939453,18.670000076293945,368100,PUBM
2023-06-15,19.290000915527344,19.799999237060547,18.975000381469727,19.010000228881836,466300,PUBM
2023-06-16,19.079999923706055,19.43000030517578,18.75,19.43000030517578,404100,PUBM
2023-06-20,18.899999618530273,19.1299991607666,18.6200008392334,18.920000076293945,260100,PUBM
2023-06-21,18.3799991607666,18.90999984741211,18.299999237060547,18.889999389648438,301200,PUBM
2023-06-22,18.18000030517578,18.399999618530273,18.0,18.239999771118164,344500,PUBM
2023-06-23,18.43000030517578,18.489999771118164,17.81999969482422,17.850000381469727,1400400,PUBM
2023-06-26,18.040000915527344,18.719999313354492,18.0,18.389999389648438,307100,PUBM
2023-06-27,18.139999389648438,18.209999084472656,17.90999984741211,18.049999237060547,193900,PUBM
2023-06-28,18.729999542236328,18.739999771118164,18.020000457763672,18.1299991607666,318800,PUBM
2023-06-29,18.5,18.829999923706055,18.399999618530273,18.760000228881836,220700,PUBM
2023-06-30,18.280000686645508,18.899999618530273,18.270000457763672,18.899999618530273,229500,PUBM
2023-07-03,18.09000015258789,18.399999618530273,18.0,18.280000686645508,189900,PUBM
2023-07-05,17.829999923706055,18.1200008392334,17.719999313354492,18.020000457763672,287800,PUBM
2023-07-06,17.200000762939453,17.516000747680664,16.924999237060547,17.510000228881836,549300,PUBM
2023-07-07,17.239999771118164,17.420000076293945,17.114999771118164,17.114999771118164,276100,PUBM
2023-07-10,17.56999969482422,17.594999313354492,17.149999618530273,17.15999984741211,291400,PUBM
2023-07-11,18.450000762939453,18.549999237060547,17.65999984741211,17.65999984741211,279600,PUBM
2023-07-12,19.1200008392334,19.209999084472656,18.594999313354492,18.6200008392334,302500,PUBM
2023-07-13,19.530000686645508,19.725000381469727,19.229999542236328,19.25,335400,PUBM
2023-07-14,19.200000762939453,19.594999313354492,19.100000381469727,19.399999618530273,183900,PUBM
2023-07-17,19.350000381469727,19.520000457763672,19.059999465942383,19.209999084472656,217500,PUBM
2023-07-18,19.190000534057617,19.360000610351562,18.90999984741211,19.34000015258789,242100,PUBM
2023-07-19,19.0,19.43600082397461,18.93000030517578,19.25,208300,PUBM
2023-07-20,18.7549991607666,19.079999923706055,18.660999298095703,18.770000457763672,209400,PUBM
2023-07-21,18.59000015258789,19.040000915527344,18.542999267578125,18.860000610351562,200400,PUBM
2023-07-24,18.43000030517578,18.850000381469727,18.334999084472656,18.700000762939453,170700,PUBM
2023-07-25,18.479999542236328,18.68000030517578,18.47599983215332,18.479999542236328,171300,PUBM
2023-07-26,18.579999923706055,18.84000015258789,18.344999313354492,18.56999969482422,168500,PUBM
2023-07-27,18.389999389648438,19.16699981689453,18.239999771118164,18.979999542236328,182300,PUBM
2023-07-28,19.489999771118164,19.56999969482422,18.59000015258789,18.59000015258789,270700,PUBM
2023-07-31,19.989999771118164,20.049999237060547,19.5,19.559999465942383,372900,PUBM
2023-08-01,19.770000457763672,20.079999923706055,19.559999465942383,19.959999084472656,251300,PUBM
2023-08-02,19.43000030517578,19.729999542236328,19.027999877929688,19.65999984741211,294900,PUBM
2023-08-03,19.420000076293945,19.684999465942383,19.229999542236328,19.459999084472656,211300,PUBM
2023-08-04,19.479999542236328,19.790000915527344,19.200000762939453,19.43000030517578,203000,PUBM
2023-08-07,19.209999084472656,19.5,18.84000015258789,19.5,242600,PUBM
2023-08-08,18.559999465942383,18.969999313354492,18.170000076293945,18.969999313354492,444200,PUBM
2023-08-09,12.300000190734863,14.699999809265137,12.265000343322754,14.479999542236328,3514000,PUBM
2023-08-10,13.09000015258789,13.630000114440918,12.164999961853027,12.75,1360100,PUBM
2023-08-11,13.300000190734863,13.489999771118164,12.979999542236328,13.0,599200,PUBM
2023-08-14,13.0,13.25,12.824999809265137,13.25,604700,PUBM
2023-08-15,12.850000381469727,13.0,12.529999732971191,12.770000457763672,376500,PUBM
2023-08-16,12.510000228881836,13.079999923706055,12.5,12.550000190734863,486200,PUBM
2023-08-17,12.199999809265137,12.649999618530273,12.170000076293945,12.5,484100,PUBM
2023-08-18,12.289999961853027,12.470999717712402,12.017999649047852,12.020000457763672,539200,PUBM
2023-08-21,12.140000343322754,12.527000427246094,12.079999923706055,12.210000038146973,313100,PUBM
2023-08-22,12.430000305175781,12.470000267028809,12.170000076293945,12.170000076293945,365200,PUBM
2023-08-23,13.199999809265137,13.25,12.399999618530273,12.430000305175781,561600,PUBM
2023-08-24,12.670000076293945,13.220000267028809,12.609999656677246,13.1899995803833,479800,PUBM
2023-08-25,12.90999984741211,13.0,12.489999771118164,12.670000076293945,437300,PUBM
2023-08-28,12.720000267028809,12.979999542236328,12.649999618530273,12.960000038146973,354600,PUBM
2023-08-29,13.1899995803833,13.494999885559082,12.6899995803833,12.6899995803833,815700,PUBM
2023-08-30,13.770000457763672,13.875,13.1899995803833,13.239999771118164,420300,PUBM
2023-08-31,13.899999618530273,14.128000259399414,13.779999732971191,13.779999732971191,395700,PUBM
2023-09-01,14.225000381469727,14.470000267028809,14.074999809265137,14.074999809265137,389600,PUBM
2023-09-05,14.350000381469727,14.489999771118164,13.949999809265137,14.069999694824219,451900,PUBM
2023-09-06,13.989999771118164,14.470000267028809,13.6899995803833,14.359999656677246,356000,PUBM
2023-09-07,13.399999618530273,13.890000343322754,13.21500015258789,13.75,371000,PUBM
2023-09-08,12.930000305175781,13.529999732971191,12.845000267028809,13.479999542236328,361900,PUBM
2023-09-11,13.050000190734863,13.22700023651123,12.979999542236328,12.979999542236328,248600,PUBM
2023-09-12,12.75,13.0,12.529999732971191,12.899999618530273,383600,PUBM
2023-09-13,12.579999923706055,12.75,12.420000076293945,12.75,350800,PUBM
2023-09-14,12.789999961853027,12.875,12.635000228881836,12.65999984741211,285900,PUBM
2023-09-15,12.529999732971191,12.760000228881836,12.395000457763672,12.760000228881836,487700,PUBM
2023-09-18,12.270000457763672,12.437999725341797,12.210000038146973,12.40999984741211,275100,PUBM
2023-09-19,12.210000038146973,12.359999656677246,11.970000267028809,12.25,328000,PUBM
2023-09-20,11.989999771118164,12.4399995803833,11.989999771118164,12.279999732971191,248200,PUBM
2023-09-21,11.770000457763672,11.970000267028809,11.640000343322754,11.819999694824219,332700,PUBM
2023-09-22,11.720000267028809,11.920000076293945,11.704999923706055,11.819999694824219,271100,PUBM
2023-09-25,11.829999923706055,11.890000343322754,11.609999656677246,11.630000114440918,200300,PUBM
2023-09-26,11.600000381469727,11.854000091552734,11.585000038146973,11.710000038146973,205200,PUBM
2023-09-27,11.630000114440918,11.862000465393066,11.609999656677246,11.710000038146973,172000,PUBM
2023-09-28,12.130000114440918,12.1899995803833,11.569999694824219,11.569999694824219,332800,PUBM
2023-09-29,12.100000381469727,12.399999618530273,12.069999694824219,12.3100004196167,311100,PUBM
2023-10-02,11.760000228881836,12.100000381469727,11.6850004196167,12.039999961853027,343200,PUBM
2023-10-03,11.710000038146973,11.930999755859375,11.619999885559082,11.630000114440918,316400,PUBM
2023-10-04,11.90999984741211,12.010000228881836,11.640000343322754,11.75,234900,PUBM
2023-10-05,11.890000343322754,11.979999542236328,11.770000457763672,11.880000114440918,283800,PUBM
2023-10-06,12.029999732971191,12.100000381469727,11.699999809265137,11.699999809265137,235100,PUBM
2023-10-09,12.279999732971191,12.395000457763672,11.8100004196167,11.819999694824219,256900,PUBM
2023-10-10,12.40999984741211,12.619999885559082,12.300000190734863,12.3100004196167,273100,PUBM
2023-10-11,12.369999885559082,12.539999961853027,12.25,12.449999809265137,185700,PUBM
2023-10-12,12.140000343322754,12.420000076293945,12.109999656677246,12.420000076293945,170000,PUBM
2023-10-13,12.010000228881836,12.180000305175781,11.989999771118164,12.180000305175781,181200,PUBM
2023-10-16,12.510000228881836,12.555000305175781,11.9399995803833,12.0,220500,PUBM
2023-10-17,12.529999732971191,12.770000457763672,12.319999694824219,12.319999694824219,299800,PUBM
2023-10-18,12.140000343322754,12.529999732971191,12.100000381469727,12.350000381469727,247700,PUBM
2023-10-19,12.069999694824219,12.300000190734863,12.039999961853027,12.239999771118164,269500,PUBM
2023-10-20,11.6899995803833,12.079999923706055,11.65999984741211,12.079999923706055,285000,PUBM
2023-10-23,11.960000038146973,12.079999923706055,11.609999656677246,11.609999656677246,206800,PUBM
2023-10-24,12.100000381469727,12.359999656677246,12.029999732971191,12.109999656677246,206500,PUBM
2023-10-25,11.680000305175781,12.0,11.649999618530273,11.920000076293945,249500,PUBM
2023-10-26,11.369999885559082,11.765000343322754,11.210000038146973,11.619999885559082,338100,PUBM
2023-10-27,11.260000228881836,11.5,11.229999542236328,11.430000305175781,236100,PUBM
2023-10-30,11.229999542236328,11.430000305175781,11.130000114440918,11.359999656677246,201200,PUBM
2023-10-31,11.270000457763672,11.4399995803833,11.140000343322754,11.25,204700,PUBM
2023-11-01,11.15999984741211,11.260000228881836,10.920000076293945,11.260000228881836,294400,PUBM
2023-11-02,11.800000190734863,11.899999618530273,11.319999694824219,11.319999694824219,404800,PUBM
2023-11-03,12.149999618530273,12.380000114440918,11.9399995803833,11.9399995803833,283000,PUBM
2023-11-06,11.899999618530273,12.248000144958496,11.800000190734863,12.149999618530273,309200,PUBM
2023-11-07,12.020000457763672,12.239999771118164,11.789999961853027,11.9399995803833,320300,PUBM
2023-11-08,12.100000381469727,12.220000267028809,11.9399995803833,12.050000190734863,496400,PUBM
2023-11-09,14.960000038146973,15.09000015258789,13.670000076293945,13.960000038146973,1761100,PUBM
2023-11-10,14.954999923706055,15.25,14.300000190734863,14.890000343322754,773800,PUBM
2023-11-13,14.880000114440918,15.109999656677246,14.670000076293945,14.920000076293945,333800,PUBM
2023-11-14,15.569999694824219,15.739999771118164,15.210000038146973,15.210000038146973,569400,PUBM
2023-11-15,15.989999771118164,16.125,15.600000381469727,15.649999618530273,466200,PUBM
2023-11-16,15.680000305175781,15.90999984741211,15.4399995803833,15.899999618530273,328900,PUBM
2023-11-17,15.920000076293945,15.930000305175781,15.539999961853027,15.739999771118164,331700,PUBM
2023-11-20,16.200000762939453,16.315000534057617,15.9350004196167,16.0,441100,PUBM
2023-11-21,15.9399995803833,16.084999084472656,15.829999923706055,16.020000457763672,229800,PUBM
2023-11-22,16.15999984741211,16.469999313354492,16.020000457763672,16.020000457763672,292200,PUBM
2023-11-24,16.329999923706055,16.469999313354492,16.049999237060547,16.09000015258789,184200,PUBM
2023-11-27,16.709999084472656,16.790000915527344,16.219999313354492,16.219999313354492,306100,PUBM
2023-11-28,16.799999237060547,16.979999542236328,16.479999542236328,16.479999542236328,415400,PUBM
2023-11-29,17.049999237060547,17.190000534057617,16.93000030517578,17.0,360600,PUBM
2023-11-30,16.709999084472656,17.239999771118164,16.65999984741211,17.100000381469727,394700,PUBM
2023-12-01,17.139999389648438,17.200000762939453,16.6200008392334,16.690000534057617,359100,PUBM
2023-12-04,17.190000534057617,17.3799991607666,17.03499984741211,17.040000915527344,240900,PUBM
2023-12-05,17.06999969482422,17.389999389648438,16.739999771118164,16.940000534057617,310700,PUBM
2023-12-06,16.989999771118164,17.469999313354492,16.959999084472656,17.18000030517578,254800,PUBM
2023-12-07,15.970000267028809,16.950000762939453,15.8100004196167,16.950000762939453,518800,PUBM
2023-12-08,17.110000610351562,17.3700008392334,15.960000038146973,15.960000038146973,815300,PUBM
2023-12-11,17.020000457763672,17.18000030517578,16.8700008392334,17.040000915527344,304500,PUBM
2023-12-12,17.09000015258789,17.290000915527344,16.739999771118164,17.290000915527344,185900,PUBM
2023-12-13,17.43000030517578,17.5,16.700000762939453,17.059999465942383,327900,PUBM
2023-12-14,17.549999237060547,17.899999618530273,17.440000534057617,17.530000686645508,489100,PUBM
2023-12-15,17.40999984741211,17.875999450683594,17.229999542236328,17.729999542236328,587800,PUBM
2023-12-18,17.489999771118164,17.579999923706055,17.25,17.40999984741211,267300,PUBM
2023-12-19,17.690000534057617,17.829999923706055,17.3700008392334,17.520000457763672,587400,PUBM
2023-12-20,16.959999084472656,17.770000457763672,16.934999465942383,17.600000381469727,390800,PUBM
2023-12-21,17.09000015258789,17.25,16.700000762939453,17.209999084472656,288900,PUBM
2023-12-22,16.649999618530273,17.200000762939453,16.59000015258789,17.18000030517578,339100,PUBM
2023-12-26,16.790000915527344,16.860000610351562,16.549999237060547,16.68000030517578,226600,PUBM
2023-12-27,16.760000228881836,16.860000610351562,16.520000457763672,16.780000686645508,211800,PUBM
2023-12-28,16.709999084472656,16.950000762939453,16.56999969482422,16.68000030517578,232200,PUBM
2023-12-29,16.309999465942383,16.809999465942383,16.2450008392334,16.670000076293945,399800,PUBM
2024-01-02,16.020000457763672,16.219999313354492,15.90999984741211,16.200000762939453,311400,PUBM
2024-01-03,15.479999542236328,15.84000015258789,15.25,15.84000015258789,367000,PUBM
2024-01-04,15.069999694824219,15.470000267028809,15.050000190734863,15.470000267028809,283300,PUBM
2024-01-05,14.859999656677246,15.229999542236328,14.819999694824219,14.930000305175781,428300,PUBM
2024-01-08,15.329999923706055,15.364999771118164,14.895999908447266,14.899999618530273,348300,PUBM
2024-01-09,15.0,15.25,14.970000267028809,15.050000190734863,250800,PUBM
2024-01-10,15.050000190734863,15.15999984741211,14.819999694824219,14.979999542236328,255400,PUBM
2024-01-11,15.020000457763672,15.173999786376953,14.793000221252441,15.020000457763672,231600,PUBM
2024-01-12,14.949999809265137,15.319999694824219,14.9399995803833,15.119999885559082,284900,PUBM
2024-01-16,14.210000038146973,14.869999885559082,14.15999984741211,14.670000076293945,430800,PUBM
2024-01-17,14.270000457763672,14.289999961853027,13.859999656677246,14.0,506300,PUBM
2024-01-18,14.65999984741211,14.710000038146973,14.350000381469727,14.479999542236328,289800,PUBM
2024-01-19,14.890000343322754,14.90999984741211,14.600000381469727,14.800000190734863,233700,PUBM
2024-01-22,15.069999694824219,15.239999771118164,14.880000114440918,14.979999542236328,442300,PUBM
2024-01-23,15.010000228881836,15.350000381469727,14.979999542236328,15.130000114440918,241100,PUBM
2024-01-24,14.729999542236328,15.069999694824219,14.59000015258789,14.800000190734863,601300,PUBM
2024-01-25,15.529999732971191,15.529999732971191,14.720000267028809,14.729999542236328,482600,PUBM
2024-01-26,15.380000114440918,15.75,15.300000190734863,15.600000381469727,212800,PUBM
2024-01-29,16.06999969482422,16.09000015258789,15.369999885559082,15.380000114440918,244600,PUBM
2024-01-30,15.760000228881836,16.040000915527344,15.539999961853027,15.960000038146973,286100,PUBM
2024-01-31,15.180000305175781,15.800000190734863,15.149999618530273,15.520000457763672,276300,PUBM
2024-02-01,15.0,15.430000305175781,14.949999809265137,15.350000381469727,277200,PUBM
2024-02-02,15.220000267028809,15.399999618530273,14.819999694824219,15.069999694824219,263200,PUBM
2024-02-05,14.8100004196167,15.0600004196167,14.760000228881836,15.0,243800,PUBM
2024-02-06,15.34000015258789,15.369999885559082,14.760000228881836,14.8100004196167,217300,PUBM
2024-02-07,15.300000190734863,15.420000076293945,15.0600004196167,15.3100004196167,197500,PUBM
2024-02-08,15.510000228881836,15.630000114440918,15.15999984741211,15.260000228881836,316400,PUBM
2024-02-09,15.84000015258789,15.970000267028809,15.569999694824219,15.649999618530273,282400,PUBM
2024-02-12,15.819999694824219,16.170000076293945,15.760000228881836,15.760000228881836,347100,PUBM
2024-02-13,14.960000038146973,15.479999542236328,14.789999961853027,15.140000343322754,343200,PUBM
2024-02-14,15.649999618530273,15.800000190734863,15.149999618530273,15.220000267028809,287400,PUBM
2024-02-15,16.34000015258789,16.3799991607666,15.729999542236328,15.84000015258789,543400,PUBM
2024-02-16,17.190000534057617,17.360000610351562,16.211999893188477,16.440000534057617,839600,PUBM
2024-02-20,16.43000030517578,17.0,16.15999984741211,16.75,349100,PUBM
2024-02-21,16.15999984741211,16.40999984741211,15.90999984741211,16.360000610351562,388100,PUBM
2024-02-22,16.049999237060547,16.584999084472656,15.789999961853027,16.290000915527344,292200,PUBM
2024-02-23,16.360000610351562,16.5,15.609999656677246,15.720000267028809,539700,PUBM
2024-02-26,16.56999969482422,16.8799991607666,16.260000228881836,16.350000381469727,920800,PUBM
2024-02-27,20.479999542236328,21.829999923706055,19.100000381469727,20.489999771118164,3941200,PUBM
2024-02-28,19.18000030517578,20.209999084472656,18.850000381469727,19.8799991607666,1234700,PUBM
2024-02-29,20.940000534057617,21.0,19.469999313354492,19.59000015258789,1135400,PUBM
2024-03-01,21.06999969482422,21.59000015258789,20.549999237060547,21.530000686645508,745500,PUBM
2024-03-04,21.309999465942383,21.709999084472656,20.84000015258789,21.200000762939453,593700,PUBM
2024-03-05,20.690000534057617,21.040000915527344,20.360000610351562,21.040000915527344,811000,PUBM
2024-03-06,20.739999771118164,21.219999313354492,20.639999389648438,20.979999542236328,345800,PUBM
2024-03-07,20.56999969482422,20.959999084472656,20.270000457763672,20.899999618530273,480200,PUBM
2024-03-08,20.7450008392334,21.229999542236328,20.649999618530273,20.770000457763672,285400,PUBM
2024-03-11,20.3700008392334,20.770000457763672,20.139999389648438,20.65999984741211,286700,PUBM
2024-03-12,21.790000915527344,21.90999984741211,20.18000030517578,20.3700008392334,1345200,PUBM
2024-03-13,22.979999542236328,23.280000686645508,21.559999465942383,21.899999618530273,1098700,PUBM
2024-03-14,23.579999923706055,23.858999252319336,22.549999237060547,23.0,1070500,PUBM
2024-03-15,22.899999618530273,23.222000122070312,22.350000381469727,22.969999313354492,886900,PUBM
2024-03-18,22.979999542236328,23.420000076293945,22.732999801635742,23.059999465942383,390400,PUBM
2024-03-19,22.8799991607666,23.020000457763672,22.530000686645508,22.829999923706055,286100,PUBM
2024-03-20,23.389999389648438,23.579999923706055,22.709999084472656,22.8700008392334,414000,PUBM
2024-03-21,23.75,23.829999923706055,23.309999465942383,23.6200008392334,509100,PUBM
2024-03-22,23.299999237060547,24.059999465942383,23.049999237060547,23.889999389648438,413100,PUBM
2024-03-25,23.299999237060547,23.700000762939453,23.06999969482422,23.1299991607666,316100,PUBM
2024-03-26,23.610000610351562,23.920000076293945,23.459999084472656,23.540000915527344,420900,PUBM
2024-03-27,23.260000228881836,23.8700008392334,22.959999084472656,23.6200008392334,320600,PUBM
2024-03-28,23.719999313354492,24.06999969482422,23.049999237060547,23.09000015258789,743800,PUBM
2024-04-01,23.739999771118164,24.170000076293945,23.520000457763672,23.75,338500,PUBM
2024-04-02,23.6200008392334,23.6200008392334,22.5,23.0,470500,PUBM
2024-04-03,23.5,23.989999771118164,23.399999618530273,23.399999618530273,282000,PUBM
2024-04-04,23.420000076293945,24.184999465942383,23.360000610351562,23.760000228881836,359600,PUBM
2024-04-05,23.690000534057617,23.8700008392334,23.219999313354492,23.219999313354492,294800,PUBM
2024-04-08,23.68000030517578,24.110000610351562,23.610000610351562,23.889999389648438,265100,PUBM
2024-04-09,23.639999389648438,23.93000030517578,23.559999465942383,23.729999542236328,178600,PUBM
2024-04-10,22.90999984741211,23.579999923706055,22.6299991607666,23.25,499500,PUBM
2024-04-11,23.280000686645508,23.360000610351562,22.610000610351562,23.0,441100,PUBM
2024-04-12,22.860000610351562,23.399999618530273,22.700000762939453,23.0,290700,PUBM
2024-04-15,21.670000076293945,22.93000030517578,21.520000457763672,22.84000015258789,459800,PUBM
2024-04-16,21.729999542236328,21.89699935913086,21.31999969482422,21.6299991607666,259700,PUBM
2024-04-17,21.56999969482422,22.084999084472656,21.56999969482422,21.969999313354492,258300,PUBM
2024-04-18,21.540000915527344,21.979999542236328,21.43000030517578,21.440000534057617,232900,PUBM
2024-04-19,21.610000610351562,22.09000015258789,21.450000762939453,21.65999984741211,344900,PUBM
2024-04-22,22.170000076293945,22.229999542236328,21.56999969482422,21.610000610351562,221800,PUBM
2024-04-23,22.84000015258789,23.1299991607666,22.31999969482422,22.31999969482422,326100,PUBM
2024-04-24,23.34000015258789,23.420000076293945,22.864999771118164,23.0,331900,PUBM
2024-04-25,22.809999465942383,22.940000534057617,22.420000076293945,22.799999237060547,353700,PUBM
2024-04-26,23.209999084472656,23.450000762939453,22.69300079345703,22.959999084472656,259600,PUBM
2024-04-29,23.170000076293945,23.389999389648438,23.049999237060547,23.3700008392334,177200,PUBM
2024-04-30,22.440000534057617,23.43000030517578,22.420000076293945,23.040000915527344,282700,PUBM
2024-05-01,22.780000686645508,23.3700008392334,22.389999389648438,22.450000762939453,212200,PUBM
2024-05-02,23.110000610351562,23.325000762939453,22.719999313354492,23.190000534057617,191700,PUBM
2024-05-03,23.43000030517578,23.736000061035156,23.06999969482422,23.3799991607666,294600,PUBM
2024-05-06,23.530000686645508,23.71500015258789,23.40999984741211,23.540000915527344,290100,PUBM
2024-05-07,24.020000457763672,24.524999618530273,23.219999313354492,23.5,798800,PUBM
2024-05-08,22.579999923706055,25.36199951171875,22.479999542236328,25.170000076293945,946100,PUBM
2024-05-09,22.469999313354492,22.780000686645508,21.799999237060547,22.559999465942383,507300,PUBM
2024-05-10,22.489999771118164,22.700000762939453,22.25,22.469999313354492,446700,PUBM
2024-05-13,22.739999771118164,23.280000686645508,22.489999771118164,22.489999771118164,423800,PUBM
2024-05-14,22.81999969482422,23.299999237060547,22.739999771118164,22.739999771118164,343600,PUBM
2024-05-15,23.290000915527344,23.389999389648438,22.389999389648438,23.06999969482422,396400,PUBM
2024-05-16,22.825000762939453,23.530000686645508,22.59000015258789,23.040000915527344,641800,PUBM
2024-05-17,24.020000457763672,24.18000030517578,22.739999771118164,22.799999237060547,673000,PUBM
2024-05-20,23.579999923706055,24.09000015258789,23.520000457763672,24.0,274100,PUBM
2024-05-21,23.079999923706055,23.549999237060547,22.989999771118164,23.350000381469727,227600,PUBM
2024-05-22,23.079999923706055,23.520000457763672,22.899999618530273,22.950000762939453,279700,PUBM
2024-05-23,22.719999313354492,23.350000381469727,22.579999923706055,23.239999771118164,477600,PUBM
2024-05-24,23.75,24.190000534057617,22.70199966430664,22.760000228881836,843900,PUBM
2024-05-28,23.65999984741211,24.5,23.469999313354492,23.8700008392334,548200,PUBM
2024-05-29,23.579999923706055,24.03700065612793,23.110000610351562,23.299999237060547,333200,PUBM
2024-05-30,23.280000686645508,23.690000534057617,23.09000015258789,23.6200008392334,294900,PUBM
2024-05-31,21.899999618530273,23.5,21.56999969482422,23.43000030517578,566200,PUBM
2024-06-03,21.079999923706055,22.08300018310547,20.940000534057617,22.040000915527344,591400,PUBM
2024-06-04,21.100000381469727,21.479999542236328,20.900999069213867,20.989999771118164,448000,PUBM
2024-06-05,21.56999969482422,21.8700008392334,21.110000610351562,21.149999618530273,517600,PUBM
2024-06-06,21.350000381469727,21.68000030517578,21.25,21.56999969482422,371300,PUBM
2024-06-07,21.1200008392334,21.360000610351562,20.8799991607666,21.010000228881836,284700,PUBM
2024-06-10,21.139999389648438,21.18000030517578,20.6200008392334,20.889999389648438,331400,PUBM
2024-06-11,21.479999542236328,21.6299991607666,21.06999969482422,21.1200008392334,311200,PUBM
2024-06-12,21.65999984741211,22.329999923706055,21.489999771118164,22.299999237060547,352400,PUBM
2024-06-13,21.549999237060547,21.979999542236328,21.43000030517578,21.729999542236328,289000,PUBM
2024-06-14,21.219999313354492,21.469999313354492,21.040000915527344,21.25,211000,PUBM
2024-06-17,21.149999618530273,21.3700008392334,20.7810001373291,21.079999923706055,235700,PUBM
2024-06-18,20.389999389648438,21.145000457763672,20.389999389648438,21.020000457763672,298400,PUBM
2024-06-20,19.489999771118164,20.299999237060547,19.1299991607666,20.299999237060547,1224400,PUBM
2024-06-21,19.889999389648438,19.940000534057617,19.309999465942383,19.459999084472656,543000,PUBM
2024-06-24,19.309999465942383,19.87299919128418,19.200000762939453,19.75,361200,PUBM
2024-06-25,19.649999618530273,19.649999618530273,19.100000381469727,19.31999969482422,304500,PUBM
2024-06-26,19.6299991607666,19.780000686645508,19.472000122070312,19.520000457763672,361400,PUBM
2024-06-27,19.59000015258789,19.799999237060547,19.459999084472656,19.59000015258789,284700,PUBM
2024-06-28,20.309999465942383,20.389999389648438,19.43000030517578,19.780000686645508,2062900,PUBM
2024-07-01,20.399999618530273,20.40999984741211,19.760000228881836,20.260000228881836,344900,PUBM
2024-07-02,20.440000534057617,20.600000381469727,20.1299991607666,20.31999969482422,284200,PUBM
2024-07-03,20.670000076293945,20.799999237060547,20.309999465942383,20.309999465942383,222400,PUBM
2024-07-05,19.81999969482422,20.649999618530273,19.709999084472656,20.56999969482422,385000,PUBM
2024-07-08,20.059999465942383,20.299999237060547,19.239999771118164,19.75,522000,PUBM
2024-07-09,20.290000915527344,20.299999237060547,19.75,20.0,537900,PUBM
2024-07-10,20.030000686645508,20.43000030517578,19.920000076293945,20.31999969482422,223800,PUBM
2024-07-11,20.229999542236328,20.3700008392334,19.850000381469727,20.329999923706055,347200,PUBM
2024-07-12,20.200000762939453,20.700000762939453,20.200000762939453,20.229999542236328,366900,PUBM
2024-07-15,21.18000030517578,21.398000717163086,20.229999542236328,20.389999389648438,466000,PUBM
2024-07-16,21.969999313354492,22.25,21.575000762939453,21.709999084472656,457600,PUBM
2024-07-17,21.40999984741211,21.690000534057617,21.18000030517578,21.649999618530273,326000,PUBM
2024-07-18,20.90999984741211,21.58300018310547,20.709999084472656,21.270000457763672,207600,PUBM
2024-07-19,21.280000686645508,21.399999618530273,20.718000411987305,20.979999542236328,222500,PUBM
2024-07-22,21.809999465942383,22.149999618530273,21.354000091552734,21.5,434200,PUBM
2024-07-23,22.780000686645508,22.989999771118164,21.6299991607666,21.690000534057617,416200,PUBM
2024-07-24,21.75,22.549999237060547,21.68000030517578,22.239999771118164,260000,PUBM
2024-07-25,22.09000015258789,22.6200008392334,21.41699981689453,21.65999984741211,264000,PUBM
2024-07-26,22.399999618530273,22.75,22.149999618530273,22.450000762939453,203400,PUBM
2024-07-29,22.010000228881836,22.989999771118164,21.950000762939453,22.3700008392334,189300,PUBM
2024-07-30,21.860000610351562,22.450000762939453,21.5,22.229999542236328,186300,PUBM
2024-07-31,21.959999084472656,22.395000457763672,21.649999618530273,21.979999542236328,213000,PUBM
2024-08-01,21.170000076293945,22.25,20.860000610351562,21.889999389648438,335900,PUBM
2024-08-02,20.040000915527344,20.479999542236328,19.56999969482422,19.899999618530273,301000,PUBM
2024-08-05,19.100000381469727,19.25,18.100000381469727,18.40999984741211,527500,PUBM
2024-08-06,19.25,19.360000610351562,18.84000015258789,19.18000030517578,320800,PUBM
2024-08-07,18.959999084472656,19.90999984741211,18.920000076293945,19.600000381469727,575900,PUBM
2024-08-08,19.600000381469727,19.790000915527344,18.739999771118164,18.8799991607666,555100,PUBM
2024-08-09,14.0600004196167,14.319999694824219,13.180000305175781,13.819999694824219,4047600,PUBM
2024-08-12,14.229999542236328,14.529999732971191,13.600000381469727,13.949999809265137,1772600,PUBM
2024-08-13,14.140000343322754,14.420999526977539,13.869999885559082,14.300000190734863,1171500,PUBM
2024-08-14,13.65999984741211,14.114999771118164,13.65999984741211,14.0,854200,PUBM
2024-08-15,13.850000381469727,14.187000274658203,13.779999732971191,13.850000381469727,839900,PUBM
2024-08-16,13.630000114440918,13.949999809265137,13.59000015258789,13.819999694824219,763800,PUBM
2024-08-19,14.489999771118164,14.586999893188477,13.640000343322754,13.640000343322754,938200,PUBM
2024-08-20,14.380000114440918,14.77400016784668,14.210000038146973,14.5,557300,PUBM
2024-08-21,15.300000190734863,15.552000045776367,14.550000190734863,14.619999885559082,1014300,PUBM
2024-08-22,15.319999694824219,15.869999885559082,15.199999809265137,15.470000267028809,711000,PUBM
2024-08-23,15.949999809265137,15.975000381469727,15.40999984741211,15.40999984741211,672700,PUBM
2024-08-26,16.010000228881836,16.27899932861328,15.829999923706055,16.0,494500,PUBM
2024-08-27,15.539999961853027,16.079999923706055,15.510000228881836,15.829999923706055,533800,PUBM
2024-08-28,15.25,15.614999771118164,15.25,15.430000305175781,474300,PUBM
2024-08-29,15.460000038146973,15.829999923706055,15.359999656677246,15.359999656677246,468400,PUBM
2024-08-30,15.600000381469727,15.850000381469727,15.515000343322754,15.569999694824219,396900,PUBM
2024-09-03,14.989999771118164,15.510000228881836,14.949999809265137,15.300000190734863,509000,PUBM
2024-09-04,15.0600004196167,15.479999542236328,14.819999694824219,14.819999694824219,394000,PUBM
2024-09-05,15.289999961853027,15.520000457763672,15.039999961853027,15.039999961853027,481900,PUBM
2024-09-06,14.510000228881836,15.40999984741211,14.449999809265137,15.359999656677246,368200,PUBM
2024-09-09,14.020000457763672,14.600000381469727,14.020000457763672,14.4399995803833,421700,PUBM
2024-09-10,14.0600004196167,14.220000267028809,13.869999885559082,14.020000457763672,454400,PUBM
2024-09-11,14.109999656677246,14.25,13.770000457763672,14.029999732971191,284700,PUBM
2024-09-12,14.319999694824219,14.425000190734863,14.100000381469727,14.220000267028809,228500,PUBM
2024-09-13,14.579999923706055,14.949999809265137,14.414999961853027,14.5,358900,PUBM
2024-09-16,14.569999694824219,14.675000190734863,14.420000076293945,14.550000190734863,248000,PUBM
2024-09-17,14.609999656677246,14.949999809265137,14.569999694824219,14.770000457763672,283400,PUBM
2024-09-18,14.579999923706055,15.140000343322754,14.512999534606934,14.619999885559082,345200,PUBM
2024-09-19,14.680000305175781,15.119999885559082,14.539999961853027,15.100000381469727,401700,PUBM
2024-09-20,14.520000457763672,14.859999656677246,14.5,14.6899995803833,1018700,PUBM
2024-09-23,14.270000457763672,14.600000381469727,14.149999618530273,14.539999961853027,297000,PUBM
2024-09-24,14.399999618530273,14.579999923706055,14.170000076293945,14.34000015258789,278400,PUBM
2024-09-25,14.239999771118164,14.529999732971191,14.229999542236328,14.420000076293945,310400,PUBM
2024-09-26,14.479999542236328,14.689000129699707,14.229999542236328,14.529999732971191,259200,PUBM
2024-09-27,14.90999984741211,15.050000190734863,14.59000015258789,14.640000343322754,306900,PUBM
2024-09-30,14.869999885559082,15.093999862670898,14.710000038146973,14.850000381469727,295500,PUBM
2024-10-01,14.399999618530273,15.024999618530273,14.239999771118164,14.970000267028809,505800,PUBM
2024-10-02,14.430000305175781,14.779999732971191,14.279999732971191,14.470000267028809,358500,PUBM
2024-10-03,14.359999656677246,14.5,14.21500015258789,14.270000457763672,307100,PUBM
2024-10-04,14.770000457763672,14.84000015258789,14.40999984741211,14.59000015258789,329300,PUBM
2024-10-07,14.479999542236328,15.0,14.380000114440918,14.739999771118164,339700,PUBM
2024-10-08,14.779999732971191,14.800000190734863,14.430000305175781,14.430000305175781,297900,PUBM
2024-10-09,14.770000457763672,14.949999809265137,14.571999549865723,14.8100004196167,303400,PUBM
2024-10-10,14.739999771118164,14.824999809265137,14.550000190734863,14.59000015258789,314600,PUBM
2024-10-11,15.119999885559082,15.15999984741211,14.739999771118164,14.739999771118164,285900,PUBM
2024-10-14,15.119999885559082,15.279999732971191,15.0600004196167,15.15999984741211,270000,PUBM
2024-10-15,15.289999961853027,15.5,15.09000015258789,15.119999885559082,282500,PUBM
2024-10-16,15.020000457763672,15.449999809265137,14.994000434875488,15.369999885559082,264200,PUBM
2024-10-17,15.300000190734863,15.390000343322754,14.968000411987305,15.020000457763672,315700,PUBM
2024-10-18,15.289999961853027,15.539999961853027,15.229999542236328,15.420000076293945,249400,PUBM
2024-10-21,15.25,15.550000190734863,15.15999984741211,15.229999542236328,283300,PUBM
2024-10-22,15.300000190734863,15.359999656677246,15.156000137329102,15.15999984741211,248600,PUBM
2024-10-23,14.970000267028809,15.300000190734863,14.765000343322754,15.239999771118164,292600,PUBM
2024-10-24,14.84000015258789,15.199999809265137,14.755000114440918,15.029999732971191,212300,PUBM
2024-10-25,14.789999961853027,15.220000267028809,14.66100025177002,14.949999809265137,228500,PUBM
2024-10-28,15.220000267028809,15.279999732971191,14.880000114440918,14.979999542236328,198800,PUBM
2024-10-29,15.210000038146973,15.229999542236328,14.949999809265137,15.109999656677246,255900,PUBM
2024-10-30,15.210000038146973,15.699999809265137,15.180000305175781,15.180000305175781,283100,PUBM
2024-10-31,14.704999923706055,15.119999885559082,14.550000190734863,15.109999656677246,332400,PUBM
2024-11-01,14.619999885559082,14.920000076293945,14.5649995803833,14.920000076293945,235400,PUBM
2024-11-04,14.350000381469727,14.649999618530273,14.289999961853027,14.5,292600,PUBM
2024-11-05,14.84000015258789,14.890000343322754,14.3100004196167,14.3100004196167,231100,PUBM
2024-11-06,15.84000015258789,15.869999885559082,15.359999656677246,15.579999923706055,414800,PUBM
2024-11-07,16.079999923706055,16.1299991607666,15.83899974822998,15.899999618530273,454000,PUBM
2024-11-08,15.609999656677246,16.0,15.5,15.949999809265137,548000,PUBM
2024-11-11,16.3700008392334,16.40999984741211,15.789999961853027,15.829999923706055,477000,PUBM
2024-11-12,16.43000030517578,16.489999771118164,16.065000534057617,16.209999084472656,708300,PUBM
2024-11-13,16.260000228881836,17.739999771118164,15.199999809265137,17.739999771118164,1100700,PUBM
2024-11-14,15.630000114440918,16.225000381469727,15.359999656677246,16.1200008392334,505600,PUBM
2024-11-15,14.880000114440918,15.680000305175781,14.805000305175781,15.680000305175781,431900,PUBM
2024-11-18,14.680000305175781,14.8100004196167,14.420000076293945,14.75,492900,PUBM
2024-11-19,15.489999771118164,15.989999771118164,14.470000267028809,14.470000267028809,1209400,PUBM
2024-11-20,15.25,15.449999809265137,15.010000228881836,15.420000076293945,451000,PUBM
2024-11-21,16.200000762939453,16.25,15.100000381469727,15.279999732971191,615900,PUBM
2024-11-22,16.18000030517578,16.43000030517578,15.979999542236328,16.100000381469727,341000,PUBM
2024-11-25,15.869999885559082,16.489999771118164,15.850000381469727,16.270000457763672,435000,PUBM
2024-11-26,15.789999961853027,15.989999771118164,15.649999618530273,15.880000114440918,302000,PUBM
2024-11-27,15.829999923706055,16.040000915527344,15.699999809265137,15.890000343322754,191000,PUBM
2024-11-29,15.949999809265137,16.104999542236328,15.779999732971191,15.84000015258789,157700,PUBM
2024-12-02,16.829999923706055,16.985000610351562,15.800000190734863,15.890000343322754,535600,PUBM
2024-12-03,16.68000030517578,16.709999084472656,16.399999618530273,16.489999771118164,299400,PUBM
2024-12-04,16.940000534057617,17.170000076293945,16.700000762939453,16.729999542236328,313400,PUBM
2024-12-05,16.100000381469727,17.09000015258789,15.930000305175781,16.920000076293945,319900,PUBM
2024-12-06,16.809999465942383,17.049999237060547,16.170000076293945,16.290000915527344,319900,PUBM
2024-12-09,16.530000686645508,16.959999084472656,16.459999084472656,16.829999923706055,218000,PUBM
2024-12-10,16.690000534057617,16.809999465942383,16.31999969482422,16.399999618530273,245300,PUBM
2024-12-11,16.790000915527344,16.969999313354492,16.639999389648438,16.969999313354492,353000,PUBM
2024-12-12,16.530000686645508,17.100000381469727,16.360000610351562,16.719999313354492,270100,PUBM
2024-12-13,16.299999237060547,16.690000534057617,16.1200008392334,16.489999771118164,341000,PUBM
2024-12-16,16.510000228881836,16.683000564575195,16.100000381469727,16.40999984741211,334300,PUBM
2024-12-17,16.270000457763672,16.56999969482422,16.149999618530273,16.350000381469727,268200,PUBM
2024-12-18,15.59000015258789,16.5,15.329999923706055,16.25,363600,PUBM
2024-12-19,15.399999618530273,15.951000213623047,15.260000228881836,15.789999961853027,291800,PUBM
2024-12-20,15.4399995803833,15.805999755859375,15.130000114440918,15.130000114440918,522200,PUBM
2024-12-23,15.260000228881836,15.545000076293945,15.220000267028809,15.430000305175781,217500,PUBM
2024-12-24,15.369999885559082,15.399999618530273,15.137999534606934,15.270000457763672,98200,PUBM
2024-12-26,15.430000305175781,15.479999542236328,15.140000343322754,15.260000228881836,186700,PUBM
2024-12-27,15.100000381469727,15.449999809265137,14.949999809265137,15.34000015258789,254100,PUBM
2024-12-30,14.9399995803833,15.039999961853027,14.710000038146973,14.845000267028809,236800,PUBM
2024-12-31,14.6899995803833,15.079999923706055,14.680000305175781,15.069999694824219,204300,PUBM
2025-01-02,14.829999923706055,15.079999923706055,14.640000343322754,14.970000267028809,264200,PUBM
2025-01-03,15.329999923706055,15.380000114440918,14.84000015258789,14.84000015258789,271500,PUBM
2025-01-06,15.329999923706055,15.619999885559082,15.109999656677246,15.1899995803833,306500,PUBM
2025-01-07,14.84000015258789,15.420000076293945,14.6899995803833,15.399999618530273,275700,PUBM
2025-01-08,14.739999771118164,14.970000267028809,14.597000122070312,14.779999732971191,233800,PUBM
2025-01-10,14.095000267028809,14.350000381469727,13.800000190734863,14.350000381469727,450800,PUBM
2025-01-13,13.899999618530273,14.050000190734863,13.800000190734863,13.880000114440918,335300,PUBM
2025-01-14,14.0,14.149999618530273,13.770000457763672,14.020000457763672,318800,PUBM
2025-01-15,14.399999618530273,14.550000190734863,14.25,14.510000228881836,287800,PUBM
2025-01-16,14.40999984741211,14.779999732971191,14.329999923706055,14.390000343322754,291600,PUBM
2025-01-17,14.520000457763672,14.720000267028809,14.40999984741211,14.699999809265137,248100,PUBM
2025-01-21,14.829999923706055,15.039999961853027,14.539999961853027,14.600000381469727,308900,PUBM
2025-01-22,14.729999542236328,15.010000228881836,14.640000343322754,14.779999732971191,286600,PUBM
2025-01-23,15.130000114440918,15.145000457763672,14.395000457763672,14.470000267028809,367600,PUBM
2025-01-24,14.970000267028809,15.270000457763672,14.920000076293945,15.130000114440918,249700,PUBM
2025-01-27,15.210000038146973,15.279999732971191,14.470000267028809,14.600000381469727,412100,PUBM
2025-01-28,15.15999984741211,15.399999618530273,15.098999977111816,15.199999809265137,281100,PUBM
2025-01-29,15.569999694824219,15.600000381469727,14.930000305175781,15.1899995803833,268300,PUBM
2025-01-30,15.329999923706055,15.75,15.170000076293945,15.680000305175781,250500,PUBM
2025-01-31,15.119999885559082,15.520000457763672,14.979999542236328,15.329999923706055,232900,PUBM
2025-02-03,15.069999694824219,15.329999923706055,14.579999923706055,14.6899995803833,350300,PUBM
2025-02-04,15.539999961853027,15.569999694824219,15.130000114440918,15.130000114440918,258900,PUBM
2025-02-05,15.579999923706055,15.640000343322754,15.454999923706055,15.529999732971191,200200,PUBM
2025-02-06,15.84000015258789,15.989999771118164,15.619999885559082,15.6899995803833,282800,PUBM
2025-02-07,16.43000030517578,16.459999084472656,15.699999809265137,15.850000381469727,301800,PUBM
2025-02-10,16.56999969482422,16.600000381469727,16.290000915527344,16.5,398300,PUBM
2025-02-11,16.65999984741211,16.809999465942383,16.354999542236328,16.510000228881836,268300,PUBM
2025-02-12,17.139999389648438,17.31999969482422,16.385000228881836,16.399999618530273,359000,PUBM
2025-02-13,15.800000190734863,16.989999771118164,15.140000343322754,16.989999771118164,828100,PUBM
2025-02-14,15.699999809265137,16.09000015258789,15.489999771118164,15.880000114440918,237000,PUBM
2025-02-18,15.649999618530273,15.84000015258789,15.170000076293945,15.84000015258789,423600,PUBM
2025-02-19,15.130000114440918,15.520000457763672,15.050000190734863,15.460000038146973,275000,PUBM
2025-02-20,14.789999961853027,15.119999885559082,14.600000381469727,15.109999656677246,362300,PUBM
2025-02-21,14.520000457763672,15.020000457763672,14.473999977111816,15.0,386800,PUBM
2025-02-24,14.640000343322754,14.720000267028809,14.289999961853027,14.59000015258789,314400,PUBM
2025-02-25,14.430000305175781,14.649999618530273,14.260000228881836,14.630000114440918,327700,PUBM
2025-02-26,14.390000343322754,14.574999809265137,14.329999923706055,14.40999984741211,546500,PUBM
2025-02-27,13.970000267028809,14.800000190734863,13.944999694824219,14.619999885559082,671200,PUBM
2025-02-28,10.630000114440918,11.880000114440918,10.354000091552734,11.880000114440918,1867400,PUBM
2025-03-03,10.300000190734863,11.010000228881836,10.270000457763672,10.59000015258789,1439800,PUBM
2025-03-04,10.619999885559082,10.89900016784668,9.920000076293945,10.020000457763672,1099800,PUBM
2025-03-05,10.710000038146973,10.89799976348877,10.579999923706055,10.579999923706055,666800,PUBM
2025-03-06,10.0,10.579999923706055,9.954999923706055,10.470000267028809,675600,PUBM
2025-03-07,9.770000457763672,10.170000076293945,9.6850004196167,10.100000381469727,1055400,PUBM
2025-03-10,9.699999809265137,9.880000114440918,9.425000190734863,9.880000114440918,1020300,PUBM
2025-03-11,9.65999984741211,9.829999923706055,9.550000190734863,9.6899995803833,493800,PUBM
2025-03-12,9.920000076293945,9.949999809265137,9.640000343322754,9.729999542236328,582300,PUBM
2025-03-13,9.09000015258789,9.932999610900879,9.069999694824219,9.869999885559082,610100,PUBM
2025-03-14,9.479999542236328,9.550000190734863,9.210000038146973,9.279999732971191,545000,PUBM
2025-03-17,9.680000305175781,9.75,9.440999984741211,9.520000457763672,695400,PUBM
2025-03-18,9.420000076293945,9.609999656677246,9.359999656677246,9.609999656677246,393100,PUBM
2025-03-19,9.520000457763672,9.640000343322754,9.300000190734863,9.5,605800,PUBM
2025-03-20,9.729999542236328,9.864999771118164,9.470000267028809,9.479999542236328,566600,PUBM
2025-03-21,9.75,9.8100004196167,9.399999618530273,9.619999885559082,1033900,PUBM
2025-03-24,9.899999618530273,9.98900032043457,9.699999809265137,9.9399995803833,526900,PUBM
2025-03-25,10.449999809265137,10.585000038146973,9.949999809265137,10.0,743000,PUBM
2025-03-26,10.109999656677246,10.543000221252441,9.970000267028809,10.479999542236328,504200,PUBM
2025-03-27,9.949999809265137,10.170000076293945,9.899999618530273,10.09000015258789,333500,PUBM
2025-03-28,9.279999732971191,9.899999618530273,9.220000267028809,9.869999885559082,490400,PUBM
2025-03-31,9.140000343322754,9.229999542236328,8.899999618530273,9.069999694824219,499300,PUBM
2025-04-01,9.289999961853027,9.289999961853027,9.029999732971191,9.079999923706055,443100,PUBM
2025-04-02,9.420000076293945,9.519000053405762,9.069999694824219,9.079999923706055,499700,PUBM
2025-04-03,8.369999885559082,9.055000305175781,8.319999694824219,8.949999809265137,756000,PUBM
2025-04-04,8.25,8.34000015258789,7.900000095367432,8.010000228881836,870400,PUBM
2025-04-07,7.880000114440918,8.430000305175781,7.460000038146973,7.800000190734863,741300,PUBM
2025-04-08,7.769999980926514,8.239999771118164,7.650000095367432,8.229999542236328,556400,PUBM
2025-04-09,8.979999542236328,9.0600004196167,7.599999904632568,7.679999828338623,787000,PUBM
2025-04-10,8.289999961853027,8.649999618530273,8.170000076293945,8.649999618530273,654300,PUBM
2025-04-11,8.479999542236328,8.53499984741211,8.069999694824219,8.300000190734863,413000,PUBM
2025-04-14,8.380000114440918,8.65999984741211,8.145000457763672,8.65999984741211,422100,PUBM
2025-04-15,8.300000190734863,8.510000228881836,8.140000343322754,8.420000076293945,514800,PUBM
2025-04-16,8.140000343322754,8.270000457763672,7.989999771118164,8.1899995803833,447900,PUBM
2025-04-17,9.130000114440918,9.229999542236328,8.085000038146973,8.170000076293945,1344600,PUBM
2025-04-21,9.369999885559082,9.390000343322754,8.75,9.010000228881836,710700,PUBM
2025-04-22,9.5600004196167,9.65999984741211,9.229999542236328,9.489999771118164,641100,PUBM
2025-04-23,9.654999732971191,10.074999809265137,9.649999618530273,9.899999618530273,407400,PUBM
2025-04-24,9.850000381469727,10.09000015258789,9.529999732971191,9.609999656677246,493900,PUBM
2025-04-25,9.960000038146973,10.15999984741211,9.800000190734863,9.869999885559082,502400,PUBM
2025-04-28,9.960000038146973,10.140000343322754,9.819999694824219,10.020000457763672,399100,PUBM
2025-04-29,10.029999732971191,10.140999794006348,9.899999618530273,9.899999618530273,405800,PUBM
2025-04-30,9.770000457763672,9.9399995803833,9.6899995803833,9.779999732971191,528700,PUBM
2025-05-01,9.880000114440918,10.100000381469727,9.760000228881836,9.84000015258789,536200,PUBM
2025-05-02,9.800000190734863,10.125,9.800000190734863,9.970000267028809,469900,PUBM
2025-05-05,9.739999771118164,9.960000038146973,9.600000381469727,9.670000076293945,415100,PUBM
2025-05-06,9.819999694824219,9.885000228881836,9.5,9.579999923706055,537700,PUBM
2025-05-07,10.039999961853027,10.069999694824219,9.819999694824219,9.899999618530273,494700,PUBM
2025-05-08,11.0,11.180000305175781,10.239999771118164,10.369999885559082,1509400,PUBM
2025-05-09,11.09000015258789,12.0,10.984000205993652,11.979999542236328,1557100,PUBM
2025-05-12,11.520000457763672,12.0600004196167,11.399999618530273,11.640000343322754,1083800,PUBM
2025-05-13,11.579999923706055,11.880000114440918,11.404999732971191,11.4399995803833,564500,PUBM
2025-05-14,11.710000038146973,11.984999656677246,11.539999961853027,11.539999961853027,634700,PUBM
2025-05-15,11.550000190734863,11.75,11.380000114440918,11.630000114440918,508700,PUBM
2025-05-16,11.420000076293945,11.630000114440918,11.385000228881836,11.5600004196167,585900,PUBM
2025-05-19,11.399999618530273,11.555000305175781,11.109999656677246,11.130000114440918,496400,PUBM
2025-05-20,11.520000457763672,11.664999961853027,11.359999656677246,11.390000343322754,514200,PUBM
2025-05-21,11.40999984741211,11.779999732971191,11.350000381469727,11.350000381469727,549400,PUBM
2025-05-22,11.430000305175781,11.854999542236328,11.390000343322754,11.390000343322754,597700,PUBM
2025-05-23,11.289999961853027,11.460000038146973,11.130000114440918,11.170000076293945,491900,PUBM
2025-05-27,11.710000038146973,11.800000190734863,11.404999732971191,11.5,557100,PUBM
2025-05-28,12.130000114440918,12.1899995803833,11.710000038146973,11.710000038146973,645400,PUBM
2025-05-29,11.829999923706055,12.350000381469727,11.760000228881836,12.270000457763672,598300,PUBM
2025-05-30,11.699999809265137,11.970000267028809,11.579999923706055,11.760000228881836,645400,PUBM
2025-06-02,11.880000114440918,12.050000190734863,11.59000015258789,11.59000015258789,739700,PUBM
2025-06-03,12.069999694824219,12.194999694824219,11.800000190734863,11.979999542236328,578100,PUBM
2025-06-04,12.15999984741211,12.430000305175781,12.029999732971191,12.029999732971191,570600,PUBM
2025-06-05,11.960000038146973,12.390000343322754,11.890000343322754,12.130000114440918,657800,PUBM
2025-06-06,12.0600004196167,12.210000038146973,11.640000343322754,12.170000076293945,571000,PUBM
2025-06-09,12.109999656677246,12.239999771118164,12.010000228881836,12.199999809265137,546100,PUBM
2025-06-10,11.619999885559082,12.180000305175781,11.508000373840332,12.180000305175781,565500,PUBM
2025-06-11,11.539999961853027,11.859999656677246,11.515000343322754,11.65999984741211,466700,PUBM
2025-06-12,11.1899995803833,11.520000457763672,11.149999618530273,11.420000076293945,313300,PUBM
2025-06-13,10.710000038146973,11.0600004196167,10.6899995803833,10.949999809265137,379500,PUBM
2025-06-16,11.260000228881836,11.430000305175781,10.960000038146973,11.430000305175781,794300,PUBM
2025-06-17,11.100000381469727,11.289999961853027,10.949999809265137,11.149999618530273,472400,PUBM
2025-06-18,11.0600004196167,11.300000190734863,11.010000228881836,11.069999694824219,527600,PUBM
2025-06-20,11.020000457763672,11.350000381469727,11.0,11.170000076293945,1069200,PUBM
2025-06-23,11.109999656677246,11.130000114440918,10.84000015258789,10.899999618530273,534300,PUBM
2025-06-24,11.479999542236328,11.59000015258789,11.149999618530273,11.220000267028809,502900,PUBM
2025-06-25,11.329999923706055,11.649999618530273,11.289999961853027,11.40999984741211,256600,PUBM
2025-06-26,11.4399995803833,11.5,11.09000015258789,11.399999618530273,306300,PUBM
2025-06-27,11.65999984741211,11.760000228881836,11.449999809265137,11.579999923706055,1625700,PUBM
2025-06-30,12.4399995803833,12.970000267028809,11.755000114440918,11.84000015258789,752400,PUBM
2025-07-01,12.460000038146973,12.694999694824219,12.119999885559082,12.300000190734863,383200,PUBM
2025-07-02,12.670000076293945,12.704999923706055,12.265000343322754,12.449999809265137,411700,PUBM
2025-07-03,12.819999694824219,12.979999542236328,12.539999961853027,12.75,235200,PUBM
2025-07-07,12.4399995803833,12.760000228881836,12.430000305175781,12.670000076293945,378600,PUBM
2025-07-08,12.550000190734863,12.680000305175781,12.460000038146973,12.460000038146973,375400,PUBM
2025-07-09,13.579999923706055,13.8100004196167,12.619999885559082,12.619999885559082,999100,PUBM
2025-07-10,13.670000076293945,13.880000114440918,13.399999618530273,13.539999961853027,813900,PUBM
2025-07-11,12.989999771118164,13.649999618530273,12.949999809265137,13.600000381469727,413400,PUBM
2025-07-14,12.819999694824219,13.260000228881836,12.779999732971191,12.930000305175781,551800,PUBM
2025-07-15,12.350000381469727,12.944000244140625,12.329999923706055,12.90999984741211,553600,PUBM
2025-07-16,12.229999542236328,12.489999771118164,12.010000228881836,12.369999885559082,476300,PUBM
2025-07-17,12.8100004196167,12.930000305175781,12.322999954223633,12.40999984741211,589700,PUBM
2025-07-18,12.489999771118164,12.930000305175781,12.489999771118164,12.930000305175781,264400,PUBM
2025-07-21,12.789999961853027,12.920000076293945,12.609999656677246,12.609999656677246,394300,PUBM
2025-07-22,12.470000267028809,12.819999694824219,12.399999618530273,12.779999732971191,406200,PUBM
2025-07-23,12.680000305175781,12.729999542236328,12.255000114440918,12.470000267028809,443400,PUBM
2025-07-24,12.449999809265137,12.864999771118164,12.399999618530273,12.6899995803833,418100,PUBM
2025-07-25,12.720000267028809,12.729999542236328,12.444999694824219,12.449999809265137,385200,PUBM
2025-07-28,12.630000114440918,12.835000038146973,12.350000381469727,12.800000190734863,615900,PUBM
2025-07-29,11.970000267028809,12.734999656677246,11.9399995803833,12.729999542236328,717600,PUBM
2025-07-30,12.15999984741211,12.404999732971191,11.979999542236328,12.050000190734863,620500,PUBM
2025-07-31,12.010000228881836,12.289999961853027,11.90999984741211,12.140000343322754,710100,PUBM
2025-08-01,11.119999885559082,11.845000267028809,11.119999885559082,11.739999771118164,525400,PUBM
2025-08-04,11.670000076293945,11.692999839782715,11.295000076293945,11.319999694824219,376300,PUBM
2025-08-05,11.649999618530273,11.869999885559082,11.520000457763672,11.6899995803833,615700,PUBM
2025-08-06,11.550000190734863,11.789999961853027,11.489999771118164,11.699999809265137,390500,PUBM
2025-08-07,11.180000305175781,11.699999809265137,10.960000038146973,11.6899995803833,473000,PUBM
2025-08-08,10.930000305175781,11.119999885559082,10.720000267028809,11.020000457763672,820300,PUBM
2025-08-11,10.569999694824219,11.069999694824219,10.345000267028809,10.970000267028809,1510800,PUBM
2025-08-12,8.34000015258789,8.6899995803833,7.010000228881836,7.090000152587891,3779600,PUBM
2025-08-13,8.484999656677246,8.579999923706055,8.3100004196167,8.430000305175781,1236800,PUBM
2025-08-14,8.279999732971191,8.5,8.180000305175781,8.329999923706055,1178500,PUBM
2025-08-15,8.369999885559082,8.630000114440918,8.300000190734863,8.329999923706055,898600,PUBM
2025-08-18,8.460000038146973,8.520000457763672,8.300000190734863,8.390000343322754,718200,PUBM
2025-08-19,8.199999809265137,8.489999771118164,8.170000076293945,8.479999542236328,777100,PUBM
2025-08-20,7.820000171661377,8.15999984741211,7.800000190734863,8.140000343322754,845200,PUBM
2025-08-21,8.5,8.510000228881836,7.860000133514404,8.1899995803833,1316900,PUBM
2025-08-22,9.069999694824219,9.09000015258789,8.479999542236328,8.569999694824219,946700,PUBM
2025-08-25,8.5,9.010000228881836,8.449999809265137,8.979999542236328,561400,PUBM
2025-08-26,8.329999923706055,8.579999923706055,8.3100004196167,8.5,571000,PUBM
2025-08-27,8.529999732971191,8.539999961853027,8.300000190734863,8.300000190734863,446200,PUBM
2025-08-28,8.760000228881836,8.84000015258789,8.494999885559082,8.579999923706055,493500,PUBM
2025-08-29,8.670000076293945,8.84000015258789,8.59000015258789,8.75,364900,PUBM
2025-09-02,8.520000457763672,8.59000015258789,8.329999923706055,8.510000228881836,478300,PUBM
2025-09-03,8.399999618530273,8.687999725341797,8.319999694824219,8.5600004196167,472100,PUBM
2025-09-04,8.3100004196167,8.359999656677246,8.15999984741211,8.34000015258789,345500,PUBM
2025-09-05,8.369999885559082,8.489999771118164,8.25,8.359999656677246,334400,PUBM
2025-09-08,8.550000190734863,8.59000015258789,8.329999923706055,8.470000267028809,580300,PUBM
2025-09-09,8.5,8.59000015258789,8.380000114440918,8.489999771118164,363200,PUBM
2025-09-10,8.09000015258789,8.489999771118164,8.03499984741211,8.489999771118164,786400,PUBM
2025-09-11,8.520000457763672,8.539999961853027,8.100000381469727,8.149999618530273,734200,PUBM
2025-09-12,8.220000267028809,8.520000457763672,8.210000038146973,8.520000457763672,489800,PUBM
2025-09-15,8.149999618530273,8.369999885559082,8.140000343322754,8.25,680700,PUBM
2025-09-16,8.420000076293945,8.510000228881836,8.130000114440918,8.1899995803833,729100,PUBM
2025-09-17,8.630000114440918,8.880000114440918,8.270000457763672,8.399999618530273,579600,PUBM
2025-09-18,8.640000343322754,8.800000190734863,8.470000267028809,8.710000038146973,466500,PUBM
2025-09-19,8.630000114440918,8.739999771118164,8.482999801635742,8.670000076293945,1001400,PUBM
2025-09-22,8.699999809265137,8.920000076293945,8.529999732971191,8.569999694824219,658000,PUBM
2025-09-23,8.359999656677246,8.760000228881836,8.34000015258789,8.699999809265137,378200,PUBM
2025-09-24,8.4399995803833,8.677000045776367,8.399999618530273,8.449999809265137,365300,PUBM
2025-09-25,8.319999694824219,8.430000305175781,8.170000076293945,8.319999694824219,424800,PUBM
2025-09-26,8.390000343322754,8.449999809265137,8.260000228881836,8.369999885559082,404000,PUBM
2025-09-29,8.470000267028809,8.581000328063965,8.270000457763672,8.4399995803833,395300,PUBM
2025-09-30,8.279999732971191,8.449999809265137,8.270000457763672,8.4399995803833,454400,PUBM
2025-10-01,8.260000228881836,8.449999809265137,8.199999809265137,8.199999809265137,522600,PUBM
2025-10-02,8.279999732971191,8.324999809265137,8.149999618530273,8.3100004196167,654500,PUBM
2025-10-03,8.4399995803833,8.460000038146973,8.220000267028809,8.270000457763672,450400,PUBM
2025-10-06,8.470000267028809,8.635000228881836,8.1899995803833,8.5600004196167,731900,PUBM
2025-10-07,8.270000457763672,8.65999984741211,8.229999542236328,8.449999809265137,578300,PUBM
2025-10-08,8.890000343322754,9.166000366210938,8.465999603271484,8.930000305175781,1819200,PUBM
2025-10-09,8.329999923706055,8.789999961853027,8.274999618530273,8.789999961853027,807000,PUBM
2025-10-10,7.989999771118164,8.61400032043457,7.989999771118164,8.40999984741211,877700,PUBM
2025-10-13,8.199999809265137,8.25,7.989999771118164,8.170000076293945,608200,PUBM
2025-10-14,8.239999771118164,8.274999618530273,7.989999771118164,8.069999694824219,648500,PUBM
2025-10-15,8.239999771118164,8.380000114440918,8.100000381469727,8.359999656677246,429100,PUBM
2025-10-16,8.039999961853027,8.289999961853027,7.949999809265137,8.220000267028809,512500,PUBM
2025-10-17,7.949999809265137,8.100000381469727,7.880000114440918,7.949999809265137,706900,PUBM
2025-10-20,8.319999694824219,8.390000343322754,8.039999961853027,8.039999961853027,585200,PUBM
2025-10-21,8.470000267028809,8.520000457763672,8.211000442504883,8.300000190734863,548900,PUBM
2025-10-22,8.420000076293945,8.470000267028809,8.25,8.4399995803833,439200,PUBM
2025-10-23,8.59000015258789,8.619999885559082,8.375,8.420000076293945,448300,PUBM
2025-10-24,8.75,8.90999984741211,8.579999923706055,8.670000076293945,559600,PUBM
2025-10-27,8.779999732971191,8.869999885559082,8.649999618530273,8.869999885559082,510600,PUBM
2025-10-28,8.84000015258789,8.9350004196167,8.6899995803833,8.739999771118164,544100,PUBM
2025-10-29,8.460000038146973,8.899999618530273,8.369999885559082,8.850000381469727,583500,PUBM
2025-10-30,8.229999542236328,8.529999732971191,8.21500015258789,8.399999618530273,404100,PUBM
2025-10-31,8.359999656677246,8.539999961853027,8.210000038146973,8.25,435900,PUBM
2025-11-03,8.305000305175781,8.369999885559082,8.199999809265137,8.359999656677246,351300,PUBM
2025-11-04,7.869999885559082,8.199999809265137,7.809999942779541,8.140000343322754,591100,PUBM
2025-11-05,8.0600004196167,8.119999885559082,7.829999923706055,7.889999866485596,736700,PUBM
2025-11-06,7.380000114440918,8.015000343322754,7.380000114440918,7.980000019073486,1202300,PUBM
2025-11-07,7.400000095367432,7.480000019073486,7.130000114440918,7.320000171661377,1036900,PUBM
2025-11-10,7.650000095367432,7.699999809265137,7.460000038146973,7.550000190734863,1042500,PUBM
2025-11-11,10.970000267028809,11.079999923706055,9.130000114440918,9.199999809265137,7449300,PUBM
2025-11-12,9.5649995803833,10.970000267028809,9.5,10.760000228881836,2315900,PUBM
2025-11-13,9.175000190734863,9.609999656677246,9.045000076293945,9.319999694824219,1118700,PUBM
2025-11-14,9.430000305175781,9.640000343322754,9.050000190734863,9.149999618530273,843500,PUBM
2025-11-17,9.1899995803833,9.5600004196167,9.119999885559082,9.399999618530273,823800,PUBM
2025-11-18,9.305000305175781,9.390000343322754,9.069999694824219,9.069999694824219,755400,PUBM
2025-11-19,9.149999618530273,9.3149995803833,9.010000228881836,9.220000267028809,647500,PUBM
2025-11-20,8.579999923706055,9.300000190734863,8.569999694824219,9.210000038146973,720900,PUBM
2025-11-21,8.819999694824219,8.979999542236328,8.579999923706055,8.619999885559082,702100,PUBM
2025-11-24,8.65999984741211,8.859999656677246,8.600000381469727,8.859999656677246,1339000,PUBM
2025-11-25,8.979999542236328,9.239999771118164,8.664999961853027,8.720000267028809,779100,PUBM
2025-11-26,9.100000381469727,9.119999885559082,8.824999809265137,8.9399995803833,567100,PUBM
2025-11-28,9.010000228881836,9.079999923706055,8.90999984741211,9.0600004196167,204100,PUBM
2025-12-01,9.029999732971191,9.119999885559082,8.720000267028809,8.84000015258789,592800,PUBM
2025-12-02,9.0600004196167,9.140000343322754,8.944999694824219,9.020000457763672,447500,PUBM
2025-12-03,9.010000228881836,9.140000343322754,8.970000267028809,9.0,581100,PUBM
2025-12-04,9.100000381469727,9.300000190734863,8.90999984741211,9.010000228881836,557200,PUBM
2025-12-05,9.180000305175781,9.350000381469727,9.050000190734863,9.069999694824219,464300,PUBM
2025-12-08,8.859999656677246,9.350000381469727,8.84000015258789,9.229999542236328,773400,PUBM
2025-12-09,9.140000343322754,9.204999923706055,8.8100004196167,8.859999656677246,830400,PUBM
2025-12-10,9.175000190734863,9.239999771118164,8.8100004196167,9.140000343322754,582200,PUBM
2025-12-11,9.329999923706055,9.350000381469727,9.039999961853027,9.140000343322754,542900,PUBM
2025-12-12,9.050000190734863,9.4399995803833,9.029999732971191,9.350000381469727,437600,PUBM
2025-12-15,8.670000076293945,9.079999923706055,8.654999732971191,9.020000457763672,637600,PUBM
2025-12-16,8.979999542236328,9.0,8.579000473022461,8.59000015258789,513000,PUBM
2025-12-17,8.920000076293945,9.1850004196167,8.895000457763672,8.989999771118164,388600,PUBM
2025-12-18,9.020000457763672,9.300000190734863,8.925000190734863,9.079999923706055,482300,PUBM
2025-12-19,8.829999923706055,9.109999656677246,8.729999542236328,9.0,1098300,PUBM
2025-12-22,8.960000038146973,9.029999732971191,8.819999694824219,8.869999885559082,442100,PUBM
2025-12-23,8.930000305175781,8.96500015258789,8.73799991607666,8.899999618530273,362500,PUBM
2025-12-24,9.010000228881836,9.050000190734863,8.850000381469727,8.859999656677246,147500,PUBM
2025-12-26,8.979999542236328,9.069999694824219,8.90999984741211,8.970000267028809,273500,PUBM
2025-12-29,8.960000038146973,9.010000228881836,8.829999923706055,8.890000343322754,336300,PUBM
2025-12-30,8.960000038146973,9.130000114440918,8.85099983215332,8.90999984741211,312900,PUBM
2025-12-31,8.869999885559082,9.024999618530273,8.84000015258789,8.9399995803833,363400,PUBM
2026-01-02,8.59000015258789,8.880000114440918,8.430000305175781,8.880000114440918,656600,PUBM
2026-01-05,8.760000228881836,8.930000305175781,8.600000381469727,8.619999885559082,444500,PUBM
2026-01-06,8.829999923706055,8.829999923706055,8.619999885559082,8.8100004196167,469700,PUBM
2026-01-07,8.670000076293945,8.895000457763672,8.460000038146973,8.789999961853027,484300,PUBM
2026-01-08,8.5600004196167,8.699999809265137,8.470000267028809,8.59000015258789,445400,PUBM
2026-01-09,8.369999885559082,8.65999984741211,8.289999961853027,8.579999923706055,400100,PUBM
2026-01-12,8.579999923706055,8.654999732971191,8.170000076293945,8.350000381469727,519300,PUBM
2026-01-13,8.34000015258789,8.640000343322754,8.270000457763672,8.569999694824219,447100,PUBM
2026-01-14,7.920000076293945,8.319999694824219,7.809999942779541,8.319999694824219,793700,PUBM
2026-01-15,7.840000152587891,8.0,7.801000118255615,7.949999809265137,650600,PUBM
2026-01-16,7.610000133514404,7.940000057220459,7.599999904632568,7.860000133514404,593400,PUBM
2026-01-20,7.534999847412109,7.679999828338623,7.449999809265137,7.5,557700,PUBM
2026-01-21,7.460000038146973,7.65500020980835,7.340000152587891,7.539999961853027,544000,PUBM
2026-01-22,7.789999961853027,7.820000171661377,7.539999961853027,7.539999961853027,593600,PUBM
2026-01-23,7.730000019073486,7.960000038146973,7.710000038146973,7.789999961853027,377900,PUBM
2026-01-26,7.699999809265137,7.775000095367432,7.570000171661377,7.730000019073486,478100,PUBM
2026-01-27,7.630000114440918,7.71999979019165,7.480000019073486,7.71999979019165,544400,PUBM
2026-01-28,7.480000019073486,7.730000019073486,7.425000190734863,7.650000095367432,459600,PUBM
2026-01-29,7.449999809265137,7.590000152587891,7.329999923706055,7.519999980926514,416500,PUBM
2026-01-30,7.260000228881836,7.414999961853027,7.21999979019165,7.349999904632568,707700,PUBM
2026-02-02,7.199999809265137,7.414999961853027,7.139999866485596,7.269999980926514,514100,PUBM
2026-02-03,6.690000057220459,7.150000095367432,6.610000133514404,7.150000095367432,1216300,PUBM
2026-02-04,6.590000152587891,6.809999942779541,6.410999774932861,6.710000038146973,915700,PUBM
2026-02-05,6.28000020980835,6.630000114440918,6.28000020980835,6.510000228881836,969600,PUBM
2026-02-06,6.489999771118164,6.53000020980835,6.210000038146973,6.400000095367432,969300,PUBM
2026-02-09,6.570000171661377,6.650000095367432,6.363999843597412,6.489999771118164,799900,PUBM
2026-02-10,6.690000057220459,6.900000095367432,6.519999980926514,6.579999923706055,571400,PUBM
2026-02-11,6.579999923706055,6.723999977111816,6.400000095367432,6.710000038146973,829600,PUBM
2026-02-12,6.400000095367432,6.65500020980835,6.300000190734863,6.599999904632568,916400,PUBM
2026-02-13,6.539999961853027,6.605000019073486,6.369999885559082,6.409999847412109,439500,PUBM
2026-02-17,6.289999961853027,6.539999961853027,6.150000095367432,6.539999961853027,895900,PUBM
2026-02-18,6.579999923706055,6.610000133514404,6.199999809265137,6.289999961853027,602200,PUBM
2026-02-19,6.559999942779541,6.599999904632568,6.4120001792907715,6.559999942779541,320600,PUBM
2026-02-20,6.570000171661377,6.739999771118164,6.460000038146973,6.53000020980835,402800,PUBM
2026-02-23,6.300000190734863,6.449999809265137,6.255000114440918,6.449999809265137,617500,PUBM
2026-02-24,6.400000095367432,6.53000020980835,6.28000020980835,6.320000171661377,594600,PUBM
2026-02-25,6.579999923706055,6.599999904632568,6.28000020980835,6.449999809265137,596400,PUBM
2026-02-26,7.070000171661377,7.099999904632568,6.5,6.5,2061800,PUBM
2026-02-27,8.100000381469727,8.5,7.610000133514404,8.1899995803833,1926200,PUBM
2026-03-02,8.180000305175781,8.40999984741211,7.75,7.909999847412109,1646700,PUBM
2026-03-03,8.289999961853027,8.399999618530273,7.945000171661377,7.960000038146973,1305000,PUBM
2026-03-04,8.729999542236328,8.914999961853027,8.354999542236328,8.369999885559082,1266400,PUBM
2026-03-05,8.869999885559082,9.175000190734863,8.65999984741211,8.65999984741211,1201900,PUBM
2026-03-06,8.90999984741211,9.069999694824219,8.649999618530273,8.710000038146973,855800,PUBM
2026-03-09,8.800000190734863,8.854999542236328,8.600000381469727,8.800000190734863,871300,PUBM
2026-03-10,8.5,8.800000190734863,8.4350004196167,8.800000190734863,599400,PUBM
2026-03-11,8.420000076293945,8.699999809265137,8.300000190734863,8.5,582700,PUBM
2026-03-12,8.109999656677246,8.539999961853027,8.102999687194824,8.329999923706055,612400,PUBM
2026-03-13,8.029999732971191,8.329999923706055,7.945000171661377,8.15999984741211,935100,PUBM
2026-03-16,8.1899995803833,8.260000228881836,8.09000015258789,8.119999885559082,600400,PUBM
2026-03-17,8.170000076293945,8.520000457763672,8.149999618530273,8.210000038146973,477700,PUBM
2026-03-18,8.109999656677246,8.279999732971191,7.960000038146973,8.09000015258789,566900,PUBM
2026-03-19,8.069999694824219,8.3100004196167,7.949999809265137,8.029999732971191,530100,PUBM
2026-03-20,7.985000133514404,8.15999984741211,7.875,8.15999984741211,563500,PUBM
2026-03-23,8.069999694824219,8.1899995803833,7.985000133514404,8.100000381469727,547900,PUBM
2026-03-24,8.0,8.0600004196167,7.730000019073486,7.989999771118164,1040600,PUBM
2026-03-25,8.109999656677246,8.270000457763672,7.994999885559082,8.119999885559082,716500,PUBM
2026-03-26,8.3100004196167,8.420000076293945,8.020000457763672,8.020000457763672,783500,PUBM
2026-03-27,8.1899995803833,8.305000305175781,8.050000190734863,8.220000267028809,1150500,PUBM
2026-03-30,8.119999885559082,8.345000267028809,7.889999866485596,8.170000076293945,832600,PUBM
2026-03-31,8.180000305175781,8.40999984741211,8.109999656677246,8.25,586900,PUBM
2026-04-01,8.210000038146973,8.279999732971191,8.020000457763672,8.1899995803833,582300,PUBM
2026-04-02,8.270000457763672,8.279999732971191,7.96999979019165,8.050000190734863,618200,PUBM
2026-04-06,8.5,8.5600004196167,8.3100004196167,8.329999923706055,547800,PUBM
2026-04-07,8.489999771118164,8.649999618530273,8.390000343322754,8.4399995803833,690500,PUBM
2026-04-08,8.40999984741211,8.831999778747559,8.375,8.819999694824219,423000,PUBM
2026-04-09,8.449999809265137,8.460000038146973,8.109999656677246,8.350000381469727,864600,PUBM
2026-04-10,8.470000267028809,8.5600004196167,8.324999809265137,8.489999771118164,519900,PUBM
2026-04-13,8.649999618530273,8.789999961853027,8.380000114440918,8.40999984741211,627200,PUBM
2026-04-14,8.789999961853027,8.960000038146973,8.729999542236328,8.729999542236328,395800,PUBM
2026-04-15,9.6899995803833,9.699999809265137,8.779999732971191,8.779999732971191,997400,PUBM
2026-04-16,9.789999961853027,9.920000076293945,9.619999885559082,9.6899995803833,548600,PUBM
2026-04-17,9.8100004196167,9.895000457763672,9.670000076293945,9.819999694824219,739700,PUBM
2026-04-20,9.890000343322754,9.90999984741211,9.710000038146973,9.760000228881836,498500,PUBM
2026-04-21,9.470000267028809,9.949999809265137,9.4350004196167,9.890000343322754,465800,PUBM
2026-04-22,9.520000457763672,9.649999618530273,9.329999923706055,9.600000381469727,410500,PUBM
2026-04-23,9.15999984741211,9.5649995803833,8.869999885559082,9.489999771118164,838800,PUBM
2026-04-24,9.619999885559082,9.654999732971191,9.079999923706055,9.390000343322754,502900,PUBM
2026-04-27,9.729999542236328,9.899999618530273,9.529999732971191,9.529999732971191,689000,PUBM
2026-04-28,9.779999732971191,9.899999618530273,9.579999923706055,9.779999732971191,517100,PUBM
2026-04-29,9.720000267028809,9.770000457763672,9.510000228881836,9.699999809265137,450100,PUBM
2026-04-30,9.779999732971191,9.789999961853027,9.430000305175781,9.630000114440918,675900,PUBM
2026-05-01,10.229999542236328,10.305000305175781,9.930000305175781,9.930000305175781,750900,PUBM
2026-05-04,10.25,10.444999694824219,10.114999771118164,10.220000267028809,483200,PUBM
2026-05-05,10.399999618530273,10.425000190734863,10.050000190734863,10.220000267028809,573700,PUBM
2026-05-06,10.140000343322754,10.399999618530273,9.930000305175781,10.399999618530273,674900,PUBM
2026-05-07,10.239999771118164,10.359999656677246,10.069999694824219,10.180000305175781,722400,PUBM
2026-05-08,10.739999771118164,10.914999961853027,9.890000343322754,10.390000343322754,1625200,PUBM
2026-05-11,9.880000114440918,10.84000015258789,9.6850004196167,10.680000305175781,1828200,PUBM
2026-05-12,9.779999732971191,10.039999961853027,9.75,9.890000343322754,767200,PUBM
2026-05-13,9.479999542236328,9.920000076293945,9.369999885559082,9.720000267028809,993600,PUBM
2026-05-14,9.520000457763672,9.649999618530273,9.420000076293945,9.520000457763672,655100,PUBM
2026-05-15,9.720000267028809,9.854999542236328,9.4399995803833,9.4399995803833,552000,PUBM
2026-05-18,9.90999984741211,10.015000343322754,9.680000305175781,9.680000305175781,763900,PUBM
2026-05-19,10.0600004196167,10.319999694824219,9.829999923706055,9.899999618530273,617800,PUBM
2026-05-20,9.880000114440918,9.9399995803833,9.619999885559082,9.9399995803833,648200,PUBM
2026-05-21,10.210000038146973,10.239999771118164,9.609999656677246,9.729999542236328,534000,PUBM
2026-05-22,10.359999656677246,10.395000457763672,10.199999809265137,10.210000038146973,442400,PUBM
2026-05-26,10.539999961853027,10.550000190734863,10.199999809265137,10.289999961853027,806700,PUBM
2026-05-27,11.050000190734863,11.069999694824219,10.489999771118164,10.539999961853027,754200,PUBM
2026-05-28,11.4399995803833,11.5,11.020000457763672,11.020000457763672,903000,PUBM
2026-05-29,11.680000305175781,11.9399995803833,11.359999656677246,11.420000076293945,992900,PUBM
2026-06-01,12.220000267028809,12.335000038146973,11.5,11.640000343322754,917000,PUBM
2026-06-02,12.039999961853027,12.114999771118164,11.654999732971191,11.899999618530273,698700,PUBM
2026-06-03,11.380000114440918,11.880000114440918,10.960000038146973,11.880000114440918,882800,PUBM
2026-06-04,11.880000114440918,12.25,11.335000038146973,11.40999984741211,859400,PUBM
2026-06-05,11.539999961853027,12.050000190734863,11.510000228881836,11.890000343322754,558600,PUBM
2026-06-08,11.239999771118164,11.600000381469727,11.199999809265137,11.600000381469727,462500,PUBM
2026-06-09,11.510000228881836,11.550000190734863,11.010000228881836,11.15999984741211,488300,PUBM
2026-06-10,11.180000305175781,11.59000015258789,11.180000305175781,11.380000114440918,326700,PUBM
2026-06-11,11.270000457763672,11.324999809265137,10.729999542236328,11.199999809265137,554600,PUBM
2026-06-12,11.350000381469727,11.449999809265137,10.970000267028809,11.300000190734863,556400,PUBM
2026-06-15,11.470000267028809,11.625,11.279999732971191,11.350000381469727,488900,PUBM
2026-06-16,11.579999923706055,11.710000038146973,11.3100004196167,11.470000267028809,589700,PUBM
2026-06-17,11.300000190734863,11.729999542236328,11.295000076293945,11.529999732971191,397000,PUBM
2026-06-18,11.300000190734863,11.40999984741211,11.100000381469727,11.359999656677246,488200,PUBM
2026-06-22,11.300000190734863,11.479999542236328,11.093999862670898,11.180000305175781,484900,PUBM
2026-06-23,11.510000228881836,11.579999923706055,11.149999618530273,11.300000190734863,337700,PUBM
2026-06-24,11.920000076293945,12.140000343322754,11.430000305175781,11.430000305175781,474000,PUBM
2026-06-25,11.510000228881836,11.970000267028809,11.449999809265137,11.8100004196167,486600,PUBM
2026-06-26,,,,,1863365,PUBM
