Date,Close,High,Low,Open,Volume,ticker
2023-03-31,24.8684139251709,24.8684139251709,24.8684139251709,24.8684139251709,100,ETEC
2023-04-03,24.639562606811523,24.95693943411752,24.639562606811523,24.95693943411752,300,ETEC
2023-04-04,24.17244529724121,24.17244529724121,24.17244529724121,24.17244529724121,100,ETEC
2023-04-05,23.822105407714844,23.822105407714844,23.822105407714844,23.822105407714844,100,ETEC
2023-04-06,23.79384994506836,23.83622972297144,23.79384994506836,23.83622972297144,100,ETEC
2023-04-10,23.90215301513672,23.90215301513672,23.90215301513672,23.90215301513672,100,ETEC
2023-04-11,24.099925994873047,24.099925994873047,24.099925994873047,24.099925994873047,100,ETEC
2023-04-12,23.991626739501953,23.991626739501953,23.991626739501953,23.991626739501953,100,ETEC
2023-04-13,24.425779342651367,24.425779342651367,24.425779342651367,24.425779342651367,100,ETEC
2023-04-14,24.299583435058594,24.299583435058594,24.299583435058594,24.299583435058594,100,ETEC
2023-04-17,24.620725631713867,24.620725631713867,24.620725631713867,24.620725631713867,100,ETEC
2023-04-18,24.637680053710938,24.637680053710938,24.637680053710938,24.637680053710938,100,ETEC
2023-04-19,24.21388053894043,24.21388053894043,24.21388053894043,24.21388053894043,0,ETEC
2023-04-20,23.856950759887695,23.856950759887695,23.856950759887695,23.856950759887695,100,ETEC
2023-04-21,23.864486694335938,23.864486694335938,23.864486694335938,23.864486694335938,0,ETEC
2023-04-24,23.813629150390625,23.813629150390625,23.813629150390625,23.813629150390625,100,ETEC
2023-04-25,23.26645851135254,23.26645851135254,23.26645851135254,23.26645851135254,100,ETEC
2023-04-26,22.871856689453125,22.871856689453125,22.871856689453125,22.871856689453125,100,ETEC
2023-04-27,23.305072784423828,23.305072784423828,23.305072784423828,23.305072784423828,100,ETEC
2023-04-28,23.24762535095215,23.24762535095215,23.24762535095215,23.24762535095215,0,ETEC
2023-05-01,23.225963592529297,23.225963592529297,23.225963592529297,23.225963592529297,100,ETEC
2023-05-02,22.86903190612793,22.86903190612793,22.86903190612793,22.86903190612793,100,ETEC
2023-05-03,22.786157608032227,22.786157608032227,22.786157608032227,22.786157608032227,0,ETEC
2023-05-04,23.03101348876953,23.03101348876953,23.03101348876953,23.03101348876953,0,ETEC
2023-05-05,23.458581924438477,23.458581924438477,23.458581924438477,23.458581924438477,100,ETEC
2023-05-08,23.473649978637695,23.473649978637695,23.44633924201502,23.44633924201502,100,ETEC
2023-05-09,23.341798782348633,23.374760630270195,23.25233116603096,23.261749093477977,7900,ETEC
2023-05-10,23.51697158813477,23.51697158813477,23.51697158813477,23.51697158813477,100,ETEC
2023-05-11,23.45481300354004,23.45481300354004,23.45481300354004,23.45481300354004,100,ETEC
2023-05-12,23.45481300354004,23.501900846272104,23.431267285887944,23.501900846272104,400,ETEC
2023-05-15,23.784433364868164,23.817397012915063,23.77972529873929,23.789143227283233,1500,ETEC
2023-05-16,23.48306655883789,23.48306655883789,23.48306655883789,23.48306655883789,0,ETEC
2023-05-17,23.557466506958008,23.557466506958008,23.525445910127846,23.525445910127846,200,ETEC
2023-05-18,23.40489959716797,23.450104935569428,23.401132785015548,23.401132785015548,200,ETEC
2023-05-19,23.548992156982425,23.548992156982425,23.548992156982425,23.548992156982425,0,ETEC
2023-05-22,23.690256118774418,23.690256118774418,23.690256118774418,23.690256118774418,100,ETEC
2023-05-23,23.42185401916504,23.50661178719252,23.42185401916504,23.487777725567675,300,ETEC
2023-05-24,23.096939086914062,23.18640850350499,23.096939086914062,23.18640850350499,200,ETEC
2023-05-25,22.985811233520508,22.985811233520508,22.985811233520508,22.985811233520508,100,ETEC
2023-05-26,23.13367080688477,23.13367080688477,23.13367080688477,23.13367080688477,0,ETEC
2023-05-30,23.03101348876953,23.03101348876953,23.03101348876953,23.03101348876953,0,ETEC
2023-05-31,22.79086685180664,22.79086685180664,22.79086685180664,22.79086685180664,100,ETEC
2023-06-01,23.15344619750977,23.252333547689144,23.15344619750977,23.252333547689144,200,ETEC
2023-06-02,23.468000411987305,23.55370122957431,23.432213000778212,23.432213000778212,900,ETEC
2023-06-05,23.5301570892334,23.56311894184848,23.5301570892334,23.56311894184848,200,ETEC
2023-06-06,23.70909309387207,23.70909309387207,23.49719597647065,23.49719597647065,200,ETEC
2023-06-07,23.598453521728516,23.598453521728516,23.598453521728516,23.598453521728516,100,ETEC
2023-06-08,23.749755859375,23.749755859375,23.749755859375,23.749755859375,100,ETEC
2023-06-09,23.82540702819824,23.82540702819824,23.82540702819824,23.82540702819824,100,ETEC
2023-06-12,24.125173568725582,24.15165318432234,24.01926232100123,24.01926232100123,200,ETEC
2023-06-13,24.4778995513916,24.520453437332815,24.4778995513916,24.492083578816757,200,ETEC
2023-06-14,24.5450382232666,24.5450382232666,24.5450382232666,24.5450382232666,100,ETEC
2023-06-15,24.863719940185547,24.863719940185547,24.863719940185547,24.863719940185547,100,ETEC
2023-06-16,24.76158905029297,24.76158905029297,24.76158905029297,24.76158905029297,100,ETEC
2023-06-20,24.246217727661133,24.27458758716589,24.246217727661133,24.27458758716589,200,ETEC
2023-06-21,24.102479934692383,24.102479934692383,24.102479934692383,24.102479934692383,0,ETEC
2023-06-22,23.93888282775879,23.93888282775879,23.93888282775879,23.93888282775879,100,ETEC
2023-06-23,23.433910369873047,23.433910369873047,23.433910369873047,23.433910369873047,0,ETEC
2023-06-26,23.437694549560547,23.565356205728907,23.437694549560547,23.565356205728907,200,ETEC
2023-06-27,23.811222076416016,23.811222076416016,23.811222076416016,23.811222076416016,100,ETEC
2023-06-28,23.897274017333984,23.897274017333984,23.897274017333984,23.897274017333984,100,ETEC
2023-06-29,23.853775024414062,23.853775024414062,23.853775024414062,23.853775024414062,0,ETEC
2023-06-30,24.397518157958984,24.397518157958984,24.397518157958984,24.397518157958984,100,ETEC
2023-07-03,24.66702461242676,24.66702461242676,24.66702461242676,24.66702461242676,100,ETEC
2023-07-05,24.43440055847168,24.49208359272161,24.43440055847168,24.49208359272161,500,ETEC
2023-07-06,23.896331787109375,23.896331787109375,23.896331787109375,23.896331787109375,100,ETEC
2023-07-07,24.159215927124023,24.159215927124023,24.159215927124023,24.159215927124023,100,ETEC
2023-07-10,24.388063430786133,24.388063430786133,24.388063430786133,24.388063430786133,0,ETEC
2023-07-11,24.62447166442871,24.62447166442871,24.52234090678309,24.53936390216772,400,ETEC
2023-07-12,25.18239974975586,25.18239974975586,25.18239974975586,25.18239974975586,100,ETEC
2023-07-13,25.23440742492676,25.23440742492676,25.23440742492676,25.23440742492676,0,ETEC
2023-07-14,24.931804656982425,24.931804656982425,24.931804656982425,24.931804656982425,0,ETEC
2023-07-17,25.267505645751953,25.267505645751953,25.267505645751953,25.267505645751953,100,ETEC
2023-07-18,25.324247360229492,25.324247360229492,25.324247360229492,25.324247360229492,200,ETEC
2023-07-19,25.319517135620117,25.362071018684983,25.319517135620117,25.362071018684983,300,ETEC
2023-07-20,24.851428985595703,24.851428985595703,24.851428985595703,24.851428985595703,100,ETEC
2023-07-21,24.841970443725582,24.841970443725582,24.841970443725582,24.841970443725582,100,ETEC
2023-07-24,25.125661849975582,25.125661849975582,25.125661849975582,25.125661849975582,100,ETEC
2023-07-25,25.18239974975586,25.18239974975586,25.18239974975586,25.18239974975586,100,ETEC
2023-07-26,25.607938766479492,25.607938766479492,25.607938766479492,25.607938766479492,100,ETEC
2023-07-27,25.286422729492188,25.286422729492188,25.286422729492188,25.286422729492188,100,ETEC
2023-07-28,25.887845993041992,25.929454754082855,25.825433753313483,25.825433753313483,200,ETEC
2023-07-31,25.674131393432617,25.674131393432617,25.674131393432617,25.674131393432617,100,ETEC
2023-08-01,25.286422729492188,25.37153050524147,25.286422729492188,25.37153050524147,100,ETEC
2023-08-02,24.643386840820312,24.643386840820312,24.643386840820312,24.643386840820312,100,ETEC
2023-08-03,24.846696853637695,24.846696853637695,24.846696853637695,24.846696853637695,100,ETEC
2023-08-04,24.813600540161133,25.06419463526324,24.813600540161133,25.06419463526324,200,ETEC
2023-08-07,24.79468536376953,24.79468536376953,24.79468536376953,24.79468536376953,100,ETEC
2023-08-08,24.35023307800293,24.35023307800293,24.35023307800293,24.35023307800293,100,ETEC
2023-08-09,24.19893264770508,24.40697284054065,24.19893264770508,24.40697284054065,3400,ETEC
2023-08-10,24.10909843444824,24.10909843444824,24.10909843444824,24.10909843444824,100,ETEC
2023-08-11,23.707199096679688,23.707199096679688,23.707199096679688,23.707199096679688,0,ETEC
2023-08-14,23.645734786987305,23.645734786987305,23.645734786987305,23.645734786987305,0,ETEC
2023-08-15,23.09253692626953,23.09253692626953,23.09253692626953,23.09253692626953,100,ETEC
2023-08-16,22.65753746032715,22.65753746032715,22.65753746032715,22.65753746032715,0,ETEC
2023-08-17,22.468412399291992,22.4967822559132,22.468412399291992,22.4967822559132,100,ETEC
2023-08-18,22.175264358520508,22.232002267917306,22.175264358520508,22.232002267917306,100,ETEC
2023-08-21,22.354936599731445,22.354936599731445,22.354936599731445,22.354936599731445,0,ETEC
2023-08-22,22.23200225830078,22.25091549598007,22.23200225830078,22.25091549598007,200,ETEC
2023-08-23,22.354936599731445,22.354936599731445,22.354936599731445,22.354936599731445,100,ETEC
2023-08-24,22.15635108947754,22.260372092945797,22.15635108947754,22.260372092945797,100,ETEC
2023-08-25,22.477869033813477,22.477869033813477,22.477869033813477,22.477869033813477,100,ETEC
2023-08-28,22.78047561645508,22.78047561645508,22.78047561645508,22.78047561645508,100,ETEC
2023-08-29,23.291118621826172,23.310031859752975,23.291118621826172,23.310031859752975,100,ETEC
2023-08-30,23.177644729614254,23.206014588864388,23.177644729614254,23.206014588864388,100,ETEC
2023-08-31,23.101993560791016,23.101993560791016,23.101993560791016,23.101993560791016,100,ETEC
2023-09-01,23.13035774230957,23.13035774230957,23.13035774230957,23.13035774230957,100,ETEC
2023-09-05,22.96960067749023,23.045251819215103,22.96960067749023,23.045251819215103,400,ETEC
2023-09-06,22.775747299194336,22.775747299194336,22.775747299194336,22.775747299194336,100,ETEC
2023-09-07,22.2603702545166,22.2603702545166,22.2603702545166,22.2603702545166,100,ETEC
2023-09-08,22.080699920654297,22.127981211093665,22.080699920654297,22.127981211093665,100,ETEC
2023-09-11,22.544065475463867,22.544065475463867,22.544065475463867,22.544065475463867,100,ETEC
2023-09-12,22.40221786499023,22.4589557745522,22.40221786499023,22.4589557745522,200,ETEC
2023-09-13,22.194177627563477,22.194177627563477,22.194177627563477,22.194177627563477,100,ETEC
2023-09-14,22.544065475463867,22.544065475463867,22.544065475463867,22.544065475463867,100,ETEC
2023-09-15,22.336021423339844,22.336021423339844,22.336021423339844,22.336021423339844,100,ETEC
2023-09-18,22.15635108947754,22.15635108947754,22.15635108947754,22.15635108947754,100,ETEC
2023-09-19,22.014503479003903,22.014503479003903,21.956818650309657,21.956818650309657,100,ETEC
2023-09-20,21.96722412109375,21.96722412109375,21.96722412109375,21.96722412109375,100,ETEC
2023-09-21,21.39984130859375,21.560600247615117,21.39984130859375,21.560600247615117,400,ETEC
2023-09-22,21.324190139770508,21.48494907872026,21.324190139770508,21.48494907872026,400,ETEC
2023-09-25,21.106689453125,21.106689453125,21.106689453125,21.106689453125,100,ETEC
2023-09-26,20.77571678161621,20.77571678161621,20.77571678161621,20.77571678161621,100,ETEC
2023-09-27,20.866498947143555,20.866498947143555,20.866498947143555,20.866498947143555,100,ETEC
2023-09-28,21.153974533081055,21.153974533081055,20.94593251048808,20.94593251048808,500,ETEC
2023-09-29,21.24759292602539,21.24759292602539,21.24759292602539,21.24759292602539,100,ETEC
2023-10-02,20.822999954223633,20.822999954223633,20.822999954223633,20.822999954223633,100,ETEC
2023-10-03,20.35017967224121,20.35017967224121,20.35017967224121,20.35017967224121,100,ETEC
2023-10-04,20.548763275146484,20.548763275146484,20.548763275146484,20.548763275146484,100,ETEC
2023-10-05,20.501482009887695,20.501482009887695,20.288712581474993,20.396515878781813,1000,ETEC
2023-10-06,20.67169761657715,20.67169761657715,20.67169761657715,20.67169761657715,100,ETEC
2023-10-09,20.558216094970703,20.558216094970703,20.558216094970703,20.558216094970703,0,ETEC
2023-10-10,20.98376083374023,20.98376083374023,20.98376083374023,20.98376083374023,100,ETEC
2023-10-11,21.17288398742676,21.17288398742676,21.17288398742676,21.17288398742676,100,ETEC
2023-10-12,20.908105850219727,20.908105850219727,20.908105850219727,20.908105850219727,100,ETEC
2023-10-13,20.596044540405273,20.596044540405273,20.596044540405273,20.596044540405273,100,ETEC
2023-10-16,20.633869171142575,20.633869171142575,20.633869171142575,20.633869171142575,100,ETEC
2023-10-17,20.851367950439453,20.851367950439453,20.851367950439453,20.851367950439453,100,ETEC
2023-10-18,20.05702781677246,20.05702781677246,20.05702781677246,20.05702781677246,100,ETEC
2023-10-19,19.76388359069824,19.76388359069824,19.76388359069824,19.76388359069824,100,ETEC
2023-10-20,19.24377822875977,19.24377822875977,19.24377822875977,19.24377822875977,100,ETEC
2023-10-23,19.224868774414062,19.224868774414062,19.224868774414062,19.224868774414062,100,ETEC
2023-10-24,19.50004768371582,19.50004768371582,19.50004768371582,19.50004768371582,0,ETEC
2023-10-25,18.912805557250977,18.912805557250977,18.912805557250977,18.912805557250977,100,ETEC
2023-10-26,18.950634002685547,18.950634002685547,18.950634002685547,18.950634002685547,100,ETEC
2023-10-27,18.847557067871097,18.847557067871097,18.847557067871097,18.847557067871097,100,ETEC
2023-10-30,18.912805557250977,18.912805557250977,18.912805557250977,18.912805557250977,100,ETEC
2023-10-31,19.007368087768555,19.007368087768555,19.007368087768555,19.007368087768555,100,ETEC
2023-11-01,19.10193252563477,19.10193252563477,19.10193252563477,19.10193252563477,100,ETEC
2023-11-02,19.65040397644043,19.65040397644043,19.65040397644043,19.65040397644043,100,ETEC
2023-11-03,20.17996597290039,20.17996597290039,20.142139491716943,20.142139491716943,200,ETEC
2023-11-06,20.15159034729004,20.15159034729004,20.15159034729004,20.15159034729004,0,ETEC
2023-11-07,20.0466251373291,20.0466251373291,20.0466251373291,20.0466251373291,100,ETEC
2023-11-08,20.07594108581543,20.07594108581543,20.07594108581543,20.07594108581543,100,ETEC
2023-11-09,19.867902755737305,19.867902755737305,19.867902755737305,19.867902755737305,100,ETEC
2023-11-10,19.80170631408691,19.80170631408691,19.80170631408691,19.80170631408691,100,ETEC
2023-11-13,20.038116455078125,20.038116455078125,19.848987692554314,19.848987692554314,400,ETEC
2023-11-14,20.99321556091309,20.99321556091309,20.983758941392363,20.99321556091309,500,ETEC
2023-11-15,21.04049491882324,21.04049491882324,21.04049491882324,21.04049491882324,100,ETEC
2023-11-16,20.74734878540039,20.74734878540039,20.74734878540039,20.74734878540039,100,ETEC
2023-11-17,20.94593048095703,20.94593048095703,20.94593048095703,20.94593048095703,100,ETEC
2023-11-20,21.163429260253903,21.163429260253903,21.116147966407723,21.116147966407723,600,ETEC
2023-11-21,20.94593048095703,20.94593048095703,20.94593048095703,20.94593048095703,100,ETEC
2023-11-22,20.9572811126709,20.9572811126709,20.9572811126709,20.9572811126709,100,ETEC
2023-11-24,21.097232818603516,21.097232818603516,21.07737446054494,21.07737446054494,100,ETEC
2023-11-27,20.908105850219727,20.908105850219727,20.908105850219727,20.908105850219727,100,ETEC
2023-11-28,21.021581649780273,21.021581649780273,21.021581649780273,21.021581649780273,100,ETEC
2023-11-29,21.135059356689453,21.135059356689453,21.135059356689453,21.135059356689453,100,ETEC
2023-11-30,21.031036376953125,21.031036376953125,21.031036376953125,21.031036376953125,100,ETEC
2023-12-01,21.23908042907715,21.23908042907715,21.23908042907715,21.23908042907715,200,ETEC
2023-12-04,20.908105850219727,20.908105850219727,20.908105850219727,20.908105850219727,100,ETEC
2023-12-05,20.94593048095703,20.94593048095703,20.94593048095703,20.94593048095703,100,ETEC
2023-12-06,20.917564392089844,21.21071238234046,20.917564392089844,21.182342523800436,1400,ETEC
2023-12-07,21.031036376953125,21.031036376953125,21.031036376953125,21.031036376953125,100,ETEC
2023-12-08,20.955387115478516,20.955387115478516,20.955387115478516,20.955387115478516,100,ETEC
2023-12-11,21.135059356689453,21.15397259403985,21.021581736252667,21.021581736252667,400,ETEC
2023-12-12,20.898651123046875,20.964845655879447,20.898651123046875,20.964845655879447,200,ETEC
2023-12-13,21.24853515625,21.24853515625,21.24853515625,21.24853515625,100,ETEC
2023-12-14,22.09015655517578,22.09015655517578,21.797006782513385,21.797006782513385,300,ETEC
2023-12-15,22.04476547241211,22.04476547241211,22.04476547241211,22.04476547241211,100,ETEC
2023-12-18,21.97668075561523,22.071245148069796,21.97668075561523,22.071245148069796,1700,ETEC
2023-12-19,22.487323760986328,22.487323760986328,22.487323760986328,22.487323760986328,100,ETEC
2023-12-20,21.833499908447266,22.432351005899143,21.833499908447266,22.432351005899143,700,ETEC
2023-12-21,22.442167282104492,22.442167282104492,22.206554208294612,22.206554208294612,300,ETEC
2023-12-22,22.41271591186523,22.42253335775797,22.37344800078062,22.393081020079755,900,ETEC
2023-12-26,22.648326873779297,22.648326873779297,22.648326873779297,22.648326873779297,200,ETEC
2023-12-27,22.834856033325195,22.834856033325195,22.834856033325195,22.834856033325195,100,ETEC
2023-12-28,23.07832145690918,23.07832145690918,23.07832145690918,23.07832145690918,100,ETEC
2023-12-29,22.982112884521484,22.982112884521484,22.982112884521484,22.982112884521484,100,ETEC
2024-01-02,22.394062042236328,22.648326939573906,22.394062042236328,22.56978925204883,1600,ETEC
2024-01-03,21.794233322143555,22.0298464225603,21.794233322143555,22.0298464225603,400,ETEC
2024-01-04,21.686241149902344,21.686241149902344,21.686241149902344,21.686241149902344,100,ETEC
2024-01-05,21.529165267944336,21.820735718719384,21.529165267944336,21.820735718719384,100,ETEC
2024-01-08,21.747108459472656,21.747108459472656,21.538983478358272,21.538983478358272,100,ETEC
2024-01-09,21.364234924316406,21.450627695194683,21.364234924316406,21.450627695194683,800,ETEC
2024-01-10,21.381906509399418,21.381906509399418,21.381906509399418,21.381906509399418,100,ETEC
2024-01-11,21.215015411376953,21.215015411376953,21.215015411376953,21.215015411376953,100,ETEC
2024-01-12,20.959766387939453,20.959766387939453,20.959766387939453,20.959766387939453,100,ETEC
2024-01-16,20.233293533325195,20.390368923044033,20.233293533325195,20.390368923044033,300,ETEC
2024-01-17,19.654077529907227,19.663894975924528,19.654077529907227,19.663894975924528,300,ETEC
2024-01-18,19.8111515045166,19.8111515045166,19.8111515045166,19.8111515045166,100,ETEC
2024-01-19,19.703163146972656,19.703163146972656,19.53627030745352,19.644260342579543,700,ETEC
2024-01-22,19.86023712158203,20.046764840069283,19.86023712158203,19.94859225810303,900,ETEC
2024-01-23,20.233293533325195,20.390368923044033,20.233293533325195,20.390368923044033,300,ETEC
2024-01-24,20.08603286743164,20.08603286743164,20.08603286743164,20.08603286743164,100,ETEC
2024-01-25,19.840604782104492,20.027132524578377,19.83078920788326,20.027132524578377,400,ETEC
2024-01-26,19.899505615234375,19.978043301226247,19.899505615234375,19.978043301226247,400,ETEC
2024-01-29,20.027130126953125,20.086032927661233,19.781699606102016,19.781699606102016,400,ETEC
2024-01-30,19.8111515045166,19.8111515045166,19.8111515045166,19.8111515045166,100,ETEC
2024-01-31,19.61480712890625,19.958410238759168,19.61480712890625,19.94859279305065,1000,ETEC
2024-02-01,19.958410263061523,19.958410263061523,19.909324906945468,19.909324906945468,500,ETEC
2024-02-02,19.624624252319336,19.693344498664064,19.624624252319336,19.693344498664064,300,ETEC
2024-02-05,19.359560012817383,19.359560012817383,19.261389296369817,19.261389296369817,300,ETEC
2024-02-06,19.781700134277344,19.781700134277344,19.781700134277344,19.781700134277344,100,ETEC
2024-02-07,20.076217651367188,20.076217651367188,20.076217651367188,20.076217651367188,100,ETEC
2024-02-08,19.944664001464844,20.007493400123817,19.936810794754,19.99767782797831,1300,ETEC
2024-02-09,20.154754638671875,20.19402254752083,20.036947167152544,20.036947167152544,6300,ETEC
2024-02-12,20.52781105041504,20.52781105041504,20.52781105041504,20.52781105041504,100,ETEC
2024-02-13,19.870052337646484,20.09584794009466,19.83078443275752,20.09584794009466,600,ETEC
2024-02-14,20.3236083984375,20.3236083984375,20.3236083984375,20.3236083984375,100,ETEC
2024-02-15,20.52781105041504,20.56708083720514,20.390370541622676,20.390370541622676,500,ETEC
2024-02-16,20.51799201965332,20.51799201965332,20.51799201965332,20.51799201965332,100,ETEC
2024-02-20,20.311830520629883,20.311830520629883,20.311830520629883,20.311830520629883,100,ETEC
2024-02-21,20.22347640991211,20.22347640991211,20.22347640991211,20.22347640991211,100,ETEC
2024-02-22,20.302993774414062,20.302993774414062,20.302993774414062,20.302993774414062,100,ETEC
2024-02-23,19.99277114868164,20.26274436258012,19.99277114868164,20.26274436258012,1300,ETEC
2024-02-26,20.20874786376953,20.20874786376953,20.20874786376953,20.20874786376953,100,ETEC
2024-02-27,20.557260513305664,20.557260513305664,20.557260513305664,20.557260513305664,100,ETEC
2024-02-28,20.296123504638672,20.34128225912924,20.296123504638672,20.331464812938005,800,ETEC
2024-02-29,20.89104461669922,20.89104461669922,20.89104461669922,20.89104461669922,200,ETEC
2024-03-01,21.23464584350586,21.23464584350586,21.23464584350586,21.23464584350586,100,ETEC
2024-03-04,20.900863647460938,20.900863647460938,20.900863647460938,20.900863647460938,100,ETEC
2024-03-05,20.812509536743164,20.812509536743164,20.812509536743164,20.812509536743164,100,ETEC
2024-03-06,21.205198287963867,21.214032678582555,21.205198287963867,21.214032678582555,200,ETEC
2024-03-07,21.696060180664062,21.696060180664062,21.696060180664062,21.696060180664062,100,ETEC
2024-03-08,21.5772705078125,21.5772705078125,21.5772705078125,21.5772705078125,100,ETEC
2024-03-11,21.735326766967773,21.735326766967773,21.735326766967773,21.735326766967773,100,ETEC
2024-03-12,21.84331512451172,21.84331512451172,21.72550765724965,21.72550765724965,200,ETEC
2024-03-13,21.45062828063965,21.45062828063965,21.45062828063965,21.45062828063965,300,ETEC
2024-03-14,20.96958351135254,20.96958351135254,20.96958351135254,20.96958351135254,100,ETEC
2024-03-15,20.979400634765625,20.979400634765625,20.979400634765625,20.979400634765625,100,ETEC
2024-03-18,21.19538116455078,21.19538116455078,21.19538116455078,21.19538116455078,100,ETEC
2024-03-19,21.116840362548828,21.116840362548828,21.116840362548828,21.116840362548828,100,ETEC
2024-03-20,21.411357879638672,21.411357879638672,21.411357879638672,21.411357879638672,100,ETEC
2024-03-21,21.342639923095703,21.342639923095703,21.342639923095703,21.342639923095703,100,ETEC
2024-03-22,21.26409912109375,21.26409912109375,21.224831213399874,21.224831213399874,100,ETEC
2024-03-25,21.293554306030273,21.293554306030273,21.293554306030273,21.293554306030273,100,ETEC
2024-03-26,21.136476516723633,21.136476516723633,21.136476516723633,21.136476516723633,100,ETEC
2024-03-27,21.342639923095703,21.342639923095703,21.332822476618215,21.332822476618215,100,ETEC
2024-03-28,21.381906509399418,21.381906509399418,21.381906509399418,21.381906509399418,100,ETEC
2024-04-01,21.224834442138672,21.224834442138672,21.224834442138672,21.224834442138672,100,ETEC
2024-04-02,20.91067886352539,20.91067886352539,20.91067886352539,20.91067886352539,100,ETEC
2024-04-03,20.91067886352539,20.969583534567622,20.91067886352539,20.949948644220218,4000,ETEC
2024-04-04,20.949949264526367,21.254282583977428,20.949949264526367,21.254282583977428,400,ETEC
2024-04-05,20.694700241088867,20.694700241088867,20.694700241088867,20.694700241088867,100,ETEC
2024-04-08,20.893009185791016,20.893009185791016,20.893009185791016,20.893009185791016,100,ETEC
2024-04-09,21.430994033813477,21.430994033813477,21.430994033813477,21.430994033813477,100,ETEC
2024-04-10,20.881227493286133,20.881227493286133,20.881227493286133,20.881227493286133,100,ETEC
2024-04-11,21.08738899230957,21.08738899230957,21.009832486690215,21.009832486690215,300,ETEC
2024-04-12,20.49148178100586,20.576891487099537,20.49148178100586,20.576891487099537,300,ETEC
2024-04-15,20.22347640991211,20.47872439039726,20.22347640991211,20.468906944322484,2200,ETEC
2024-04-16,19.86907386779785,19.86907386779785,19.86907386779785,19.86907386779785,100,ETEC
2024-04-17,19.927974700927734,19.92895588365334,19.927974700927734,19.92895588365334,200,ETEC
2024-04-18,19.91914176940918,19.987862014953965,19.91914176940918,19.987862014953965,500,ETEC
2024-04-19,19.762065887451172,19.826859533819952,19.762065887451172,19.826859533819952,100,ETEC
2024-04-22,19.840604782104492,19.840604782104492,19.840604782104492,19.840604782104492,100,ETEC
2024-04-23,20.007492065429688,20.007492065429688,20.007492065429688,20.007492065429688,100,ETEC
2024-04-24,20.105667114257812,20.105667114257812,20.105667114257812,20.105667114257812,100,ETEC
2024-04-25,20.056583404541016,20.056583404541016,20.056583404541016,20.056583404541016,200,ETEC
2024-04-26,20.52781105041504,20.52781105041504,20.351100754832572,20.351100754832572,500,ETEC
2024-04-29,20.979400634765625,20.979400634765625,20.818396783547765,20.818396783547765,2400,ETEC
2024-04-30,20.616165161132812,20.81152728487255,20.616165161132812,20.81152728487255,500,ETEC
2024-05-01,20.606348037719727,20.606348037719727,20.606348037719727,20.606348037719727,100,ETEC
2024-05-02,21.24937438964844,21.24937438964844,20.9303139718814,20.9303139718814,400,ETEC
2024-05-03,21.666606903076172,21.666606903076172,21.36227356997185,21.5095315135716,2600,ETEC
2024-05-06,21.912036895751953,21.912036895751953,21.90221945008794,21.90221945008794,300,ETEC
2024-05-07,21.646970748901367,21.646970748901367,21.646970748901367,21.646970748901367,100,ETEC
2024-05-08,21.63715553283691,21.63715553283691,21.51934805939281,21.51934805939281,200,ETEC
2024-05-09,21.794233322143555,21.794233322143555,21.794233322143555,21.794233322143555,100,ETEC
2024-05-10,21.55861473083496,21.61653634518407,21.55861473083496,21.61653634518407,200,ETEC
2024-05-13,21.76477813720703,21.833498381784317,21.76477813720703,21.833498381784317,600,ETEC
2024-05-14,22.118200302124023,22.23600590934007,21.970940484374417,22.13783332166912,700,ETEC
2024-05-15,22.226186752319336,22.373446558732663,22.049476482612324,22.373446558732663,3100,ETEC
2024-05-16,22.02493476867676,22.049477446656624,22.02493476867676,22.03966187345372,500,ETEC
2024-05-17,21.85313415527344,21.85313415527344,21.715693660566068,21.715693660566068,600,ETEC
2024-05-20,21.705875396728516,21.705875396728516,21.63715515196506,21.63715515196506,400,ETEC
2024-05-21,21.607704162597656,21.607704162597656,21.607704162597656,21.607704162597656,100,ETEC
2024-05-22,22.049474716186523,22.0985619385539,22.03965914419912,22.05929216066,1200,ETEC
2024-05-23,21.54880142211914,21.89240266834845,21.54880142211914,21.89240266834845,2500,ETEC
2024-05-24,22.010210037231445,22.010210037231445,22.010210037231445,22.010210037231445,100,ETEC
2024-05-28,22.157466888427734,22.157466888427734,22.00039150654369,22.06911175205718,1900,ETEC
2024-05-29,21.686241149902344,21.686241149902344,21.686241149902344,21.686241149902344,700,ETEC
2024-05-30,22.010210037231445,22.010210037231445,21.813864863952052,21.813864863952052,300,ETEC
2024-05-31,21.804048538208008,21.81386598462498,21.715695265428177,21.81386598462498,500,ETEC
2024-06-03,21.83546257019043,21.83546257019043,21.83546257019043,21.83546257019043,100,ETEC
2024-06-04,21.61751937866211,21.61751937866211,21.61751937866211,21.61751937866211,100,ETEC
2024-06-05,21.81386375427246,21.81386375427246,21.81386375427246,21.81386375427246,100,ETEC
2024-06-06,21.597885131835938,21.597885131835938,21.499712552193984,21.499712552193984,300,ETEC
2024-06-07,21.185562133789062,21.401540314462853,21.165927243049744,21.401540314462853,3500,ETEC
2024-06-10,21.44080924987793,21.44080924987793,21.13647594537257,21.13647594537257,300,ETEC
2024-06-11,21.29490089416504,21.29490089416504,21.29490089416504,21.29490089416504,100,ETEC
2024-06-12,21.54136848449707,21.54136848449707,21.54136848449707,21.54136848449707,100,ETEC
2024-06-13,21.28504180908203,21.47235858919236,21.1568770035933,21.47235858919236,1600,ETEC
2024-06-14,20.880834579467773,20.880834579467773,20.78224669498872,20.821682600943337,1600,ETEC
2024-06-17,20.92026710510254,20.92026710510254,20.64422330484158,20.663939375997824,1100,ETEC
2024-06-18,20.959701538085938,20.959701538085938,20.959701538085938,20.959701538085938,200,ETEC
2024-06-20,20.73295211791992,20.73295211791992,20.68365723922146,20.693516214961154,500,ETEC
2024-06-21,20.506200790405273,20.506200790405273,20.427330859688617,20.427330859688617,600,ETEC
2024-06-24,20.60478782653809,20.624505778508222,20.545635851035065,20.624505778508222,2100,ETEC
2024-06-25,20.338598251342773,20.397752098920993,20.289305258768053,20.397752098920993,400,ETEC
2024-06-26,20.338598251342773,20.338598251342773,20.338598251342773,20.338598251342773,100,ETEC
2024-06-27,20.21043586730957,20.21043586730957,20.21043586730957,20.21043586730957,100,ETEC
2024-06-28,19.96396827697754,20.072415126138367,19.904816304893128,20.072415126138367,2900,ETEC
2024-07-01,19.924531936645508,19.924531936645508,19.924531936645508,19.924531936645508,100,ETEC
2024-07-02,20.116779327392575,20.116779327392575,20.116779327392575,20.116779327392575,100,ETEC
2024-07-03,20.69351577758789,20.69351577758789,20.69351577758789,20.69351577758789,600,ETEC
2024-07-05,20.674785614013672,20.674785614013672,20.44704759785821,20.44704759785821,700,ETEC
2024-07-08,20.535776138305664,20.535776138305664,20.535776138305664,20.535776138305664,100,ETEC
2024-07-09,20.594926834106445,20.604785809126223,20.585067859086667,20.604785809126223,5700,ETEC
2024-07-10,20.98927879333496,20.98927879333496,20.75266714826293,20.75266714826293,300,ETEC
2024-07-11,21.18645477294922,21.18645477294922,21.18645477294922,21.18645477294922,300,ETEC
2024-07-12,21.55122947692871,21.55122947692871,21.55122947692871,21.55122947692871,200,ETEC
2024-07-15,20.98927879333496,21.166734706528096,20.98927879333496,21.156875731282824,1400,ETEC
2024-07-16,21.41123390197754,21.41123390197754,21.41123390197754,21.41123390197754,100,ETEC
2024-07-17,20.89956283569336,20.89956283569336,20.89956283569336,20.89956283569336,100,ETEC
2024-07-18,20.63732147216797,20.673797612808716,20.63732147216797,20.673797612808716,100,ETEC
2024-07-19,20.43718910217285,20.43718910217285,20.43718910217285,20.43718910217285,100,ETEC
2024-07-22,20.683656692504883,20.683656692504883,20.683656692504883,20.683656692504883,200,ETEC
2024-07-23,20.476625442504883,20.476625442504883,20.476625442504883,20.476625442504883,100,ETEC
2024-07-24,20.04283905029297,20.26958985324346,20.04283905029297,20.26958985324346,300,ETEC
2024-07-25,20.082275390625,20.082275390625,19.983687510551142,19.983687510551142,400,ETEC
2024-07-26,20.466766357421875,20.466766357421875,20.466766357421875,20.466766357421875,100,ETEC
2024-07-29,20.289306640625,20.289306640625,20.289306640625,20.289306640625,100,ETEC
2024-07-30,19.970867156982425,19.970867156982425,19.970867156982425,19.970867156982425,100,ETEC
2024-07-31,20.594926834106445,20.594926834106445,20.51605691435543,20.51605691435543,200,ETEC
2024-08-01,19.953125,19.953125,19.914676310177157,19.914676310177157,700,ETEC
2024-08-02,19.22456169128418,19.50060735661846,19.22456169128418,19.50060735661846,2500,ETEC
2024-08-05,18.55416679382324,18.564025769256755,18.55416679382324,18.55416679382324,400,ETEC
2024-08-06,18.682334899902344,18.682334899902344,18.682334899902344,18.682334899902344,100,ETEC
2024-08-07,18.682334899902344,18.692191996672783,18.682334899902344,18.692191996672783,300,ETEC
2024-08-08,19.027387619018555,19.027387619018555,19.027387619018555,19.027387619018555,100,ETEC
2024-08-09,18.840072631835938,18.840072631835938,18.840072631835938,18.840072631835938,100,ETEC
2024-08-12,18.826271057128903,18.826271057128903,18.826271057128903,18.826271057128903,100,ETEC
2024-08-13,19.333009719848633,19.333009719848633,18.978094111360367,18.978094111360367,500,ETEC
2024-08-14,19.14569091796875,19.14569091796875,19.14569091796875,19.14569091796875,100,ETEC
2024-08-15,19.589336395263672,19.589336395263672,19.589336395263672,19.589336395263672,100,ETEC
2024-08-16,19.55975914001465,19.62877008558451,19.49074819444479,19.49074819444479,600,ETEC
2024-08-19,19.82594871520996,19.82594871520996,19.658349874240724,19.658349874240724,900,ETEC
2024-08-20,19.687925338745117,19.687925338745117,19.687925338745117,19.687925338745117,100,ETEC
2024-08-21,19.99354553222656,19.99354553222656,19.99354553222656,19.99354553222656,100,ETEC
2024-08-22,19.727357864379883,19.727357864379883,19.727357864379883,19.727357864379883,100,ETEC
2024-08-23,20.200578689575195,20.200578689575195,20.200578689575195,20.200578689575195,100,ETEC
2024-08-26,20.11185073852539,20.11185073852539,20.11185073852539,20.11185073852539,100,ETEC
2024-08-27,20.24987411499023,20.24987411499023,20.24987411499023,20.24987411499023,100,ETEC
2024-08-28,19.73721694946289,19.73721694946289,19.73721694946289,19.73721694946289,100,ETEC
2024-08-29,20.15128517150879,20.15128517150879,20.1315672205584,20.1315672205584,100,ETEC
2024-08-30,20.223255157470703,20.223255157470703,20.223255157470703,20.223255157470703,100,ETEC
2024-09-03,19.735246658325195,19.90481804161171,19.735246658325195,19.870312564851215,11800,ETEC
2024-09-04,19.7598934173584,19.904818302056174,19.7372194639948,19.7372194639948,3200,ETEC
2024-09-05,19.973827362060547,20.00340428846879,19.9442504356523,19.9442504356523,1000,ETEC
2024-09-06,19.242307662963867,19.766792750225857,19.242307662963867,19.766792750225857,200,ETEC
2024-09-09,19.54990005493164,19.54990005493164,19.52032312967922,19.52032312967922,200,ETEC
2024-09-10,19.46117401123047,19.46117401123047,19.45131503470169,19.45131503470169,300,ETEC
2024-09-11,20.092132568359375,20.092132568359375,20.092132568359375,20.092132568359375,100,ETEC
2024-09-12,19.99354553222656,19.99354553222656,19.99354553222656,19.99354553222656,100,ETEC
2024-09-13,20.294235229492188,20.294235229492188,20.294235229492188,20.294235229492188,100,ETEC
2024-09-16,20.21043586730957,20.21043586730957,20.21043586730957,20.21043586730957,100,ETEC
2024-09-17,20.48648452758789,20.555495481272494,20.35831971611008,20.555495481272494,600,ETEC
2024-09-18,20.289306640625,20.289306640625,20.289306640625,20.289306640625,100,ETEC
2024-09-19,21.008995056152344,21.008995056152344,20.851255211595408,20.88083213760256,1500,ETEC
2024-09-20,20.74281120300293,20.74281120300293,20.74281120300293,20.74281120300293,100,ETEC
2024-09-23,21.048431396484375,21.048431396484375,21.048431396484375,21.048431396484375,100,ETEC
2024-09-24,21.669532775878903,21.669532775878903,21.669532775878903,21.669532775878903,100,ETEC
2024-09-25,21.43292236328125,21.43292236328125,21.43292236328125,21.43292236328125,100,ETEC
2024-09-26,22.063880920410156,22.063880920410156,22.063880920410156,22.063880920410156,100,ETEC
2024-09-27,22.320209503173828,22.3537296444561,22.320209503173828,22.3537296444561,200,ETEC
2024-09-30,22.36950302124023,22.36950302124023,22.36950302124023,22.36950302124023,100,ETEC
2024-10-01,22.39217758178711,22.39217758178711,22.39217758178711,22.39217758178711,100,ETEC
2024-10-02,22.537105560302734,22.537105560302734,22.349788763354297,22.349788763354297,700,ETEC
2024-10-03,22.10331916809082,22.10331916809082,22.02444923762336,22.02444923762336,100,ETEC
2024-10-04,22.37936210632324,22.37936210632324,22.30049218557773,22.37936210632324,900,ETEC
2024-10-07,22.419782638549805,22.537103132647285,22.38922037811855,22.458233207755384,3500,ETEC
2024-10-08,21.835159301757812,21.835159301757812,21.728685001734547,21.76811902228782,2000,ETEC
2024-10-09,21.639957427978516,21.639957427978516,21.59066254876413,21.59066254876413,200,ETEC
2024-10-10,21.324474334716797,21.324474334716797,21.324474334716797,21.324474334716797,200,ETEC
2024-10-11,21.324474334716797,21.324474334716797,21.324474334716797,21.324474334716797,100,ETEC
2024-10-14,21.0780086517334,21.147021487755495,21.0780086517334,21.147021487755495,300,ETEC
2024-10-15,20.31001091003418,20.31001091003418,20.31001091003418,20.31001091003418,100,ETEC
2024-10-16,20.353391647338867,20.353391647338867,20.353391647338867,20.353391647338867,100,ETEC
2024-10-17,20.106922149658203,20.200579602711244,20.106922149658203,20.200579602711244,300,ETEC
2024-10-18,20.168045043945312,20.168045043945312,20.168045043945312,20.168045043945312,100,ETEC
2024-10-21,20.18086051940918,20.18086051940918,20.12663897409547,20.16114444857116,2500,ETEC
2024-10-22,20.29916763305664,20.29916763305664,20.151286750158352,20.151286750158352,200,ETEC
2024-10-23,20.17198944091797,20.17198944091797,20.17198944091797,20.17198944091797,100,ETEC
2024-10-24,20.36817741394043,20.45690631465344,20.314941201757023,20.338600486900315,900,ETEC
2024-10-25,20.805906295776367,20.805906295776367,20.805906295776367,20.805906295776367,100,ETEC
2024-10-28,21.225889205932617,21.2653232277102,19.234421275370966,19.234421275370966,700,ETEC
2024-10-29,20.792102813720703,20.792102813720703,20.792102813720703,20.792102813720703,100,ETEC
2024-10-30,20.61070251464844,20.704359961017108,20.61070251464844,20.704359961017108,300,ETEC
2024-10-31,20.30902671813965,20.657039367546503,20.30902671813965,20.614647461821583,800,ETEC
2024-11-01,20.338598251342773,20.338598251342773,20.338598251342773,20.338598251342773,100,ETEC
2024-11-04,20.61464500427246,20.851254766052055,20.54563405880431,20.703373899990712,3700,ETEC
2024-11-05,20.81182289123535,20.81182289123535,20.81182289123535,20.81182289123535,100,ETEC
2024-11-06,20.14142608642578,20.14142608642578,20.052697188039183,20.052697188039183,200,ETEC
2024-11-07,20.636335372924805,20.673798729417022,20.51605887484159,20.51605887484159,1600,ETEC
2024-11-08,20.171001434326172,20.171001434326172,20.171001434326172,20.171001434326172,100,ETEC
2024-11-11,20.30508041381836,20.30508041381836,20.27747603654092,20.27747603654092,200,ETEC
2024-11-12,19.750036239624023,19.750036239624023,19.628772522717384,19.628772522717384,1600,ETEC
2024-11-13,19.709613800048828,19.822003867259692,19.709613800048828,19.822003867259692,300,ETEC
2024-11-14,19.438495635986328,19.53018241335104,19.438495635986328,19.53018241335104,100,ETEC
2024-11-15,19.30146026611328,19.30146026611328,19.283714861750937,19.283714861750937,100,ETEC
2024-11-18,19.579477310180664,19.579477310180664,19.579477310180664,19.579477310180664,100,ETEC
2024-11-19,19.402019500732425,19.490748397505858,19.402019500732425,19.48088942226356,1400,ETEC
2024-11-20,19.436525344848633,19.436525344848633,19.436525344848633,19.436525344848633,100,ETEC
2024-11-21,19.4759578704834,19.548913906984676,19.4759578704834,19.548913906984676,300,ETEC
2024-11-22,19.52032470703125,19.52032470703125,19.44244199426546,19.44244199426546,100,ETEC
2024-11-25,19.74707794189453,19.85552291879133,19.74707794189453,19.85552291879133,500,ETEC
2024-11-26,19.402019500732425,19.402019500732425,19.402019500732425,19.402019500732425,100,ETEC
2024-11-27,19.436525344848633,19.436525344848633,19.436525344848633,19.436525344848633,100,ETEC
2024-11-29,19.76679420471191,19.76679420471191,19.76679420471191,19.76679420471191,100,ETEC
2024-12-02,19.944250106811523,19.944250106811523,19.86538018476391,19.875239160070773,300,ETEC
2024-12-03,19.786510467529297,19.85552141498439,19.786510467529297,19.85552141498439,100,ETEC
2024-12-04,19.78946876525879,19.78946876525879,19.78946876525879,19.78946876525879,100,ETEC
2024-12-05,19.727357864379883,19.727357864379883,19.727357864379883,19.727357864379883,100,ETEC
2024-12-06,19.67313575744629,19.716514874677788,19.66327678169334,19.678064305119086,3500,ETEC
2024-12-09,20.1217098236084,20.290293992522667,20.052698870275503,20.052698870275503,200,ETEC
2024-12-10,19.77665328979492,19.77665328979492,19.77665328979492,19.77665328979492,100,ETEC
2024-12-11,19.961997985839844,19.961997985839844,19.961997985839844,19.961997985839844,100,ETEC
2024-12-12,19.609052658081055,19.609052658081055,19.609052658081055,19.609052658081055,100,ETEC
2024-12-13,19.510467529296875,19.510467529296875,19.510467529296875,19.510467529296875,100,ETEC
2024-12-16,19.497650146484375,19.549901024655593,19.497650146484375,19.549901024655593,600,ETEC
2024-12-17,19.5582275390625,19.5582275390625,19.55326309502632,19.55326309502632,100,ETEC
2024-12-18,18.95345687866211,18.95345687866211,18.95345687866211,18.95345687866211,100,ETEC
2024-12-19,18.883943557739254,18.883943557739254,18.883943557739254,18.883943557739254,100,ETEC
2024-12-20,19.03886032104492,19.03886032104492,19.03886032104492,19.03886032104492,100,ETEC
2024-12-23,19.08454132080078,19.08454132080078,19.08454132080078,19.08454132080078,100,ETEC
2024-12-24,19.288116455078125,19.288116455078125,19.288116455078125,19.288116455078125,100,ETEC
2024-12-26,19.394372940063477,19.394372940063477,19.394372940063477,19.394372940063477,100,ETEC
2024-12-27,19.18583106994629,19.18583106994629,19.18583106994629,19.18583106994629,100,ETEC
2024-12-30,19.007080078125,19.007080078125,19.007080078125,19.007080078125,100,ETEC
2024-12-31,18.8084716796875,19.026943207570408,18.8084716796875,18.977291190266172,1200,ETEC
2025-01-02,18.88692092895508,18.9772904760845,18.88692092895508,18.9772904760845,700,ETEC
2025-01-03,19.10638427734375,19.10638427734375,19.10638427734375,19.10638427734375,100,ETEC
2025-01-06,19.424163818359375,19.53340052254787,19.424163818359375,19.53340052254787,200,ETEC
2025-01-07,19.583053588867188,19.662497952335293,19.583053588867188,19.662497952335293,300,ETEC
2025-01-08,19.195762634277344,19.195762634277344,19.195762634277344,19.195762634277344,100,ETEC
2025-01-10,18.72902488708496,18.7985384599388,18.72902488708496,18.7985384599388,700,ETEC
2025-01-13,18.71909523010254,18.71909523010254,18.71909523010254,18.71909523010254,100,ETEC
2025-01-14,18.768749237060547,18.768749237060547,18.768749237060547,18.768749237060547,100,ETEC
2025-01-15,19.14611053466797,19.195762551541257,19.11631818808218,19.195762551541257,1100,ETEC
2025-01-16,18.957427978515625,18.957427978515625,18.957427978515625,18.957427978515625,100,ETEC
2025-01-17,19.195762634277344,19.195762634277344,19.195762634277344,19.195762634277344,100,ETEC
2025-01-21,19.354650497436523,19.354650497436523,19.354650497436523,19.354650497436523,100,ETEC
2025-01-22,19.202713012695312,19.344719592658596,19.202713012695312,19.344719592658596,700,ETEC
2025-01-23,19.246408462524418,19.246408462524418,19.246408462524418,19.246408462524418,100,ETEC
2025-01-24,19.41423225402832,19.41423225402832,19.41423225402832,19.41423225402832,1400,ETEC
2025-01-27,19.051769256591797,19.051769256591797,19.051769256591797,19.051769256591797,100,ETEC
2025-01-28,18.962392807006836,18.967359144868357,18.962392807006836,18.967359144868357,400,ETEC
2025-01-29,18.957427978515625,18.957427978515625,18.957427978515625,18.957427978515625,100,ETEC
2025-01-30,19.29407501220703,19.29407501220703,19.29407501220703,19.29407501220703,100,ETEC
2025-01-31,19.122276306152344,19.122276306152344,19.122276306152344,19.122276306152344,100,ETEC
2025-02-03,18.674407958984375,18.674407958984375,18.49069323188323,18.49069323188323,400,ETEC
2025-02-04,19.03190803527832,19.03190803527832,19.03190803527832,19.03190803527832,100,ETEC
2025-02-05,19.046804428100582,19.046804428100582,19.046804428100582,19.046804428100582,100,ETEC
2025-02-06,19.07659339904785,19.07659339904785,19.07659339904785,19.07659339904785,100,ETEC
2025-02-07,19.26527404785156,19.26527404785156,19.26527404785156,19.26527404785156,100,ETEC
2025-02-10,19.324857711791992,19.324857711791992,19.324857711791992,19.324857711791992,100,ETEC
2025-02-11,19.046804428100582,19.046804428100582,19.046804428100582,19.046804428100582,100,ETEC
2025-02-12,19.11631774902344,19.11631774902344,19.076594621154733,19.076594621154733,300,ETEC
2025-02-13,19.25037956237793,19.25037956237793,19.25037956237793,19.25037956237793,100,ETEC
2025-02-14,19.354650497436523,19.354650497436523,19.354650497436523,19.354650497436523,100,ETEC
2025-02-18,19.513538360595703,19.513538360595703,19.513538360595703,19.513538360595703,100,ETEC
2025-02-19,19.702219009399418,19.702219009399418,19.702219009399418,19.702219009399418,100,ETEC
2025-02-20,19.632707595825195,19.712151959681673,19.632707595825195,19.712151959681673,300,ETEC
2025-02-21,19.72208023071289,19.72208023071289,19.72208023071289,19.72208023071289,100,ETEC
2025-02-24,19.50360870361328,19.50360870361328,19.50360870361328,19.50360870361328,100,ETEC
2025-02-25,19.573122024536133,19.573122024536133,19.573122024536133,19.573122024536133,100,ETEC
2025-02-26,19.85316467285156,19.85316467285156,19.85316467285156,19.85316467285156,100,ETEC
2025-02-27,19.43409538269043,19.91076155708673,19.43409538269043,19.811457524664753,700,ETEC
2025-02-28,19.086523056030273,19.086523056030273,19.086523056030273,19.086523056030273,100,ETEC
2025-03-03,18.878976821899418,18.878976821899418,18.878976821899418,18.878976821899418,100,ETEC
2025-03-04,18.957427978515625,18.957427978515625,18.927635634259875,18.927635634259875,600,ETEC
2025-03-05,19.463886260986328,19.463886260986328,19.463886260986328,19.463886260986328,100,ETEC
2025-03-06,19.75187110900879,19.75187110900879,19.75187110900879,19.75187110900879,100,ETEC
2025-03-07,19.93062210083008,19.93062210083008,19.93062210083008,19.93062210083008,100,ETEC
2025-03-10,19.55326271057129,19.55326271057129,19.55326271057129,19.55326271057129,100,ETEC
2025-03-11,19.771732330322266,19.771732330322266,19.771732330322266,19.771732330322266,100,ETEC
2025-03-12,19.62277603149414,19.62277603149414,19.62277603149414,19.62277603149414,100,ETEC
2025-03-13,19.453956604003903,19.453956604003903,19.4142334764527,19.4142334764527,100,ETEC
2025-03-14,19.841249465942383,19.841249465942383,19.81145901162106,19.81145901162106,100,ETEC
2025-03-17,20.06964874267578,20.06964874267578,20.06964874267578,20.06964874267578,100,ETEC
2025-03-18,20.039859771728516,20.09944256982964,20.00013664359243,20.09944256982964,1000,ETEC
2025-03-19,20.02992820739746,20.02992820739746,20.02992820739746,20.02992820739746,100,ETEC
2025-03-20,19.71215057373047,19.71215057373047,19.71215057373047,19.71215057373047,100,ETEC
2025-03-21,19.493677139282227,19.493677139282227,19.493677139282227,19.493677139282227,100,ETEC
2025-03-24,19.473817825317383,19.473817825317383,19.473817825317383,19.473817825317383,100,ETEC
2025-03-25,19.53936004638672,19.53936004638672,19.53936004638672,19.53936004638672,100,ETEC
2025-03-26,19.37451171875,19.44402529598067,19.37451171875,19.44402529598067,1300,ETEC
2025-03-27,19.14611053466797,19.14611053466797,19.14611053466797,19.14611053466797,100,ETEC
2025-03-28,18.758817672729492,18.758817672729492,18.758817672729492,18.758817672729492,100,ETEC
2025-03-31,18.480762481689453,18.480762481689453,18.480762481689453,18.480762481689453,100,ETEC
2025-04-01,18.72902488708496,18.72902488708496,18.72902488708496,18.72902488708496,100,ETEC
2025-04-02,18.71909523010254,18.71909523010254,18.71909523010254,18.71909523010254,100,ETEC
2025-04-03,17.975297927856445,18.262290535732483,17.975297927856445,18.252359753169937,400,ETEC
2025-04-04,16.812427520751953,17.051753089332184,16.812427520751953,17.040829798599063,1900,ETEC
2025-04-07,15.908748626708984,15.968331422847518,15.908748626708984,15.968331422847518,300,ETEC
2025-04-08,15.60586643218994,16.564165085839623,15.60586643218994,16.54430352240266,2500,ETEC
2025-04-09,17.308956146240234,17.308956146240234,17.308956146240234,17.308956146240234,100,ETEC
2025-04-10,16.584026336669922,16.584026336669922,16.43506650780351,16.43506650780351,200,ETEC
2025-04-11,17.179859161376953,17.1897899435358,17.179859161376953,17.179859161376953,900,ETEC
2025-04-14,17.5373592376709,17.5373592376709,17.5373592376709,17.5373592376709,100,ETEC
2025-04-15,17.179859161376953,17.179859161376953,17.140137926844588,17.140137926844588,500,ETEC
2025-04-16,17.0080623626709,17.0080623626709,17.0080623626709,17.0080623626709,100,ETEC
2025-04-17,17.080554962158203,17.080554962158203,17.080554962158203,17.080554962158203,100,ETEC
2025-04-21,16.872011184692383,16.93159397892975,16.872011184692383,16.93159397892975,100,ETEC
2025-04-22,17.398332595825195,17.398332595825195,17.398332595825195,17.398332595825195,100,ETEC
2025-04-23,17.368541717529297,17.368541717529297,17.368541717529297,17.368541717529297,100,ETEC
2025-04-24,17.924650192260742,17.924650192260742,17.924650192260742,17.924650192260742,100,ETEC
2025-04-25,17.97430419921875,17.97430419921875,17.97430419921875,17.97430419921875,100,ETEC
2025-04-28,17.934579849243164,17.934579849243164,17.934579849243164,17.934579849243164,100,ETEC
2025-04-29,17.989198684692383,18.062684194725207,17.989198684692383,18.062684194725207,600,ETEC
2025-04-30,17.795555114746094,17.795555114746094,17.795555114746094,17.795555114746094,100,ETEC
2025-05-01,17.94451141357422,17.94451141357422,17.94451141357422,17.94451141357422,100,ETEC
2025-05-02,18.35166358947754,18.35166358947754,18.35166358947754,18.35166358947754,100,ETEC
2025-05-05,18.32187271118164,18.32187271118164,18.32187271118164,18.32187271118164,1400,ETEC
2025-05-06,18.38145637512207,18.38145637512207,18.38145637512207,18.38145637512207,100,ETEC
2025-05-07,18.22256851196289,18.22256851196289,18.22256851196289,18.22256851196289,100,ETEC
2025-05-08,18.59992790222168,18.659512592265617,18.59992790222168,18.649581810591627,400,ETEC
2025-05-09,18.91274070739746,18.91274070739746,18.91274070739746,18.91274070739746,100,ETEC
2025-05-12,19.682357788085938,19.682357788085938,19.682357788085938,19.682357788085938,100,ETEC
2025-05-13,20.089509963989254,20.089509963989254,19.910759691810544,19.910759691810544,200,ETEC
2025-05-14,20.06964874267578,20.06964874267578,20.06964874267578,20.06964874267578,100,ETEC
2025-05-15,20.09348487854004,20.09348487854004,20.09348487854004,20.09348487854004,100,ETEC
2025-05-16,20.080575942993164,20.080575942993164,19.990206392315084,19.990206392315084,100,ETEC
2025-05-19,19.841249465942383,19.841249465942383,19.841249465942383,19.841249465942383,100,ETEC
2025-05-20,20.099441528320312,20.099441528320312,20.099441528320312,20.099441528320312,100,ETEC
2025-05-21,19.732011795043945,20.07957967264406,19.732011795043945,20.07957967264406,100,ETEC
2025-05-22,19.50460433959961,19.592985084390047,19.50460433959961,19.592985084390047,300,ETEC
2025-05-23,19.40430450439453,19.40430450439453,19.40430450439453,19.40430450439453,100,ETEC
2025-05-27,19.75187110900879,19.75187110900879,19.75187110900879,19.75187110900879,100,ETEC
2025-05-28,19.513538360595703,19.513538360595703,19.513538360595703,19.513538360595703,100,ETEC
2025-05-29,19.563194274902344,19.62277707506291,19.563194274902344,19.62277707506291,200,ETEC
2025-05-30,19.384443283081055,19.43409529907842,19.384443283081055,19.39437406510113,700,ETEC
2025-06-02,19.40430450439453,19.40430450439453,19.40430450439453,19.40430450439453,100,ETEC
2025-06-03,19.617807388305664,19.617807388305664,19.617807388305664,19.617807388305664,100,ETEC
2025-06-04,19.632707595825195,19.632707595825195,19.632707595825195,19.632707595825195,100,ETEC
2025-06-05,19.493677139282227,19.493677139282227,19.493677139282227,19.493677139282227,100,ETEC
2025-06-06,19.54730224609375,19.54730224609375,19.54730224609375,19.54730224609375,100,ETEC
2025-06-09,19.77471351623535,19.77471351623535,19.77471351623535,19.77471351623535,100,ETEC
2025-06-10,19.964385986328125,19.964385986328125,19.964385986328125,19.964385986328125,100,ETEC
2025-06-11,20.109371185302734,20.109371185302734,20.109371185302734,20.109371185302734,100,ETEC
2025-06-12,19.96041488647461,19.96041488647461,19.96041488647461,19.96041488647461,100,ETEC
2025-06-13,19.75187110900879,19.75187110900879,19.75187110900879,19.75187110900879,100,ETEC
2025-06-16,19.947969436645508,19.947969436645508,19.947969436645508,19.947969436645508,100,ETEC
2025-06-17,19.32086181640625,19.32086181640625,19.32086181640625,19.32086181640625,100,ETEC
2025-06-18,19.490081787109375,19.490081787109375,19.490081787109375,19.490081787109375,100,ETEC
2025-06-20,19.311901092529297,19.311901092529297,19.311901092529297,19.311901092529297,100,ETEC
2025-06-23,19.55975914001465,19.55975914001465,19.34077014949454,19.34077014949454,300,ETEC
2025-06-24,20.007692337036133,20.007692337036133,20.007692337036133,20.007692337036133,100,ETEC
2025-06-25,20.066423416137695,20.066423416137695,20.066423416137695,20.066423416137695,100,ETEC
2025-06-26,20.341154098510746,20.341154098510746,20.326223591821424,20.326223591821424,200,ETEC
2025-06-27,20.31626892089844,20.31626892089844,20.31626892089844,20.31626892089844,100,ETEC
2025-06-30,20.40585708618164,20.40585708618164,20.40585708618164,20.40585708618164,100,ETEC
2025-07-01,20.26650047302246,20.40585693724036,20.22668325548053,20.22668325548053,2800,ETEC
2025-07-02,20.69452476501465,20.69452476501465,20.69452476501465,20.69452476501465,100,ETEC
2025-07-03,20.993146896362305,20.993146896362305,20.993146896362305,20.993146896362305,100,ETEC
2025-07-07,20.385948181152344,20.485489325698417,20.385948181152344,20.485489325698417,2200,ETEC
2025-07-08,20.655704498291016,20.655704498291016,20.655704498291016,20.655704498291016,100,ETEC
2025-07-09,20.72438621520996,20.72438621520996,20.72438621520996,20.72438621520996,100,ETEC
2025-07-10,20.754249572753903,20.754249572753903,20.754249572753903,20.754249572753903,100,ETEC
2025-07-11,20.73434066772461,20.73434066772461,20.73434066772461,20.73434066772461,100,ETEC
2025-07-14,20.704477310180664,20.704477310180664,20.704477310180664,20.704477310180664,100,ETEC
2025-07-15,20.63479804992676,20.63479804992676,20.63479804992676,20.63479804992676,100,ETEC
2025-07-16,20.533267974853516,20.533267974853516,20.533267974853516,20.533267974853516,100,ETEC
2025-07-17,20.784109115600582,20.784109115600582,20.784109115600582,20.784109115600582,100,ETEC
2025-07-18,20.87369728088379,20.87369728088379,20.83388196302032,20.83388196302032,100,ETEC
2025-07-21,20.933422088623047,20.933422088623047,20.933422088623047,20.933422088623047,100,ETEC
2025-07-22,21.26787757873535,21.26787757873535,21.26787757873535,21.26787757873535,100,ETEC
2025-07-23,21.443071365356445,21.443071365356445,21.443071365356445,21.443071365356445,100,ETEC
2025-07-24,21.386333465576172,21.386333465576172,21.386333465576172,21.386333465576172,100,ETEC
2025-07-25,21.451032638549805,21.451032638549805,21.451032638549805,21.451032638549805,100,ETEC
2025-07-28,21.35149574279785,21.35149574279785,21.35149574279785,21.35149574279785,100,ETEC
2025-07-29,21.311677932739254,21.62025377695085,21.311677932739254,21.62025377695085,200,ETEC
2025-07-30,21.08074188232422,21.08074188232422,21.08074188232422,21.08074188232422,100,ETEC
2025-07-31,21.020023345947266,21.020023345947266,20.96328400267658,20.96328400267658,200,ETEC
2025-08-01,20.946361541748047,20.993146580215143,20.91351404761124,20.993146580215143,700,ETEC
2025-08-04,21.142457962036133,21.142457962036133,21.142457962036133,21.142457962036133,100,ETEC
2025-08-05,21.157386779785156,21.157386779785156,21.157386779785156,21.157386779785156,100,ETEC
2025-08-06,21.222089767456055,21.222089767456055,21.142457235252422,21.172320146799784,2400,ETEC
2025-08-07,21.122549057006836,21.251953111087044,21.10264234749319,21.251953111087044,1700,ETEC
2025-08-08,21.331586837768555,21.391310766827974,21.331586837768555,21.391310766827974,400,ETEC
2025-08-11,21.36543083190918,21.36543083190918,21.36543083190918,21.36543083190918,100,ETEC
2025-08-12,21.85118865966797,21.889014257140815,21.85118865966797,21.879059952691176,500,ETEC
2025-08-13,22.005475997924805,22.005475997924805,22.005475997924805,22.005475997924805,200,ETEC
2025-08-14,21.759611129760746,21.849197967237966,21.759611129760746,21.849197967237966,400,ETEC
2025-08-15,22.117958068847656,22.17768389690951,22.058234139375287,22.058234139375287,1400,ETEC
2025-08-18,22.526073455810547,22.565890671669344,22.526073455810547,22.565890671669344,200,ETEC
2025-08-19,22.429519653320312,22.575843927772084,22.356853047891907,22.575843927772084,1400,ETEC
2025-08-20,22.42653465270996,22.476304274919165,22.42553789328142,22.42553789328142,900,ETEC
2025-08-21,22.356853485107425,22.416579307291443,22.356853485107425,22.416579307291443,1300,ETEC
2025-08-22,23.405019760131836,23.45180290043811,22.924238079075927,22.924238079075927,2800,ETEC
2025-08-25,23.409996032714844,23.481665882505578,23.409996032714844,23.481665882505578,700,ETEC
2025-08-26,23.51152801513672,23.51152801513672,23.51152801513672,23.51152801513672,200,ETEC
2025-08-27,23.190011978149418,23.25272238420157,23.190011978149418,23.24276808026783,600,ETEC
2025-08-28,23.780288696289062,23.780288696289062,23.780288696289062,23.780288696289062,100,ETEC
2025-08-29,23.504560470581055,23.504560470581055,23.504560470581055,23.504560470581055,100,ETEC
2025-09-02,23.232812881469727,23.232812881469727,23.053639214742365,23.053639214742365,200,ETEC
2025-09-03,23.197975158691406,23.197975158691406,23.186029234279335,23.186029234279335,200,ETEC
2025-09-04,22.946136474609375,22.95409915838877,22.946136474609375,22.95409915838877,400,ETEC
2025-09-05,23.60111427307129,23.670794402804464,23.60111427307129,23.63097718581408,600,ETEC
2025-09-08,23.670793533325195,23.670793533325195,23.581206696976945,23.581206696976945,500,ETEC
2025-09-09,23.501575469970703,23.501575469970703,23.501575469970703,23.501575469970703,100,ETEC
2025-09-10,23.40800666809082,23.40800666809082,23.40800666809082,23.40800666809082,100,ETEC
2025-09-11,23.79422378540039,23.79422378540039,23.79422378540039,23.79422378540039,100,ETEC
2025-09-12,23.719568252563477,23.72056311337316,23.715586910735407,23.72056311337316,500,ETEC
2025-09-15,23.854944229125977,23.929600561513663,23.83005941785988,23.83005941785988,1200,ETEC
2025-09-16,24.07393264770508,24.07393264770508,23.959460999760708,23.959460999760708,600,ETEC
2025-09-17,24.25310707092285,24.281973224358097,24.238176563779025,24.238176563779025,500,ETEC
2025-09-18,24.233198165893555,24.233198165893555,24.178452340839417,24.178452340839417,200,ETEC
2025-09-19,24.0629825592041,24.0629825592041,24.0629825592041,24.0629825592041,100,ETEC
2025-09-22,24.34766960144043,24.34766960144043,24.34766960144043,24.34766960144043,100,ETEC
2025-09-23,24.087867736816406,24.40739462200724,24.087867736816406,24.29789917929153,3000,ETEC
2025-09-24,24.16352081298828,24.172480256644064,24.16352081298828,24.172480256644064,400,ETEC
2025-09-25,24.17347526550293,24.17347526550293,24.17347526550293,24.17347526550293,100,ETEC
2025-09-26,24.06397819519043,24.06397819519043,24.06397819519043,24.06397819519043,100,ETEC
2025-09-29,24.054025650024418,24.24812982893362,24.054025650024418,24.24812982893362,600,ETEC
2025-09-30,24.254100799560547,24.254100799560547,24.254100799560547,24.254100799560547,100,ETEC
2025-10-01,24.445220947265625,24.48702788513224,24.445220947265625,24.48702788513224,100,ETEC
2025-10-02,24.67317008972168,24.67317008972168,24.67317008972168,24.67317008972168,100,ETEC
2025-10-03,24.767732620239254,24.767732620239254,24.767732620239254,24.767732620239254,100,ETEC
2025-10-06,24.983736038208008,24.983736038208008,24.97477659526988,24.97477659526988,300,ETEC
2025-10-07,24.50992202758789,24.50992202758789,24.50992202758789,24.50992202758789,100,ETEC
2025-10-08,24.760765075683594,24.760765075683594,24.760765075683594,24.760765075683594,100,ETEC
2025-10-09,24.801576614379883,24.801576614379883,24.801576614379883,24.801576614379883,100,ETEC
2025-10-10,23.688711166381836,23.688711166381836,23.611068353422606,23.611068353422606,700,ETEC
2025-10-13,24.233198165893555,24.233198165893555,24.15854373249825,24.15854373249825,4000,ETEC
2025-10-14,24.164514541625977,24.164514541625977,23.949506889856107,23.949506889856107,100,ETEC
2025-10-15,24.755786895751953,24.755786895751953,24.706015378511605,24.706015378511605,200,ETEC
2025-10-16,24.840396881103516,24.885190299586345,24.835420678422913,24.885190299586345,300,ETEC
2025-10-17,24.61145401000977,24.61145401000977,24.48702805636825,24.496982360490296,4000,ETEC
2025-10-20,24.88319969177246,24.964823848334422,24.78565016711314,24.78565016711314,700,ETEC
2025-10-21,24.78863525390625,24.94491383646005,24.78863525390625,24.94491383646005,600,ETEC
2025-10-22,24.691085815429688,24.925007208918164,24.60647518218498,24.925007208918164,800,ETEC
2025-10-23,24.97676658630371,24.97676658630371,24.97676658630371,24.97676658630371,100,ETEC
2025-10-24,25.39682960510254,25.39682960510254,25.39682960510254,25.39682960510254,100,ETEC
2025-10-27,25.56704330444336,25.57202140558135,25.472480267303833,25.472480267303833,2800,ETEC
2025-10-28,25.61183738708496,25.62179169103024,25.61183738708496,25.62179169103024,500,ETEC
2025-10-29,25.517274856567383,25.69147043261159,25.517274856567383,25.69147043261159,600,ETEC
2025-10-30,25.348054885864254,25.512296153893548,25.348054885864254,25.447596026367428,1200,ETEC
2025-10-31,25.437641143798828,25.437641143798828,25.312220334856168,25.312220334856168,300,ETEC
2025-11-03,25.48243522644043,25.55211345545014,25.48243522644043,25.55211345545014,300,ETEC
2025-11-04,25.142004013061523,25.308236896224493,25.142004013061523,25.23358246707228,600,ETEC
2025-11-05,25.757165908813477,25.800964464927123,25.33312358735359,25.33312358735359,1300,ETEC
2025-11-06,25.52722930908203,25.771103116961385,25.4525729768638,25.771103116961385,400,ETEC
2025-11-07,25.258466720581055,25.258466720581055,25.258466720581055,25.258466720581055,100,ETEC
2025-11-10,25.835805892944336,25.835805892944336,25.591930179415197,25.63174739737483,4700,ETEC
2025-11-11,25.714365005493164,25.731287132338895,25.66658510599808,25.66658510599808,1600,ETEC
2025-11-12,25.586952209472656,25.586952209472656,25.552113095458633,25.552113095458633,800,ETEC
2025-11-13,24.993688583374023,25.552113064912945,24.993688583374023,25.46252622938703,1300,ETEC
2025-11-14,24.759769439697266,24.759769439697266,24.626384045323313,24.626384045323313,400,ETEC
2025-11-17,24.21129989624023,24.21129989624023,24.21129989624023,24.21129989624023,100,ETEC
2025-11-18,23.993305206298828,23.993305206298828,23.88978272336529,23.88978272336529,200,ETEC
2025-11-19,23.801191329956055,23.859920395777937,23.801191329956055,23.840013685948872,800,ETEC
2025-11-20,23.13725471496582,23.64093149825012,23.13725471496582,23.64093149825012,400,ETEC
2025-11-21,23.257699966430664,23.257699966430664,22.894376394950232,22.894376394950232,600,ETEC
2025-11-24,23.58419418334961,23.58419418334961,23.58419418334961,23.58419418334961,100,ETEC
2025-11-25,23.87584686279297,23.884806305858103,23.660839215123037,23.660839215123037,6100,ETEC
2025-11-26,24.093841552734375,24.093841552734375,24.059002437651735,24.059002437651735,300,ETEC
2025-11-28,24.46612548828125,24.46612548828125,24.35762489836785,24.35762489836785,300,ETEC
2025-12-01,24.35264587402344,24.35264587402344,24.35264587402344,24.35264587402344,400,ETEC
2025-12-02,24.43427085876465,24.43427085876465,24.43427085876465,24.43427085876465,100,ETEC
2025-12-03,24.60050392150879,24.60050392150879,24.60050392150879,24.60050392150879,100,ETEC
2025-12-04,24.952878952026367,24.952878952026367,24.88021424149543,24.88021424149543,500,ETEC
2025-12-05,25.119112014770508,25.119112014770508,25.119112014770508,25.119112014770508,100,ETEC
2025-12-08,24.939939498901367,24.939939498901367,24.934961397336625,24.934961397336625,300,ETEC
2025-12-09,25.04943466186523,25.09422618389549,25.04943466186523,25.0842737780595,800,ETEC
2025-12-10,25.489404678344727,25.489404678344727,25.163906702831756,25.163906702831756,200,ETEC
2025-12-11,25.41773223876953,25.41773223876953,25.284346849289108,25.284346849289108,500,ETEC
2025-12-12,24.979753494262695,25.42271147915948,24.979753494262695,25.42271147915948,1000,ETEC
2025-12-15,25.03251266479492,25.03251266479492,24.964824153784683,24.964824153784683,500,ETEC
2025-12-16,24.67667007446289,24.859076850769757,24.56503397143783,24.82917350839099,800,ETEC
2025-12-17,24.395584106445312,24.395584106445312,24.395584106445312,24.395584106445312,200,ETEC
2025-12-18,24.59294319152832,24.59294319152832,24.59294319152832,24.59294319152832,100,ETEC
2025-12-19,24.966726303100582,24.966726303100582,24.966726303100582,24.966726303100582,100,ETEC
2025-12-22,25.15810203552246,25.168069816064033,25.10826503397435,25.10826503397435,1100,ETEC
2025-12-23,25.041481018066406,25.1281986172378,25.041481018066406,25.1281986172378,200,ETEC
2025-12-24,25.07337951660156,25.207941706273033,25.07337951660156,25.09829801813484,500,ETEC
2025-12-26,25.222890853881836,25.222890853881836,25.222890853881836,25.222890853881836,100,ETEC
2025-12-29,25.104278564453125,25.104278564453125,25.104278564453125,25.104278564453125,100,ETEC
2025-12-30,25.056434631347656,25.056434631347656,25.056434631347656,25.056434631347656,100,ETEC
2025-12-31,24.8072452545166,24.869044354047222,24.804254730196117,24.869044354047222,600,ETEC
2026-01-02,25.313596725463867,25.313596725463867,25.138167204922,25.138167204922,400,ETEC
2026-01-05,25.59169006347656,25.59169006347656,25.457129778902903,25.526902341618054,700,ETEC
2026-01-06,25.860815048217773,25.89570133040266,25.74618842087318,25.74618842087318,700,ETEC
2026-01-07,25.65349006652832,25.705321386538085,25.576740244836127,25.58670802574106,900,ETEC
2026-01-08,25.70133399963379,25.70133399963379,25.566771812585056,25.566771812585056,500,ETEC
2026-01-09,25.751171112060547,25.751171112060547,25.706318950678565,25.706318950678565,300,ETEC
2026-01-12,26.02029609680176,26.02029609680176,26.02029609680176,26.02029609680176,200,ETEC
2026-01-13,25.902677536010746,25.916632048318583,25.902677536010746,25.916632048318583,400,ETEC
2026-01-14,25.78506088256836,25.92560411718691,25.78506088256836,25.92560411718691,200,ETEC
2026-01-15,25.944541931152344,25.944541931152344,25.944541931152344,25.944541931152344,100,ETEC
2026-01-16,25.935571670532227,25.945539451021222,25.935571670532227,25.945539451021222,400,ETEC
2026-01-20,25.407291412353516,25.407291412353516,25.407291412353516,25.407291412353516,100,ETEC
2026-01-21,25.88075065612793,25.88075065612793,25.88075065612793,25.88075065612793,100,ETEC
2026-01-22,26.17678451538086,26.17678451538086,26.17678451538086,26.17678451538086,100,ETEC
2026-01-23,26.28642845153809,26.35420859750495,26.274468255804955,26.35420859750495,1200,ETEC
2026-01-26,26.219646453857425,26.224629393463793,26.144889051643855,26.144889051643855,700,ETEC
2026-01-27,26.393081665039062,26.393081665039062,26.393081665039062,26.393081665039062,100,ETEC
2026-01-28,26.650243759155273,26.732974624705307,26.49375360068437,26.563526161712183,16300,ETEC
2026-01-29,26.70307350158691,26.70307350158691,26.49873685449705,26.49873685449705,500,ETEC
2026-01-30,26.339256286621097,26.339256286621097,26.339256286621097,26.339256286621097,300,ETEC
2026-02-02,26.31932258605957,26.37414252684682,26.31932258605957,26.37414252684682,200,ETEC
2026-02-03,26.84860038757324,26.84860038757324,26.65323530802504,26.673170869416445,1400,ETEC
2026-02-04,27.371896743774418,27.445656040143177,27.371896743774418,27.445656040143177,1400,ETEC
2026-02-05,26.957244873046875,27.03200227465607,26.912390812313298,27.00708187334654,1700,ETEC
2026-02-06,27.773588180541992,27.773588180541992,27.600152982624927,27.600152982624927,300,ETEC
2026-02-09,28.1882381439209,28.1882381439209,28.10849780282583,28.12843146222983,1300,ETEC
2026-02-10,28.208171844482425,28.33675487949405,27.978918601144574,27.978918601144574,1200,ETEC
2026-02-11,28.772336959838867,28.816194815469533,28.34772052116848,28.482282711280018,1300,ETEC
2026-02-12,28.372638702392575,28.75140486567549,28.277947636861796,28.75140486567549,3100,ETEC
2026-02-13,28.22113037109375,28.517167554631342,28.22113037109375,28.447394993167187,4000,ETEC
2026-02-17,28.412508010864254,28.45736207386493,28.158336254633625,28.287913602657913,4800,ETEC
2026-02-18,28.09554100036621,28.267979996257512,28.088563743911877,28.14836852764049,1600,ETEC
2026-02-19,27.705808639526367,27.929082744759135,27.654975429440334,27.929082744759135,1700,ETEC
2026-02-20,27.837379455566406,27.839373772110537,27.59018496555911,27.59018496555911,7000,ETEC
2026-02-23,27.834388732910156,27.97891869595802,27.834388732910156,27.97891869595802,1000,ETEC
2026-02-24,28.243059158325195,28.243059158325195,28.05865996899427,28.198206997089898,4100,ETEC
2026-02-25,28.31781578063965,28.367652781409017,28.2879124394822,28.362669841795963,600,ETEC
2026-02-26,27.570249557495117,27.570249557495117,27.35096409093253,27.400801092055023,2200,ETEC
2026-02-27,27.47655487060547,27.47655487060547,27.321060916621654,27.321060916621654,400,ETEC
2026-03-02,27.26125717163086,27.26125717163086,27.22138604804468,27.22138604804468,800,ETEC
2026-03-03,26.33826065063477,26.33826065063477,25.90566885466606,25.90566885466606,1700,ETEC
2026-03-04,26.593429565429688,26.593429565429688,26.593429565429688,26.593429565429688,100,ETEC
2026-03-05,26.0611629486084,26.0611629486084,26.0611629486084,26.0611629486084,400,ETEC
2026-03-06,25.754161834716797,25.801010214221986,25.596675461327017,25.596675461327017,800,ETEC
2026-03-09,26.22463035583496,26.22463035583496,25.437194689111323,25.437194689111323,500,ETEC
2026-03-10,26.66818618774414,26.922359844103017,26.66818618774414,26.922359844103017,900,ETEC
2026-03-11,27.12270736694336,27.12270736694336,27.12270736694336,27.12270736694336,200,ETEC
2026-03-12,26.79676818847656,26.79676818847656,26.79676818847656,26.79676818847656,100,ETEC
2026-03-13,26.6632022857666,26.76287818856216,26.6632022857666,26.76287818856216,300,ETEC
2026-03-16,27.145631790161133,27.145631790161133,27.145631790161133,27.145631790161133,200,ETEC
2026-03-17,27.16357421875,27.16357421875,27.16357421875,27.16357421875,100,ETEC
2026-03-18,26.71503448486328,26.71503448486328,26.71503448486328,26.71503448486328,100,ETEC
2026-03-19,26.86853408813477,26.86853408813477,26.62333200589977,26.62333200589977,300,ETEC
2026-03-20,26.476808547973633,26.85258607076889,26.354208462408753,26.85258607076889,1700,ETEC
2026-03-23,26.98216438293457,26.98216438293457,26.98216438293457,26.98216438293457,100,ETEC
2026-03-24,27.096790313720703,27.161579935800543,26.922358909459263,27.002099251573025,9400,ETEC
2026-03-25,27.4227294921875,27.54034664176772,27.4227294921875,27.45064041859275,2600,ETEC
2026-03-26,26.54159927368164,27.07187266038902,26.54159927368164,27.002100096501177,700,ETEC
2026-03-27,26.249547958374023,26.249547958374023,26.249547958374023,26.249547958374023,100,ETEC
2026-03-30,25.79104232788086,26.13492220783509,25.756156045906945,26.13492220783509,1900,ETEC
2026-03-31,26.779823303222656,26.779823303222656,26.065148846172683,26.065148846172683,800,ETEC
2026-04-01,27.008081436157227,27.008081436157227,27.008081436157227,27.008081436157227,300,ETEC
2026-04-02,26.665197372436523,26.665197372436523,26.533625709271146,26.533625709271146,800,ETEC
2026-04-06,26.54558563232422,26.67317056213574,26.54558563232422,26.67317056213574,400,ETEC
2026-04-07,26.468835830688477,26.468835830688477,26.12595216334991,26.26450108154439,1300,ETEC
2026-04-08,27.503467559814453,27.600152939107236,27.503467559814453,27.585200317820902,600,ETEC
2026-04-09,27.457616806030273,27.490508769960297,27.31109252696832,27.31109252696832,400,ETEC
2026-04-10,28.1882381439209,28.1882381439209,28.1882381439209,28.1882381439209,300,ETEC
2026-04-13,28.35768699645996,28.35768699645996,28.35768699645996,28.35768699645996,300,ETEC
2026-04-14,28.377620697021484,28.517167721928168,28.347719256881263,28.397556257888116,2000,ETEC
2026-04-15,28.08357810974121,28.08357810974121,28.08357810974121,28.08357810974121,100,ETEC
2026-04-16,28.36167335510254,28.36167335510254,28.36167335510254,28.36167335510254,100,ETEC
2026-04-17,28.70954132080078,28.7663574810345,28.70954132080078,28.756389700271395,500,ETEC
2026-04-20,28.62681007385254,28.62681007385254,28.477297166697983,28.49723272796119,1100,ETEC
2026-04-21,28.35768699645996,28.417491777813968,28.35768699645996,28.417491777813968,200,ETEC
2026-04-22,28.73645401000977,28.73645401000977,28.517168537683187,28.616842542548135,1200,ETEC
2026-04-23,28.65172958374023,28.89593354755041,28.616841402036226,28.686615864284544,1300,ETEC
2026-04-24,28.596908569335938,28.596908569335938,28.487264883792587,28.552054507173633,700,ETEC
2026-04-27,28.646745681762695,28.646745681762695,28.562022397995733,28.562022397995733,200,ETEC
2026-04-28,27.95400047302246,28.188238560205814,27.95400047302246,28.14836743848962,1000,ETEC
2026-04-29,27.95400047302246,28.208172219904192,27.87924307038445,28.208172219904192,1500,ETEC
2026-04-30,28.89693069458008,28.89693069458008,28.307848736914497,28.307848736914497,400,ETEC
2026-05-01,28.94278335571289,28.94278335571289,28.94278335571289,28.94278335571289,200,ETEC
2026-05-04,28.93480682373047,29.095285616856753,28.93480682373047,29.095285616856753,1300,ETEC
2026-05-05,29.389328002929688,29.474051283302916,29.389328002929688,29.474051283302916,300,ETEC
2026-05-06,29.894683837890625,29.894683837890625,29.65346849103619,29.65346849103619,1100,ETEC
2026-05-07,29.370389938354492,29.673404387490542,29.36939373063385,29.673404387490542,500,ETEC
2026-05-08,30.02226829528809,30.02226829528809,30.02226829528809,30.02226829528809,200,ETEC
2026-05-11,30.602378845214844,30.68012677245175,30.361163500748177,30.401034622646023,1700,ETEC
2026-05-12,30.292388916015625,30.460839272171892,30.292388916015625,30.460839272171892,400,ETEC
2026-05-13,30.79574966430664,30.989120423339287,30.79574966430664,30.989120423339287,1700,ETEC
2026-05-14,30.85057258605957,30.85057258605957,30.85057258605957,30.85057258605957,200,ETEC
2026-05-15,30.323287963867188,30.435920268675016,30.271456647177295,30.271456647177295,400,ETEC
2026-05-18,29.678386688232425,29.822916653324437,29.43418272074841,29.822916653324437,2000,ETEC
2026-05-19,29.059402465820312,29.059402465820312,29.059402465820312,29.059402465820312,200,ETEC
2026-05-20,29.55279541015625,29.593662738818733,29.02551257288971,29.02551257288971,800,ETEC
2026-05-21,30.10200881958008,30.10200881958008,29.583695641754048,29.65346820393068,400,ETEC
2026-05-22,30.75588035583496,30.79973630849199,30.510678279628067,30.510678279628067,700,ETEC
2026-05-26,31.436662673950195,31.436662673950195,31.436662673950195,31.436662673950195,100,ETEC
2026-05-27,31.42769432067871,31.437662101509375,31.387823197356056,31.387823197356056,400,ETEC
2026-05-28,31.77655601501465,31.77655601501465,31.77655601501465,31.77655601501465,100,ETEC
2026-05-29,31.557270050048828,31.557270050048828,31.527366709091087,31.527366709091087,200,ETEC
2026-06-01,31.313066482543945,32.29487099307764,31.17850429827082,32.29487099307764,1200,ETEC
2026-06-02,31.77655601501465,31.77655601501465,31.56723832848662,31.627043110186097,600,ETEC
2026-06-03,32.00381851196289,32.00381851196289,32.00381851196289,32.00381851196289,100,ETEC
2026-06-04,31.6529598236084,31.6529598236084,31.328017403413213,31.377854404799823,800,ETEC
2026-06-05,29.65047836303711,31.27817911930528,29.65047836303711,31.27817911930528,4100,ETEC
2026-06-08,29.682373046875,29.91262440019522,29.66343559502981,29.91262440019522,800,ETEC
2026-06-09,28.94278335571289,29.832885459755968,28.14836852539601,29.832885459755968,2300,ETEC
2026-06-10,28.082582473754883,28.537102248596007,28.048692399483972,28.537102248596007,700,ETEC
2026-06-11,29.15309715270996,29.513923972707794,28.89593487257409,29.513923972707794,1800,ETEC
2026-06-12,29.490001678466797,29.50893913113325,29.490001678466797,29.50893913113325,200,ETEC
2026-06-15,30.2189998626709,30.26499938964844,30.09000015258789,30.239999771118164,1400,ETEC
2026-06-16,30.045000076293945,30.63999938964844,30.045000076293945,30.63999938964844,900,ETEC
2026-06-17,29.95299911499023,30.479999542236328,29.95299911499023,30.3799991607666,200,ETEC
2026-06-18,30.687000274658203,30.687000274658203,30.420000076293945,30.420000076293945,200,ETEC
2026-06-22,31.253000259399418,31.31999969482422,31.229999542236328,31.229999542236328,400,ETEC
2026-06-23,29.54400062561035,30.040000915527344,29.54400062561035,30.040000915527344,1100,ETEC
2026-06-24,29.32200050354004,29.61000061035156,29.32200050354004,29.608999252319336,1400,ETEC
2026-06-25,29.60199928283691,29.60199928283691,29.579999923706055,29.579999923706055,400,ETEC
2026-06-26,,,,,3378,ETEC
