Date,Close,High,Low,Open,Volume,ticker
2023-12-19,31.200000762939453,43.0,28.299999237060547,39.79999923706055,96490,UZX
2023-12-20,26.809999465942383,30.200000762939453,25.600000381469727,29.799999237060547,28580,UZX
2023-12-21,23.399999618530273,25.799999237060547,21.920000076293945,25.729999542236328,12580,UZX
2023-12-22,20.399999618530273,21.799999237060547,16.399999618530273,21.799999237060547,65600,UZX
2023-12-26,19.600000381469727,22.0,18.700000762939453,20.5,33860,UZX
2023-12-27,15.899999618530272,20.299999237060547,15.5,19.200000762939453,36900,UZX
2023-12-28,17.200000762939453,17.200000762939453,12.800000190734863,15.300000190734863,28530,UZX
2023-12-29,15.600000381469728,19.399999618530273,15.5,17.200000762939453,13750,UZX
2024-01-02,16.559999465942383,16.790000915527344,15.5,16.299999237060547,7550,UZX
2024-01-03,16.34000015258789,17.239999771118164,15.5,17.239999771118164,1200,UZX
2024-01-04,16.84000015258789,17.100000381469727,16.299999237060547,17.100000381469727,1800,UZX
2024-01-05,18.200000762939453,18.399999618530273,16.700000762939453,16.700000762939453,7440,UZX
2024-01-08,17.100000381469727,18.200000762939453,16.0,18.200000762939453,10450,UZX
2024-01-09,15.800000190734863,18.100000381469727,15.800000190734863,17.5,8280,UZX
2024-01-10,14.600000381469728,15.90999984741211,14.050000190734863,15.75,16040,UZX
2024-01-11,14.199999809265137,15.300000190734863,14.100000381469728,14.699999809265137,7370,UZX
2024-01-12,15.0,15.5,13.800000190734863,14.489999771118164,3110,UZX
2024-01-16,15.199999809265137,16.0,14.100000381469728,14.199999809265137,3410,UZX
2024-01-17,16.469999313354492,16.700000762939453,15.0,15.0,5220,UZX
2024-01-18,16.399999618530273,16.799999237060547,15.5,15.699999809265137,3760,UZX
2024-01-19,15.199999809265137,16.440000534057617,14.8100004196167,16.200000762939453,6730,UZX
2024-01-22,14.5,15.0,14.399999618530272,15.0,1210,UZX
2024-01-23,14.300000190734863,15.0,14.18000030517578,14.699999809265137,2570,UZX
2024-01-24,13.899999618530272,14.899999618530272,13.5,14.100000381469728,4070,UZX
2024-01-25,15.800000190734863,15.800000190734863,14.5,14.800000190734863,5520,UZX
2024-01-26,15.399999618530272,16.0,15.0,15.300000190734863,2520,UZX
2024-01-29,15.489999771118164,15.800000190734863,15.100000381469728,15.399999618530272,1710,UZX
2024-01-30,17.84000015258789,18.280000686645508,14.5,15.899999618530272,6760,UZX
2024-01-31,16.899999618530273,17.719999313354492,16.09000015258789,16.899999618530273,1610,UZX
2024-02-01,16.299999237060547,18.200000762939453,16.299999237060547,17.299999237060547,3070,UZX
2024-02-02,16.0,17.200000762939453,15.880000114440918,17.200000762939453,2430,UZX
2024-02-05,15.399999618530272,17.0,15.199999809265137,16.0,1760,UZX
2024-02-06,15.600000381469728,16.799999237060547,15.3100004196167,15.3100004196167,510,UZX
2024-02-07,17.5,18.0,15.829999923706056,16.299999237060547,3780,UZX
2024-02-08,19.5,19.700000762939453,17.100000381469727,17.899999618530273,4400,UZX
2024-02-09,17.700000762939453,19.200000762939453,17.299999237060547,19.200000762939453,840,UZX
2024-02-12,18.5,19.700000762939453,17.5,17.700000762939453,3600,UZX
2024-02-13,18.5,18.799999237060547,17.399999618530273,18.5,2300,UZX
2024-02-14,18.0,19.5,16.5,18.299999237060547,56340,UZX
2024-02-15,16.84000015258789,18.0,16.299999237060547,18.0,4960,UZX
2024-02-16,17.989999771118164,18.0,16.799999237060547,17.399999618530273,3770,UZX
2024-02-20,18.399999618530273,18.899999618530273,17.200000762939453,18.0,8670,UZX
2024-02-21,18.899999618530273,18.899999618530273,17.799999237060547,18.0,6580,UZX
2024-02-22,17.899999618530273,18.600000381469727,17.0,18.5,3060,UZX
2024-02-23,18.149999618530273,18.600000381469727,17.600000381469727,17.860000610351562,3140,UZX
2024-02-26,20.0,21.200000762939453,18.100000381469727,18.700000762939453,8990,UZX
2024-02-27,21.0,22.700000762939453,19.299999237060547,20.0,7340,UZX
2024-02-28,20.299999237060547,22.100000381469727,20.0,22.0,4650,UZX
2024-02-29,19.799999237060547,20.899999618530273,19.0,19.899999618530273,2980,UZX
2024-03-01,20.399999618530273,20.5,19.010000228881836,19.100000381469727,2460,UZX
2024-03-04,20.399999618530273,21.5,20.399999618530273,20.540000915527344,3820,UZX
2024-03-05,20.0,21.0,19.399999618530273,20.479999542236328,1100,UZX
2024-03-06,18.899999618530273,20.700000762939453,18.100000381469727,20.399999618530273,5230,UZX
2024-03-07,20.0,20.100000381469727,18.899999618530273,19.0,1650,UZX
2024-03-08,19.200000762939453,20.0,18.5,20.0,2340,UZX
2024-03-11,19.799999237060547,20.489999771118164,19.489999771118164,19.5,1010,UZX
2024-03-12,15.800000190734863,20.100000381469727,15.800000190734863,19.600000381469727,9830,UZX
2024-03-13,18.399999618530273,19.600000381469727,16.200000762939453,16.200000762939453,9090,UZX
2024-03-14,18.0,18.5,17.100000381469727,18.399999618530273,1770,UZX
2024-03-15,17.700000762939453,18.0,16.90999984741211,18.0,880,UZX
2024-03-18,17.200000762939453,18.299999237060547,16.5,17.799999237060547,1600,UZX
2024-03-19,18.299999237060547,19.0,17.0,17.489999771118164,1750,UZX
2024-03-20,21.5,22.0,19.100000381469727,19.299999237060547,6210,UZX
2024-03-21,22.600000381469727,23.399999618530273,21.200000762939453,21.299999237060547,4900,UZX
2024-03-22,22.299999237060547,24.100000381469727,20.799999237060547,22.799999237060547,3400,UZX
2024-03-25,32.5,34.20000076293945,21.600000381469727,21.600000381469727,18020,UZX
2024-03-26,27.399999618530273,32.29999923706055,25.850000381469727,30.0,6640,UZX
2024-03-27,29.600000381469727,31.81999969482422,26.600000381469727,26.600000381469727,2730,UZX
2024-03-28,27.299999237060547,31.200000762939453,25.799999237060547,28.700000762939453,1260,UZX
2024-04-01,32.400001525878906,32.70000076293945,27.100000381469727,27.100000381469727,5340,UZX
2024-04-02,33.70000076293945,40.79999923706055,32.5,36.5,10850,UZX
2024-04-03,29.5,38.900001525878906,29.399999618530273,35.5,2810,UZX
2024-04-04,31.799999237060547,33.0,30.11000061035156,32.400001525878906,1740,UZX
2024-04-05,36.5,37.5,31.5,32.099998474121094,2010,UZX
2024-04-08,35.20000076293945,38.900001525878906,34.5,38.70000076293945,1980,UZX
2024-04-09,35.25,37.58000183105469,33.900001525878906,36.5,3390,UZX
2024-04-10,35.5,36.2599983215332,34.400001525878906,34.400001525878906,1320,UZX
2024-04-11,33.099998474121094,36.70000076293945,33.0,36.70000076293945,1040,UZX
2024-04-12,33.70000076293945,34.95000076293945,26.600000381469727,34.95000076293945,3490,UZX
2024-04-15,30.299999237060547,34.599998474121094,30.270000457763672,33.400001525878906,2700,UZX
2024-04-16,29.899999618530273,31.899999618530273,29.899999618530273,31.899999618530273,2870,UZX
2024-04-17,30.200000762939453,30.5,28.850000381469727,30.0,550,UZX
2024-04-18,26.600000381469727,30.399999618530273,24.0,29.600000381469727,2530,UZX
2024-04-19,29.899999618530273,30.0,28.100000381469727,28.100000381469727,760,UZX
2024-04-22,33.400001525878906,35.599998474121094,30.0,32.400001525878906,4510,UZX
2024-04-23,32.70000076293945,36.0,32.15999984741211,35.0,1320,UZX
2024-04-24,32.0,34.20000076293945,31.899999618530273,32.599998474121094,1110,UZX
2024-04-25,32.900001525878906,32.900001525878906,31.799999237060547,31.799999237060547,650,UZX
2024-04-26,32.400001525878906,34.04999923706055,31.899999618530273,33.400001525878906,280,UZX
2024-04-29,31.399999618530273,32.70000076293945,30.0,32.400001525878906,2430,UZX
2024-04-30,32.20000076293945,35.0,32.0,33.0,1300,UZX
2024-05-01,31.13999938964844,33.79999923706055,30.690000534057617,30.690000534057617,1040,UZX
2024-05-02,31.0,32.70000076293945,31.0,31.200000762939453,300,UZX
2024-05-03,29.299999237060547,31.600000381469727,29.299999237060547,31.600000381469727,850,UZX
2024-05-06,30.200000762939453,30.5,30.0,30.100000381469727,1050,UZX
2024-05-07,29.100000381469727,31.5,29.100000381469727,30.0,310,UZX
2024-05-08,29.100000381469727,29.600000381469727,29.0,29.600000381469727,320,UZX
2024-05-09,28.0,29.899999618530273,27.200000762939453,29.100000381469727,2630,UZX
2024-05-10,27.299999237060547,28.799999237060547,27.0,28.100000381469727,1180,UZX
2024-05-13,31.799999237060547,32.099998474121094,26.700000762939453,26.700000762939453,2650,UZX
2024-05-14,29.5,30.799999237060547,27.459999084472656,28.600000381469727,340,UZX
2024-05-15,32.099998474121094,34.0,28.200000762939453,29.799999237060547,1220,UZX
2024-05-16,31.0,33.0,31.0,32.099998474121094,510,UZX
2024-05-17,30.0,33.68000030517578,30.0,30.799999237060547,2300,UZX
2024-05-20,32.0,32.38999938964844,30.5,31.59000015258789,1480,UZX
2024-05-21,30.799999237060547,32.29999923706055,30.600000381469727,31.25,1460,UZX
2024-05-22,26.299999237060547,31.799999237060547,26.299999237060547,30.899999618530273,1350,UZX
2024-05-23,27.700000762939453,28.989999771118164,27.700000762939453,28.989999771118164,360,UZX
2024-05-24,27.700000762939453,30.469999313354492,27.700000762939453,30.469999313354492,310,UZX
2024-05-28,27.899999618530273,30.700000762939453,27.899999618530273,30.700000762939453,480,UZX
2024-05-29,27.399999618530273,29.0,27.399999618530273,29.0,490,UZX
2024-05-30,30.399999618530273,30.399999618530273,28.100000381469727,28.100000381469727,710,UZX
2024-05-31,29.299999237060547,30.399999618530273,28.09000015258789,30.399999618530273,8360,UZX
2024-06-03,28.399999618530273,31.600000381469727,27.899999618530273,29.0,630,UZX
2024-06-04,25.799999237060547,30.299999237060547,25.5,28.65999984741211,1220,UZX
2024-06-05,28.799999237060547,29.0,25.799999237060547,26.200000762939453,1490,UZX
2024-06-06,27.0,27.799999237060547,26.799999237060547,26.799999237060547,440,UZX
2024-06-07,26.899999618530273,39.0,26.200000762939453,31.0,11130,UZX
2024-06-10,28.100000381469727,28.600000381469727,25.700000762939453,26.760000228881836,1260,UZX
2024-06-11,27.100000381469727,28.0,26.799999237060547,27.799999237060547,600,UZX
2024-06-12,35.400001525878906,35.400001525878906,24.5,27.200000762939453,23880,UZX
2024-06-13,33.0,38.20000076293945,30.8799991607666,32.599998474121094,4070,UZX
2024-06-14,34.5,36.70000076293945,31.600000381469727,31.700000762939453,2530,UZX
2024-06-17,31.299999237060547,37.130001068115234,30.049999237060547,34.5,13280,UZX
2024-06-18,33.5,33.5,31.399999618530273,32.900001525878906,560,UZX
2024-06-20,33.0,37.400001525878906,31.0,33.5,8290,UZX
2024-06-21,34.5,36.5,31.38999938964844,32.0,6200,UZX
2024-06-24,31.399999618530273,36.65999984741211,31.0,36.0,9080,UZX
2024-06-25,29.0,31.399999618530273,27.799999237060547,31.299999237060547,5340,UZX
2024-06-26,28.5,29.100000381469727,28.100000381469727,28.100000381469727,1150,UZX
2024-06-27,30.700000762939453,31.200000762939453,27.100000381469727,28.600000381469727,45260,UZX
2024-06-28,33.70000076293945,36.0,30.200000762939453,30.299999237060547,4630,UZX
2024-07-01,36.400001525878906,38.0,33.0,34.5,19900,UZX
2024-07-02,31.3700008392334,36.400001525878906,29.0,36.0,15870,UZX
2024-07-03,28.5,31.399999618530273,28.459999084472656,29.5,4050,UZX
2024-07-05,28.850000381469727,29.799999237060547,28.299999237060547,28.399999618530273,2130,UZX
2024-07-08,30.5,31.100000381469727,27.329999923706055,28.899999618530273,25060,UZX
2024-07-09,32.79999923706055,33.70000076293945,28.0,29.200000762939453,32010,UZX
2024-07-10,34.29999923706055,35.20000076293945,31.5,32.29999923706055,10290,UZX
2024-07-11,34.650001525878906,35.209999084472656,30.920000076293945,33.29999923706055,4500,UZX
2024-07-12,33.400001525878906,34.79999923706055,32.439998626708984,33.5,2200,UZX
2024-07-15,34.5,35.20000076293945,32.5,32.56999969482422,23440,UZX
2024-07-16,47.849998474121094,48.0,34.599998474121094,35.0,23530,UZX
2024-07-17,51.70000076293945,53.33000183105469,47.5,47.5,10970,UZX
2024-07-18,53.5,55.20000076293945,49.599998474121094,52.79999923706055,4160,UZX
2024-07-19,52.150001525878906,57.04999923706055,50.63999938964844,52.0,5780,UZX
2024-07-22,36.599998474121094,50.099998474121094,34.099998474121094,49.599998474121094,16790,UZX
2024-07-23,30.5,37.5,27.309999465942383,37.5,12750,UZX
2024-07-24,27.200000762939453,29.700000762939453,27.200000762939453,29.700000762939453,2190,UZX
2024-07-25,28.399999618530273,29.700000762939453,26.0,27.299999237060547,2010,UZX
2024-07-26,29.510000228881836,29.799999237060547,27.0,28.399999618530273,4260,UZX
2024-07-29,28.799999237060547,33.29999923706055,28.0,31.299999237060547,2280,UZX
2024-07-30,28.399999618530273,29.5,27.700000762939453,28.100000381469727,1090,UZX
2024-07-31,28.11000061035156,28.1200008392334,28.0,28.0,320,UZX
2024-08-01,26.899999618530273,30.649999618530273,26.100000381469727,28.100000381469727,1060,UZX
2024-08-02,24.649999618530273,26.75,24.0,26.75,1650,UZX
2024-08-05,22.950000762939453,23.600000381469727,22.0,23.200000762939453,1900,UZX
2024-08-06,23.299999237060547,24.59000015258789,22.100000381469727,22.200000762939453,2140,UZX
2024-08-07,24.299999237060547,24.5,23.5,23.5,390,UZX
2024-08-08,22.0,25.899999618530273,21.0,24.799999237060547,3210,UZX
2024-08-09,21.899999618530273,22.700000762939453,20.600000381469727,21.200000762939453,1170,UZX
2024-08-12,19.3799991607666,22.0,18.350000381469727,21.209999084472656,1450,UZX
2024-08-13,18.350000381469727,18.799999237060547,17.219999313354492,18.799999237060547,750,UZX
2024-08-14,18.100000381469727,18.100000381469727,18.100000381469727,18.100000381469727,30,UZX
2024-08-15,19.90999984741211,20.5,18.200000762939453,18.200000762939453,830,UZX
2024-08-16,19.799999237060547,20.200000762939453,19.549999237060547,20.020000457763672,330,UZX
2024-08-19,19.0,19.649999618530273,15.4399995803833,19.600000381469727,5160,UZX
2024-08-20,19.5,19.899999618530273,16.100000381469727,19.899999618530273,960,UZX
2024-08-21,19.100000381469727,19.149999618530273,16.549999237060547,16.549999237060547,110,UZX
2024-08-22,17.5,19.0,17.5,18.950000762939453,210,UZX
2024-08-23,17.600000381469727,17.700000762939453,16.0,16.0,370,UZX
2024-08-26,17.5,17.5,16.700000762939453,16.75,690,UZX
2024-08-27,17.5,17.600000381469727,16.600000381469727,16.600000381469727,100,UZX
2024-08-28,16.799999237060547,17.700000762939453,16.610000610351562,17.600000381469727,570,UZX
2024-08-29,17.200000762939453,17.700000762939453,16.5,16.5,910,UZX
2024-08-30,16.799999237060547,17.600000381469727,16.600000381469727,16.81999969482422,340,UZX
2024-09-03,16.700000762939453,16.799999237060547,16.100000381469727,16.399999618530273,220,UZX
2024-09-04,15.800000190734863,16.5,13.100000381469728,16.200000762939453,1420,UZX
2024-09-05,15.25,17.600000381469727,15.029999732971191,17.600000381469727,260,UZX
2024-09-06,15.5,17.700000762939453,14.300000190734863,17.700000762939453,2580,UZX
2024-09-09,13.600000381469728,14.75,13.5,14.0,3050,UZX
2024-09-10,12.300000190734863,13.899999618530272,12.199999809265137,12.600000381469728,2800,UZX
2024-09-11,12.300000190734863,12.300000190734863,12.300000190734863,12.300000190734863,50,UZX
2024-09-12,12.300000190734863,12.800000190734863,12.0,12.800000190734863,1750,UZX
2024-09-13,13.100000381469728,13.5,11.199999809265137,11.220000267028809,2770,UZX
2024-09-16,13.199999809265137,13.199999809265137,12.300000190734863,12.300000190734863,560,UZX
2024-09-17,12.970000267028809,13.699999809265137,11.899999618530272,13.0,2140,UZX
2024-09-18,11.600000381469728,12.600000381469728,11.100000381469728,12.5,1430,UZX
2024-09-19,9.890000343322754,12.300000190734863,9.890000343322754,11.600000381469728,19130,UZX
2024-09-20,4.179999828338623,9.59000015258789,3.849999904632568,9.59000015258789,216690,UZX
2024-09-23,4.480000019073486,5.050000190734863,3.900000095367432,5.050000190734863,1982980,UZX
2024-09-24,4.25,4.579999923706055,4.050000190734863,4.130000114440918,131560,UZX
2024-09-25,4.059999942779541,4.239999771118164,4.0,4.130000114440918,36740,UZX
2024-09-26,4.039999961853027,4.159999847412109,3.849999904632568,4.0,30490,UZX
2024-09-27,3.990000009536743,4.059999942779541,3.7200000286102295,3.859999895095825,53640,UZX
2024-09-30,3.859999895095825,4.239999771118164,3.5999999046325684,4.050000190734863,32410,UZX
2024-10-01,3.509999990463257,3.890000104904175,3.299999952316284,3.859999895095825,22570,UZX
2024-10-02,2.940000057220459,3.700000047683716,2.880000114440918,3.450000047683716,27430,UZX
2024-10-03,2.9700000286102295,3.049999952316284,2.799999952316284,2.8499999046325684,9650,UZX
2024-10-04,3.5999999046325684,3.75,2.9200000762939453,2.9200000762939453,39620,UZX
2024-10-07,3.309999942779541,3.5999999046325684,3.240000009536743,3.5999999046325684,12310,UZX
2024-10-08,3.130000114440918,3.4800000190734863,3.049999952316284,3.390000104904175,9590,UZX
2024-10-09,3.049999952316284,3.200000047683716,2.809999942779541,3.200000047683716,27500,UZX
2024-10-10,3.049999952316284,3.0799999237060547,2.9000000953674316,2.950000047683716,10840,UZX
2024-10-11,2.9100000858306885,3.049999952316284,2.9000000953674316,3.0,14210,UZX
2024-10-14,2.680000066757202,3.0,2.6500000953674316,2.8499999046325684,17650,UZX
2024-10-15,2.559999942779541,2.7799999713897705,2.509999990463257,2.5999999046325684,17450,UZX
2024-10-16,2.6600000858306885,2.7899999618530273,2.559999942779541,2.559999942779541,18650,UZX
2024-10-17,2.880000114440918,2.940000057220459,2.680000066757202,2.799999952316284,27300,UZX
2024-10-18,2.799999952316284,2.9800000190734863,2.700000047683716,2.880000114440918,41550,UZX
2024-10-21,2.690000057220459,2.990000009536743,2.640000104904175,2.869999885559082,25770,UZX
2024-10-22,2.7699999809265137,2.8399999141693115,2.6500000953674316,2.8399999141693115,16860,UZX
2024-10-23,2.680000066757202,2.8399999141693115,2.6600000858306885,2.8399999141693115,75900,UZX
2024-10-24,3.3299999237060547,6.28000020980835,3.1600000858306885,4.78000020980835,18253850,UZX
2024-10-25,3.700000047683716,3.700000047683716,3.009999990463257,3.009999990463257,447200,UZX
2024-10-28,3.0199999809265137,3.569999933242798,3.0199999809265137,3.4000000953674316,168140,UZX
2024-10-29,2.680000066757202,3.190000057220459,2.5399999618530273,3.0999999046325684,147680,UZX
2024-10-30,2.7100000381469727,2.8299999237060547,2.5399999618530273,2.5999999046325684,71180,UZX
2024-10-31,2.7699999809265137,2.859999895095825,2.5799999237060547,2.680000066757202,77770,UZX
2024-11-01,2.75,2.7899999618530273,2.690000057220459,2.7100000381469727,19910,UZX
2024-11-04,2.619999885559082,2.7899999618530273,2.559999942779541,2.7899999618530273,60350,UZX
2024-11-05,2.430000066757202,2.7699999809265137,2.3399999141693115,2.5199999809265137,57000,UZX
2024-11-06,2.1500000953674316,2.3299999237060547,1.950000047683716,2.0399999618530273,59870,UZX
2024-11-07,2.4200000762939453,2.7200000286102295,2.069999933242798,2.1500000953674316,234850,UZX
2024-11-08,2.4000000953674316,3.4000000953674316,2.309999942779541,2.950000047683716,992700,UZX
2024-11-11,2.9200000762939453,3.200000047683716,2.049999952316284,2.4000000953674316,316430,UZX
2024-11-12,2.7200000286102295,2.9200000762939453,2.549999952316284,2.75,42440,UZX
2024-11-13,2.5799999237060547,2.7100000381469727,2.359999895095825,2.5999999046325684,38180,UZX
2024-11-14,2.319999933242798,2.549999952316284,2.2200000286102295,2.5,33890,UZX
2024-11-15,2.25,2.299999952316284,2.069999933242798,2.2200000286102295,21380,UZX
2024-11-18,2.25,2.309999942779541,2.0999999046325684,2.25,22650,UZX
2024-11-19,2.2100000381469727,2.25,2.109999895095825,2.1500000953674316,34360,UZX
2024-11-20,2.2799999713897705,2.3499999046325684,2.200000047683716,2.2100000381469727,48720,UZX
2024-11-21,2.2799999713897705,2.319999933242798,2.200000047683716,2.2699999809265137,15980,UZX
2024-11-22,2.259999990463257,2.3499999046325684,2.200000047683716,2.2100000381469727,13710,UZX
2024-11-25,2.259999990463257,2.259999990463257,2.1600000858306885,2.259999990463257,13360,UZX
2024-11-26,2.1600000858306885,2.200000047683716,2.009999990463257,2.109999895095825,52050,UZX
2024-11-27,2.259999990463257,2.390000104904175,2.0999999046325684,2.130000114440918,45470,UZX
2024-11-29,2.190000057220459,2.3399999141693115,2.0399999618530273,2.3399999141693115,40910,UZX
2024-12-02,2.190000057220459,2.2200000286102295,2.069999933242798,2.2200000286102295,12780,UZX
2024-12-03,2.0899999141693115,2.190000057220459,2.049999952316284,2.049999952316284,9900,UZX
2024-12-04,2.25,2.299999952316284,2.0899999141693115,2.130000114440918,33300,UZX
2024-12-05,2.140000104904175,2.25,2.0999999046325684,2.180000066757202,14370,UZX
2024-12-06,2.190000057220459,2.200000047683716,2.0799999237060547,2.140000104904175,11090,UZX
2024-12-09,2.3299999237060547,2.390000104904175,2.1700000762939453,2.299999952316284,47320,UZX
2024-12-10,2.25,2.3299999237060547,2.119999885559082,2.3299999237060547,25830,UZX
2024-12-11,2.049999952316284,2.25,1.9600000381469729,2.200000047683716,29810,UZX
2024-12-12,1.919999957084656,2.0799999237060547,1.909999966621399,2.069999933242798,9490,UZX
2024-12-13,1.909999966621399,1.940000057220459,1.7300000190734863,1.940000057220459,11830,UZX
2024-12-16,2.059999942779541,2.259999990463257,1.840000033378601,1.840000033378601,39960,UZX
2024-12-17,2.0999999046325684,2.259999990463257,1.919999957084656,2.0199999809265137,36390,UZX
2024-12-18,2.680000066757202,2.690000057220459,2.119999885559082,2.119999885559082,169130,UZX
2024-12-19,3.0799999237060547,3.180000066757202,2.799999952316284,2.8399999141693115,159270,UZX
2024-12-20,3.700000047683716,4.199999809265137,3.109999895095825,3.109999895095825,1033490,UZX
2024-12-23,3.2899999618530273,3.890000104904175,3.0299999713897705,3.890000104904175,82520,UZX
2024-12-24,3.660000085830689,3.700000047683716,3.069999933242798,3.0999999046325684,46600,UZX
2024-12-26,4.570000171661377,4.630000114440918,3.5399999618530273,3.5399999618530273,118550,UZX
2024-12-27,4.400000095367432,4.699999809265137,4.110000133514404,4.480000019073486,25750,UZX
2024-12-30,4.460000038146973,4.480000019073486,4.099999904632568,4.150000095367432,41330,UZX
2024-12-31,4.420000076293945,4.5,4.199999809265137,4.210000038146973,10230,UZX
2025-01-02,4.119999885559082,4.300000190734863,3.5799999237060547,4.210000038146973,18270,UZX
2025-01-03,4.239999771118164,4.449999809265137,4.130000114440918,4.199999809265137,19580,UZX
2025-01-06,4.400000095367432,4.78000020980835,4.139999866485596,4.139999866485596,22810,UZX
2025-01-07,4.559999942779541,4.699999809265137,4.199999809265137,4.269999980926514,8200,UZX
2025-01-08,4.130000114440918,4.5,4.099999904632568,4.5,5480,UZX
2025-01-10,3.799999952316284,4.389999866485596,3.75,4.119999885559082,5980,UZX
2025-01-13,3.880000114440918,4.309999942779541,3.799999952316284,3.799999952316284,14500,UZX
2025-01-14,4.889999866485596,4.949999809265137,3.6700000762939458,3.880000114440918,54650,UZX
2025-01-15,4.090000152587891,6.829999923706055,3.799999952316284,4.820000171661377,257570,UZX
2025-01-16,3.700000047683716,4.190000057220459,3.700000047683716,4.099999904632568,31800,UZX
2025-01-17,2.880000114440918,3.700000047683716,2.7899999618530273,3.509999990463257,89070,UZX
2025-01-21,2.950000047683716,3.0999999046325684,2.819999933242798,3.0,17800,UZX
2025-01-22,2.9100000858306885,3.0999999046325684,2.880000114440918,2.890000104904175,8230,UZX
2025-01-23,3.0,3.049999952316284,2.700000047683716,2.9600000381469727,28730,UZX
2025-01-24,2.8299999237060547,3.009999990463257,2.799999952316284,2.990000009536743,15520,UZX
2025-01-27,2.7799999713897705,2.8499999046325684,2.700000047683716,2.799999952316284,9530,UZX
2025-01-28,2.950000047683716,3.0799999237060547,2.630000114440918,2.700000047683716,30320,UZX
2025-01-29,2.9000000953674316,3.0,2.7799999713897705,2.799999952316284,7620,UZX
2025-01-30,2.7699999809265137,2.890000104904175,2.680000066757202,2.890000104904175,6960,UZX
2025-01-31,2.7300000190734863,2.9000000953674316,2.369999885559082,2.6600000858306885,22080,UZX
2025-02-03,2.5,2.690000057220459,2.440000057220459,2.680000066757202,4640,UZX
2025-02-04,2.4200000762939453,2.549999952316284,2.4100000858306885,2.5,9820,UZX
2025-02-05,2.4700000286102295,2.5899999141693115,2.1700000762939453,2.4000000953674316,17910,UZX
2025-02-06,2.4000000953674316,2.440000057220459,2.309999942779541,2.309999942779541,4550,UZX
2025-02-07,2.4200000762939453,2.5999999046325684,2.4100000858306885,2.5899999141693115,3190,UZX
2025-02-10,2.5199999809265137,2.549999952316284,2.309999942779541,2.3399999141693115,4460,UZX
2025-02-11,2.5,2.5,2.4000000953674316,2.4200000762939453,1880,UZX
2025-02-12,2.609999895095825,2.7899999618530273,2.359999895095825,2.359999895095825,114420,UZX
2025-02-13,2.680000066757202,2.7200000286102295,2.440000057220459,2.630000114440918,24400,UZX
2025-02-14,2.5899999141693115,2.8299999237060547,2.4200000762939453,2.630000114440918,45440,UZX
2025-02-18,2.609999895095825,2.7100000381469727,2.5999999046325684,2.619999885559082,3550,UZX
2025-02-19,2.559999942779541,2.690000057220459,2.5299999713897705,2.569999933242798,4510,UZX
2025-02-20,2.299999952316284,2.680000066757202,2.2200000286102295,2.5899999141693115,34710,UZX
2025-02-21,2.3299999237060547,2.369999885559082,2.25,2.2799999713897705,27850,UZX
2025-02-24,2.7699999809265137,2.7799999713897705,2.240000009536743,2.2899999618530273,69590,UZX
2025-02-25,2.6500000953674316,2.799999952316284,2.4600000381469727,2.75,56120,UZX
2025-02-26,2.7200000286102295,2.7200000286102295,2.5999999046325684,2.5999999046325684,3190,UZX
2025-02-27,2.630000114440918,3.109999895095825,2.4800000190734863,3.0899999141693115,56170,UZX
2025-02-28,2.5799999237060547,2.7300000190734863,2.390000104904175,2.549999952316284,6090,UZX
2025-03-03,2.640000104904175,2.690000057220459,2.5799999237060547,2.5799999237060547,2850,UZX
2025-03-04,2.559999942779541,2.700000047683716,2.430000066757202,2.700000047683716,9210,UZX
2025-03-05,2.619999885559082,2.680000066757202,2.430000066757202,2.430000066757202,247890,UZX
2025-03-06,2.309999942779541,2.4700000286102295,2.2899999618530273,2.4700000286102295,29610,UZX
2025-03-07,2.2699999809265137,2.309999942779541,2.200000047683716,2.25,14850,UZX
2025-03-10,2.2899999618530273,2.490000009536743,2.2100000381469727,2.4000000953674316,27590,UZX
2025-03-11,2.3499999046325684,2.369999885559082,2.200000047683716,2.259999990463257,12230,UZX
2025-03-12,2.2300000190734863,2.3499999046325684,2.200000047683716,2.2699999809265137,4230,UZX
2025-03-13,2.2799999713897705,2.3499999046325684,2.2100000381469727,2.2100000381469727,597920,UZX
2025-03-14,1.7799999713897705,2.0,1.6799999475479126,2.0,100160,UZX
2025-03-17,1.7100000381469729,1.8899999856948853,1.6299999952316284,1.690000057220459,23560,UZX
2025-03-18,1.7300000190734863,1.7999999523162842,1.6299999952316284,1.7799999713897705,10440,UZX
2025-03-19,1.75,1.7899999618530271,1.7000000476837158,1.7899999618530271,2920,UZX
2025-03-20,1.840000033378601,1.899999976158142,1.75,1.809999942779541,11700,UZX
2025-03-21,1.830000042915344,1.950000047683716,1.7200000286102295,1.8799999952316284,13230,UZX
2025-03-24,1.7899999618530271,1.8700000047683716,1.7899999618530271,1.8700000047683716,7850,UZX
2025-03-25,1.7799999713897705,1.850000023841858,1.6399999856948853,1.850000023841858,7430,UZX
2025-03-26,1.850000023841858,1.850000023841858,1.7400000095367432,1.7400000095367432,830,UZX
2025-03-27,1.7300000190734863,1.850000023841858,1.600000023841858,1.850000023841858,23560,UZX
2025-03-28,1.6299999952316284,1.7899999618530271,1.600000023841858,1.6100000143051147,5370,UZX
2025-03-31,1.6200000047683716,1.6299999952316284,1.5,1.600000023841858,2540,UZX
2025-04-01,1.600000023841858,1.6799999475479126,1.559999942779541,1.559999942779541,1400,UZX
2025-04-02,1.5800000429153442,1.6100000143051147,1.5,1.600000023841858,13900,UZX
2025-04-03,1.350000023841858,1.4500000476837158,1.2999999523162842,1.350000023841858,21990,UZX
2025-04-04,1.6399999856948853,1.7999999523162842,1.2200000286102295,1.2799999713897705,58180,UZX
2025-04-07,1.9900000095367432,2.1500000953674316,1.440000057220459,1.5779999494552612,340900,UZX
2025-04-08,1.6299999952316284,2.200000047683716,1.6169999837875366,2.0399999618530273,86800,UZX
2025-04-09,1.659999966621399,1.6699999570846558,1.2200000286102295,1.6399999856948853,46900,UZX
2025-04-10,1.919999957084656,2.124000072479248,1.5010000467300415,1.6050000190734863,68300,UZX
2025-04-11,1.8899999856948853,2.049999952316284,1.7999999523162842,1.9900000095367432,14700,UZX
2025-04-14,1.8700000047683716,1.899999976158142,1.7999999523162842,1.809999942779541,6600,UZX
2025-04-15,2.0399999618530273,2.069999933242798,1.7899999618530271,1.7899999618530271,35400,UZX
2025-04-16,1.7200000286102295,2.0399999618530273,1.7200000286102295,2.0399999618530273,84600,UZX
2025-04-17,1.7200000286102295,1.8700000047683716,1.7200000286102295,1.8700000047683716,4200,UZX
2025-04-21,1.7480000257492063,1.850000023841858,1.6799999475479126,1.6799999475479126,17100,UZX
2025-04-22,1.75,1.75,1.690000057220459,1.75,25900,UZX
2025-04-23,1.8799999952316284,1.9989999532699585,1.7599999904632568,1.7599999904632568,2595000,UZX
2025-04-24,1.9700000286102295,2.4000000953674316,1.8799999952316284,2.1600000858306885,18909400,UZX
2025-04-25,1.9600000381469729,2.1500000953674316,1.7999999523162842,1.8600000143051147,512400,UZX
2025-04-28,1.830000042915344,1.8799999952316284,1.5700000524520874,1.7999999523162842,129400,UZX
2025-04-29,1.8799999952316284,2.130000114440918,1.7799999713897705,1.7799999713897705,244900,UZX
2025-04-30,1.919999957084656,1.9989999532699585,1.850000023841858,1.8700000047683716,37100,UZX
2025-05-01,1.899999976158142,1.9639999866485596,1.830000042915344,1.899999976158142,29300,UZX
2025-05-02,1.899999976158142,1.9900000095367432,1.8600000143051147,1.8899999856948853,35100,UZX
2025-05-05,1.9600000381469729,1.9900000095367432,1.7999999523162842,1.7999999523162842,22200,UZX
2025-05-06,1.940000057220459,1.950000047683716,1.8700000047683716,1.9140000343322752,10300,UZX
2025-05-07,1.940000057220459,1.950000047683716,1.8700000047683716,1.8899999856948853,13400,UZX
2025-05-08,1.899999976158142,1.9700000286102295,1.8600000143051147,1.8899999856948853,40600,UZX
2025-05-09,1.9800000190734863,2.0399999618530273,1.899999976158142,1.9700000286102295,59000,UZX
2025-05-12,1.8799999952316284,2.114000082015991,1.8799999952316284,2.0880000591278076,57700,UZX
2025-05-13,1.9800000190734863,2.119999885559082,1.899999976158142,1.899999976158142,17400,UZX
2025-05-14,1.9600000381469729,2.0190000534057617,1.9299999475479128,1.9700000286102295,23500,UZX
2025-05-15,1.9800000190734863,1.9800000190734863,1.955999970436096,1.9600000381469729,4200,UZX
2025-05-16,1.924999952316284,1.9700000286102295,1.8769999742507937,1.8769999742507937,11600,UZX
2025-05-19,1.7999999523162842,1.899999976158142,1.7899999618530271,1.840000033378601,14800,UZX
2025-05-20,2.009999990463257,2.059999942779541,1.8899999856948853,1.8899999856948853,38400,UZX
2025-05-21,1.950000047683716,1.9789999723434448,1.919999957084656,1.950000047683716,3400,UZX
2025-05-22,1.996999979019165,1.996999979019165,1.950999975204468,1.950999975204468,1700,UZX
2025-05-23,2.197000026702881,2.299999952316284,1.950000047683716,1.9900000095367432,62200,UZX
2025-05-27,2.2899999618530273,2.2899999618530273,2.119999885559082,2.1449999809265137,11600,UZX
2025-05-28,2.240000009536743,2.259000062942505,2.1500000953674316,2.1700000762939453,6200,UZX
2025-05-29,2.2699999809265137,2.2899999618530273,2.1500000953674316,2.200000047683716,15900,UZX
2025-05-30,2.5,2.559999942779541,2.255000114440918,2.255000114440918,77700,UZX
2025-06-02,2.4000000953674316,2.634000062942505,2.361000061035156,2.5199999809265137,50400,UZX
2025-06-03,2.4700000286102295,2.4800000190734863,2.3299999237060547,2.3299999237060547,18800,UZX
2025-06-04,2.5199999809265137,2.5199999809265137,2.390000104904175,2.453000068664551,21100,UZX
2025-06-05,2.4800000190734863,2.492000102996826,2.174000024795532,2.243000030517578,22600,UZX
2025-06-06,2.4100000858306885,2.4800000190734863,2.4000000953674316,2.4800000190734863,3100,UZX
2025-06-09,2.319999933242798,2.430000066757202,2.2899999618530273,2.4100000858306885,15700,UZX
2025-06-10,2.319999933242798,2.375,2.25,2.25,10900,UZX
2025-06-11,2.2899999618530273,2.428999900817871,2.2899999618530273,2.309999942779541,6100,UZX
2025-06-12,2.4079999923706055,2.4700000286102295,2.2899999618530273,2.4700000286102295,5100,UZX
2025-06-13,2.359999895095825,2.359999895095825,2.0339999198913574,2.190000057220459,10000,UZX
2025-06-16,2.369999885559082,2.390000104904175,2.1040000915527344,2.2100000381469727,6300,UZX
2025-06-17,2.359999895095825,2.390000104904175,2.309999942779541,2.369999885559082,4400,UZX
2025-06-18,2.303999900817871,2.3499999046325684,2.259999990463257,2.259999990463257,3700,UZX
2025-06-20,2.3299999237060547,2.4600000381469727,2.3299999237060547,2.4600000381469727,2400,UZX
2025-06-23,2.25,2.3299999237060547,2.25,2.299999952316284,6900,UZX
2025-06-24,2.259999990463257,2.4100000858306885,2.25,2.259999990463257,2500,UZX
2025-06-25,2.2899999618530273,2.369999885559082,2.259999990463257,2.299999952316284,1100,UZX
2025-06-26,2.3299999237060547,2.549999952316284,2.299999952316284,2.4600000381469727,33600,UZX
2025-06-27,2.200999975204468,2.4000000953674316,2.200000047683716,2.200000047683716,11700,UZX
2025-06-30,2.3399999141693115,2.369999885559082,2.2160000801086426,2.2160000801086426,5400,UZX
2025-07-01,2.50600004196167,2.5299999713897705,2.4000000953674316,2.4000000953674316,10400,UZX
2025-07-02,2.4000000953674316,2.5,2.4000000953674316,2.5,11800,UZX
2025-07-03,2.4200000762939453,2.4200000762939453,2.4200000762939453,2.4200000762939453,1000,UZX
2025-07-07,2.4200000762939453,2.440000057220459,2.25,2.440000057220459,3400,UZX
2025-07-08,2.5369999408721924,2.5369999408721924,2.369999885559082,2.369999885559082,10900,UZX
2025-07-09,2.4000000953674316,2.490000009536743,2.4000000953674316,2.4800000190734863,4900,UZX
2025-07-10,2.5,2.509999990463257,2.440000057220459,2.450000047683716,11300,UZX
2025-07-11,2.5460000038146973,2.5460000038146973,2.450000047683716,2.450000047683716,5200,UZX
2025-07-14,2.5299999713897705,2.5299999713897705,2.4600000381469727,2.5299999713897705,2700,UZX
2025-07-15,2.309999942779541,2.3910000324249268,2.299999952316284,2.3910000324249268,10400,UZX
2025-07-16,2.4700000286102295,2.4700000286102295,2.309999942779541,2.309999942779541,10000,UZX
2025-07-17,2.4700000286102295,2.4700000286102295,2.359999895095825,2.359999895095825,4400,UZX
2025-07-18,2.4079999923706055,2.434999942779541,2.4000000953674316,2.4000000953674316,2300,UZX
2025-07-21,2.5239999294281006,2.5899999141693115,2.490999937057495,2.5299999713897705,22100,UZX
2025-07-22,2.489000082015991,2.515000104904175,2.4649999141693115,2.515000104904175,7000,UZX
2025-07-23,2.5999999046325684,2.6500000953674316,2.509999990463257,2.509999990463257,13000,UZX
2025-07-24,2.700000047683716,2.700000047683716,2.5989999771118164,2.700000047683716,15900,UZX
2025-07-25,2.700000047683716,2.700000047683716,2.6549999713897705,2.6700000762939453,2500,UZX
2025-07-28,2.75,2.75,2.630000114440918,2.630000114440918,1600,UZX
2025-07-29,2.7699999809265137,2.7699999809265137,2.7300000190734863,2.740000009536743,4600,UZX
2025-07-30,2.700000047683716,2.7100000381469727,2.6700000762939453,2.700000047683716,4300,UZX
2025-07-31,2.5999999046325684,2.6600000858306885,2.5899999141693115,2.6500000953674316,4400,UZX
2025-08-01,2.5399999618530273,2.5999999046325684,2.5399999618530273,2.549999952316284,2400,UZX
2025-08-04,2.3010001182556152,2.3010001182556152,2.2100000381469727,2.25,1400,UZX
2025-08-05,2.6500000953674316,2.690000057220459,2.559999942779541,2.559999942779541,7200,UZX
2025-08-06,2.6500000953674316,2.7100000381469727,2.6500000953674316,2.700000047683716,4600,UZX
2025-08-07,2.609999895095825,2.700000047683716,2.5999999046325684,2.6500000953674316,3000,UZX
2025-08-08,2.6410000324249268,2.690000057220459,2.6410000324249268,2.6570000648498535,5500,UZX
2025-08-11,2.6410000324249268,2.6410000324249268,2.6410000324249268,2.6410000324249268,0,UZX
2025-08-12,2.3499999046325684,2.430000066757202,2.3299999237060547,2.3299999237060547,2600,UZX
2025-08-13,2.4700000286102295,2.509000062942505,2.450000047683716,2.5,2300,UZX
2025-08-14,2.3499999046325684,2.4749999046325684,2.200000047683716,2.4749999046325684,5700,UZX
2025-08-15,2.4700000286102295,2.509999990463257,2.4600000381469727,2.50600004196167,13200,UZX
2025-08-18,2.4800000190734863,2.4800000190734863,2.4700000286102295,2.4800000190734863,29900,UZX
2025-08-19,2.450000047683716,2.4549999237060547,2.3499999046325684,2.450000047683716,10700,UZX
2025-08-20,2.3299999237060547,2.4000000953674316,2.200000047683716,2.4000000953674316,19900,UZX
2025-08-21,2.299999952316284,2.299999952316284,2.299999952316284,2.299999952316284,1100,UZX
2025-08-22,2.2699999809265137,2.2699999809265137,2.0999999046325684,2.0999999046325684,800,UZX
2025-08-25,2.200000047683716,2.2899999618530273,2.200000047683716,2.240000009536743,3600,UZX
2025-08-26,2.242000102996826,2.243000030517578,2.2039999961853027,2.243000030517578,1700,UZX
2025-08-27,2.259999990463257,2.259999990463257,2.200000047683716,2.200000047683716,2400,UZX
2025-08-28,2.259999990463257,2.259999990463257,2.259999990463257,2.259999990463257,1000,UZX
2025-08-29,2.2300000190734863,2.25,2.174999952316284,2.174999952316284,5400,UZX
2025-09-02,2.2100000381469727,2.25,2.2100000381469727,2.2200000286102295,7300,UZX
2025-09-03,2.197000026702881,2.2200000286102295,2.1600000858306885,2.2200000286102295,3100,UZX
2025-09-04,2.2200000286102295,2.2200000286102295,2.200000047683716,2.2179999351501465,2800,UZX
2025-09-05,2.2100000381469727,2.2300000190734863,2.2100000381469727,2.2200000286102295,2000,UZX
2025-09-08,2.1700000762939453,2.200000047683716,2.1500000953674316,2.200000047683716,5700,UZX
2025-09-09,2.200000047683716,2.200000047683716,2.069999933242798,2.1500000953674316,9300,UZX
2025-09-10,2.259999990463257,2.259999990463257,2.1500000953674316,2.1500000953674316,7200,UZX
2025-09-11,2.2300000190734863,2.25,2.2300000190734863,2.25,10100,UZX
2025-09-12,2.438999891281128,2.438999891281128,2.2100000381469727,2.2699999809265137,9400,UZX
2025-09-15,2.5,2.5199999809265137,2.369999885559082,2.369999885559082,5300,UZX
2025-09-16,2.5399999618530273,2.5399999618530273,2.5399999618530273,2.5399999618530273,6200,UZX
2025-09-17,2.5209999084472656,2.763000011444092,2.450000047683716,2.4600000381469727,9200,UZX
2025-09-18,2.5799999237060547,2.5799999237060547,2.5,2.5,3200,UZX
2025-09-19,2.390000104904175,2.5209999084472656,2.390000104904175,2.509999990463257,1800,UZX
2025-09-22,2.5899999141693115,2.680000066757202,2.450000047683716,2.490000009536743,12800,UZX
2025-09-23,2.5399999618530273,2.619999885559082,2.486999988555908,2.5899999141693115,6300,UZX
2025-09-24,2.440000057220459,2.5999999046325684,2.375999927520752,2.4800000190734863,10400,UZX
2025-09-25,2.390000104904175,2.4010000228881836,2.259999990463257,2.4010000228881836,909200,UZX
2025-09-26,2.1600000858306885,2.4100000858306885,1.9170000553131104,2.0999999046325684,86500,UZX
2025-09-29,2.009999990463257,2.1600000858306885,1.919999957084656,2.0199999809265137,42400,UZX
2025-09-30,1.9800000190734863,2.0799999237060547,1.559999942779541,1.950000047683716,102900,UZX
2025-10-01,1.8799999952316284,1.9900000095367432,1.8700000047683716,1.909999966621399,48400,UZX
2025-10-02,1.899999976158142,1.899999976158142,1.7899999618530271,1.8700000047683716,5700,UZX
2025-10-03,1.899999976158142,1.899999976158142,1.8589999675750732,1.8589999675750732,2700,UZX
2025-10-06,1.9700000286102295,1.9900000095367432,1.7699999809265137,1.8799999952316284,9400,UZX
2025-10-07,1.909000039100647,2.0,1.899999976158142,1.9700000286102295,18800,UZX
2025-10-08,1.899999976158142,1.9040000438690183,1.840000033378601,1.899999976158142,3100,UZX
2025-10-09,1.8899999856948853,1.9600000381469729,1.8600000143051147,1.8910000324249268,4069200,UZX
2025-10-10,1.690000057220459,1.830000042915344,1.600000023841858,1.7699999809265137,274400,UZX
2025-10-13,1.7000000476837158,1.7869999408721924,1.625,1.690000057220459,89200,UZX
2025-10-14,1.6100000143051147,1.690000057220459,1.600000023841858,1.690000057220459,46200,UZX
2025-10-15,1.649999976158142,1.7300000190734863,1.6100000143051147,1.690000057220459,2608700,UZX
2025-10-16,1.9700000286102295,3.0999999046325684,1.9299999475479128,2.880000114440918,52126700,UZX
2025-10-17,1.7999999523162842,1.8799999952316284,1.6699999570846558,1.840000033378601,481400,UZX
2025-10-20,1.7599999904632568,1.8700000047683716,1.6799999475479126,1.690000057220459,175400,UZX
2025-10-21,1.940000057220459,2.0999999046325684,1.7300000190734863,1.7599999904632568,4129300,UZX
2025-10-22,1.7000000476837158,1.7899999618530271,1.6799999475479126,1.7599999904632568,193400,UZX
2025-10-23,1.7000000476837158,1.75,1.649999976158142,1.6799999475479126,107800,UZX
2025-10-24,1.7999999523162842,1.899999976158142,1.7100000381469729,1.7300000190734863,253400,UZX
2025-10-27,1.7699999809265137,1.8200000524520872,1.75,1.7619999647140503,58800,UZX
2025-10-28,1.7899999618530271,1.8600000143051147,1.7599999904632568,1.7999999523162842,74400,UZX
2025-10-29,1.75,1.7699999809265137,1.7400000095367432,1.7400000095367432,51100,UZX
2025-10-30,1.715000033378601,1.7599999904632568,1.7100000381469729,1.7400000095367432,38600,UZX
2025-10-31,1.7300000190734863,1.75,1.690000057220459,1.715000033378601,48500,UZX
2025-11-03,1.659999966621399,1.75,1.6100000143051147,1.7300000190734863,53700,UZX
2025-11-04,1.6100000143051147,1.6299999952316284,1.559999942779541,1.6100000143051147,36700,UZX
2025-11-05,1.5,1.5829999446868896,1.5,1.5520000457763672,42900,UZX
2025-11-06,1.684999942779541,1.7000000476837158,1.465000033378601,1.5,94100,UZX
2025-11-07,1.649999976158142,1.7400000095367432,1.600000023841858,1.6100000143051147,72800,UZX
2025-11-10,1.8940000534057615,1.909999966621399,1.6799999475479126,1.7039999961853027,80900,UZX
2025-11-11,2.187999963760376,2.200000047683716,1.7999999523162842,1.8799999952316284,191500,UZX
2025-11-12,1.9900000095367432,2.049999952316284,1.9700000286102295,1.9700000286102295,70100,UZX
2025-11-13,1.9600000381469729,2.0320000648498535,1.899999976158142,1.9600000381469729,52100,UZX
2025-11-14,1.9900000095367432,2.049999952316284,1.8700000047683716,1.8799999952316284,23600,UZX
2025-11-17,1.9600000381469729,2.0999999046325684,1.6699999570846558,1.9900000095367432,142000,UZX
2025-11-18,2.0399999618530273,2.0799999237060547,1.98199999332428,2.0,68100,UZX
2025-11-19,2.0199999809265137,2.0199999809265137,1.850000023841858,2.000999927520752,61800,UZX
2025-11-20,1.9450000524520872,2.0369999408721924,1.909999966621399,2.0369999408721924,21300,UZX
2025-11-21,2.0999999046325684,2.0999999046325684,1.909999966621399,1.9600000381469729,32000,UZX
2025-11-24,2.0399999618530273,2.0899999141693115,2.0399999618530273,2.0399999618530273,6000,UZX
2025-11-25,2.0460000038146973,2.0789999961853027,2.0399999618530273,2.0789999961853027,5900,UZX
2025-11-26,2.0199999809265137,2.049999952316284,2.0199999809265137,2.049999952316284,37200,UZX
2025-11-28,2.0299999713897705,2.072999954223633,1.9739999771118164,2.0,212600,UZX
2025-12-01,2.0250000953674316,2.0399999618530273,1.950000047683716,1.9600000381469729,91900,UZX
2025-12-02,2.0799999237060547,2.265000104904175,1.950000047683716,2.0,90100,UZX
2025-12-03,2.0450000762939453,2.0810000896453857,2.0,2.0799999237060547,33900,UZX
2025-12-04,2.062999963760376,2.119999885559082,2.0399999618530273,2.049999952316284,233400,UZX
2025-12-05,2.059999942779541,2.059999942779541,2.0399999618530273,2.049999952316284,8900,UZX
2025-12-08,2.0999999046325684,2.119999885559082,1.9299999475479128,1.950000047683716,145700,UZX
2025-12-09,2.049999952316284,2.109999895095825,2.049999952316284,2.069999933242798,23700,UZX
2025-12-10,2.0399999618530273,2.0999999046325684,2.0199999809265137,2.0399999618530273,48200,UZX
2025-12-11,2.0199999809265137,2.0350000858306885,2.009999990463257,2.0199999809265137,10600,UZX
2025-12-12,2.009999990463257,2.0899999141693115,2.009999990463257,2.059999942779541,43800,UZX
2025-12-15,1.830000042915344,2.009999990463257,1.830000042915344,2.009999990463257,20700,UZX
2025-12-16,1.8799999952316284,1.8899999856948853,1.7599999904632568,1.8200000524520872,28900,UZX
2025-12-17,1.8799999952316284,1.8799999952316284,1.7999999523162842,1.850000023841858,42500,UZX
2025-12-18,1.9700000286102295,1.9900000095367432,1.850000023841858,1.8700000047683716,41700,UZX
2025-12-19,1.9900000095367432,2.0299999713897705,1.9700000286102295,2.0,26500,UZX
2025-12-22,1.899999976158142,1.955000042915344,1.830000042915344,1.9110000133514404,59400,UZX
2025-12-23,1.8799999952316284,1.9299999475479128,1.8700000047683716,1.8700000047683716,4800,UZX
2025-12-24,1.809999942779541,1.8600000143051147,1.809999942779541,1.840000033378601,20800,UZX
2025-12-26,1.899999976158142,1.9290000200271609,1.7400000095367432,1.809999942779541,35800,UZX
2025-12-29,1.7699999809265137,1.7999999523162842,1.75,1.7999999523162842,10000,UZX
2025-12-30,1.7300000190734863,1.7649999856948853,1.7000000476837158,1.7100000381469729,22600,UZX
2025-12-31,1.8200000524520872,1.8200000524520872,1.7400000095367432,1.7400000095367432,26100,UZX
2026-01-02,1.909999966621399,1.9700000286102295,1.8700000047683716,1.8700000047683716,5600,UZX
2026-01-05,1.830000042915344,1.940000057220459,1.7999999523162842,1.940000057220459,8800,UZX
2026-01-06,2.009999990463257,2.1700000762939453,1.75,1.809999942779541,271000,UZX
2026-01-07,1.9600000381469729,2.1500000953674316,1.7999999523162842,2.0399999618530273,280500,UZX
2026-01-08,1.8799999952316284,2.0399999618530273,1.7699999809265137,2.0199999809265137,298200,UZX
2026-01-09,1.7799999713897705,2.0,1.690000057220459,1.8350000381469729,314500,UZX
2026-01-12,1.7000000476837158,1.8799999952316284,1.690000057220459,1.7799999713897705,108500,UZX
2026-01-13,1.6699999570846558,1.7300000190734863,1.600000023841858,1.7300000190734863,60800,UZX
2026-01-14,1.6299999952316284,1.7400000095367432,1.6299999952316284,1.7050000429153442,4500,UZX
2026-01-15,1.6799999475479126,1.7100000381469729,1.6699999570846558,1.7050000429153442,13400,UZX
2026-01-16,1.649999976158142,1.7000000476837158,1.649999976158142,1.659999966621399,53900,UZX
2026-01-20,1.5700000524520874,1.7599999904632568,1.5499999523162842,1.6399999856948853,129900,UZX
2026-01-21,1.600000023841858,1.6419999599456787,1.5850000381469729,1.6100000143051147,62000,UZX
2026-01-22,1.649999976158142,1.7300000190734863,1.5700000524520874,1.600000023841858,391400,UZX
2026-01-23,1.5729999542236328,1.75,1.5700000524520874,1.659999966621399,368100,UZX
2026-01-26,1.5800000429153442,1.6799999475479126,1.5549999475479126,1.600000023841858,345800,UZX
2026-01-27,1.4299999475479126,1.649999976158142,1.3300000429153442,1.5800000429153442,355200,UZX
2026-01-28,1.5,1.597000002861023,1.409999966621399,1.409999966621399,24400,UZX
2026-01-29,1.4199999570846558,1.5299999713897705,1.4199999570846558,1.5299999713897705,15300,UZX
2026-01-30,1.5,1.5299999713897705,1.409999966621399,1.4900000095367432,41900,UZX
2026-02-02,1.4299999475479126,1.5099999904632568,1.3700000047683716,1.5099999904632568,64100,UZX
2026-02-03,1.340000033378601,1.4989999532699585,1.2999999523162842,1.340000033378601,73300,UZX
2026-02-04,1.3899999856948853,1.4700000286102295,1.3650000095367432,1.3899999856948853,65300,UZX
2026-02-05,1.3799999952316284,1.4600000381469729,1.3700000047683716,1.4600000381469729,21300,UZX
2026-02-06,1.3700000047683716,1.4500000476837158,1.25,1.3700000047683716,56000,UZX
2026-02-09,1.2599999904632568,1.3799999952316284,1.2599999904632568,1.3600000143051147,57200,UZX
2026-02-10,1.309999942779541,1.3300000429153442,1.25,1.25,23000,UZX
2026-02-11,1.5180000066757202,1.5199999809265137,1.3200000524520874,1.3200000524520874,59300,UZX
2026-02-12,1.600000023841858,1.6449999809265137,1.5449999570846558,1.5499999523162842,53800,UZX
2026-02-13,1.6200000047683716,1.6299999952316284,1.590000033378601,1.600000023841858,12200,UZX
2026-02-17,1.5700000524520874,1.6299999952316284,1.559999942779541,1.5800000429153442,55000,UZX
2026-02-18,1.6200000047683716,1.659999966621399,1.534999966621399,1.559999942779541,19000,UZX
2026-02-19,1.6299999952316284,1.7400000095367432,1.5800000429153442,1.5800000429153442,21100,UZX
2026-02-20,1.7000000476837158,1.7400000095367432,1.6119999885559082,1.6200000047683716,6300,UZX
2026-02-23,1.7400000095367432,1.840000033378601,1.6950000524520874,1.7000000476837158,35400,UZX
2026-02-24,1.7400000095367432,1.7990000247955322,1.7200000286102295,1.7200000286102295,19700,UZX
2026-02-25,1.6799999475479126,1.7699999809265137,1.659999966621399,1.659999966621399,35000,UZX
2026-02-26,1.690000057220459,1.7300000190734863,1.600000023841858,1.6399999856948853,22800,UZX
2026-02-27,1.7699999809265137,1.8200000524520872,1.6399999856948853,1.6699999570846558,18500,UZX
2026-03-02,1.6399999856948853,1.7699999809265137,1.6399999856948853,1.6799999475479126,19400,UZX
2026-03-03,1.649999976158142,1.649999976158142,1.6399999856948853,1.6399999856948853,1300,UZX
2026-03-04,1.5700000524520874,1.75,1.559999942779541,1.590000033378601,41100,UZX
2026-03-05,1.5199999809265137,1.559999942779541,1.4900000095367432,1.559999942779541,12900,UZX
2026-03-06,1.559999942779541,1.6799999475479126,1.399999976158142,1.4600000381469729,58900,UZX
2026-03-09,1.5700000524520874,1.6699999570846558,1.4500000476837158,1.5499999523162842,34800,UZX
2026-03-10,1.559999942779541,1.6100000143051147,1.5399999618530271,1.5399999618530271,13100,UZX
2026-03-11,1.5700000524520874,1.6100000143051147,1.5499999523162842,1.5499999523162842,3200,UZX
2026-03-12,1.5499999523162842,1.600000023841858,1.5499999523162842,1.5800000429153442,6900,UZX
2026-03-13,1.5499999523162842,1.600000023841858,1.5,1.5499999523162842,26200,UZX
2026-03-16,1.5399999618530271,1.600000023841858,1.5399999618530271,1.5700000524520874,35500,UZX
2026-03-17,1.5,1.5399999618530271,1.5,1.5199999809265137,8400,UZX
2026-03-18,1.4500000476837158,1.5,1.4500000476837158,1.4800000190734863,4400,UZX
2026-03-19,1.4700000286102295,1.5199999809265137,1.4700000286102295,1.5199999809265137,11900,UZX
2026-03-20,1.4800000190734863,1.5399999618530271,1.4800000190734863,1.5399999618530271,9300,UZX
2026-03-23,1.440000057220459,1.4800000190734863,1.440000057220459,1.4700000286102295,13000,UZX
2026-03-24,1.4199999570846558,1.5399999618530271,1.3300000429153442,1.4299999475479126,30600,UZX
2026-03-25,1.5099999904632568,1.5700000524520874,1.4299999475479126,1.4299999475479126,92200,UZX
2026-03-26,1.5399999618530271,1.5700000524520874,1.5099999904632568,1.5099999904632568,31300,UZX
2026-03-27,1.5099999904632568,1.5299999713897705,1.5099999904632568,1.5299999713897705,7200,UZX
2026-03-30,1.5099999904632568,1.565000057220459,1.4600000381469729,1.4600000381469729,47800,UZX
2026-03-31,1.5,1.600000023841858,1.3799999952316284,1.4800000190734863,366500,UZX
2026-04-01,1.4700000286102295,1.5299999713897705,1.4600000381469729,1.4900000095367432,42600,UZX
2026-04-02,1.4700000286102295,1.5499999523162842,1.4500000476837158,1.5499999523162842,17500,UZX
2026-04-06,1.4550000429153442,1.5,1.409999966621399,1.5,27100,UZX
2026-04-07,1.4390000104904177,1.4800000190734863,1.4119999408721924,1.434999942779541,43300,UZX
2026-04-08,1.440000057220459,1.4800000190734863,1.4199999570846558,1.4800000190734863,43800,UZX
2026-04-09,1.4450000524520874,1.475000023841858,1.4149999618530271,1.4199999570846558,11200,UZX
2026-04-10,1.350000023841858,1.4900000095367432,1.2400000095367432,1.440000057220459,869700,UZX
2026-04-13,1.3300000429153442,1.399999976158142,1.315000057220459,1.3799999952316284,27900,UZX
2026-04-14,1.350000023841858,1.3600000143051147,1.309999942779541,1.340000033378601,29500,UZX
2026-04-15,1.2999999523162842,1.340000033378601,1.2599999904632568,1.315000057220459,16000,UZX
2026-04-16,1.309000015258789,1.399999976158142,1.2599999904632568,1.2899999618530271,400700,UZX
2026-04-17,1.190000057220459,1.3300000429153442,1.059999942779541,1.2999999523162842,141700,UZX
2026-04-20,1.149999976158142,1.190000057220459,1.0750000476837158,1.1699999570846558,25900,UZX
2026-04-21,0.7919999957084656,1.159999966621399,0.7459999918937683,1.149999976158142,338200,UZX
2026-04-22,0.628000020980835,0.7680000066757202,0.6100000143051147,0.7680000066757202,199200,UZX
2026-04-23,0.6129999756813049,0.628000020980835,0.5899999737739563,0.6100000143051147,109200,UZX
2026-04-24,0.6150000095367432,0.6299999952316284,0.5950000286102295,0.6010000109672546,42000,UZX
2026-04-27,0.6240000128746033,0.6349999904632568,0.6100000143051147,0.6100000143051147,66100,UZX
2026-04-28,0.5350000262260437,0.6050000190734863,0.4300000071525574,0.6050000190734863,149200,UZX
2026-04-29,0.481000006198883,0.550000011920929,0.4779999852180481,0.531000018119812,66900,UZX
2026-04-30,0.5600000023841858,0.5899999737739563,0.4990000128746032,0.4990000128746032,61700,UZX
2026-05-01,0.550000011920929,0.5600000023841858,0.5019999742507935,0.5600000023841858,20100,UZX
2026-05-04,0.5609999895095825,0.5699999928474426,0.5299999713897705,0.550000011920929,50600,UZX
2026-05-05,0.6299999952316284,0.6420000195503235,0.5699999928474426,0.5699999928474426,68200,UZX
2026-05-06,0.7049999833106995,0.7699999809265137,0.6000000238418579,0.6000000238418579,103200,UZX
2026-05-07,0.7149999737739563,0.7900000214576721,0.6600000262260437,0.7129999995231628,425200,UZX
2026-05-08,0.6700000166893005,0.7400000095367432,0.6700000166893005,0.7390000224113464,80300,UZX
2026-05-11,0.5899999737739563,0.6520000100135803,0.5799999833106995,0.6520000100135803,58800,UZX
2026-05-12,0.5600000023841858,0.6000000238418579,0.5590000152587891,0.5899999737739563,55200,UZX
2026-05-13,0.3339999914169311,0.5709999799728394,0.2800000011920929,0.5709999799728394,463400,UZX
2026-05-14,0.4050000011920929,0.4550000131130218,0.3400000035762787,0.363999992609024,2028000,UZX
2026-05-15,0.4120000004768371,0.5,0.3700000047683716,0.4550000131130218,4389700,UZX
2026-05-18,0.3179999887943268,0.3680000007152557,0.2910000085830688,0.367000013589859,277900,UZX
2026-05-19,0.3379999995231628,0.3499999940395355,0.2770000100135803,0.2770000100135803,279200,UZX
2026-05-20,0.3050000071525574,0.6779999732971191,0.2349999994039535,0.3569999933242798,22411400,UZX
2026-05-21,0.3449999988079071,0.3499999940395355,0.2860000133514404,0.3079999983310699,1815500,UZX
2026-05-22,0.4460000097751617,0.4600000083446502,0.3300000131130218,0.335999995470047,3354000,UZX
2026-05-26,0.7699999809265137,1.0499999523162842,0.6700000166893005,0.7149999737739563,306091400,UZX
2026-05-27,0.8349999785423279,1.1399999856948853,0.7440000176429749,1.0499999523162842,58701700,UZX
2026-05-28,0.8100000023841858,0.824999988079071,0.5659999847412109,0.5720000267028809,4910100,UZX
2026-05-29,0.8349999785423279,0.8999999761581421,0.6919999718666077,0.8899999856948853,3046600,UZX
2026-06-01,0.7179999947547913,0.7179999947547913,0.6499999761581421,0.699999988079071,1086800,UZX
2026-06-02,0.699999988079071,0.7279999852180481,0.6200000047683716,0.6700000166893005,665200,UZX
2026-06-03,0.6990000009536743,0.6990000009536743,0.5099999904632568,0.6340000033378601,727300,UZX
2026-06-04,0.6119999885559082,0.6499999761581421,0.5630000233650208,0.5630000233650208,437900,UZX
2026-06-05,0.5199999809265137,0.5680000185966492,0.4199999868869781,0.5400000214576721,1169100,UZX
2026-06-08,0.4900000095367431,0.5770000219345093,0.4600000083446502,0.4600000083446502,407900,UZX
2026-06-09,0.4480000138282776,0.492000013589859,0.4379999935626983,0.4900000095367431,424600,UZX
2026-06-10,0.4300000071525574,0.4589999914169311,0.4160000085830688,0.4230000078678131,290400,UZX
2026-06-11,0.414000004529953,0.4250000119209289,0.4099999964237213,0.4199999868869781,239200,UZX
2026-06-12,0.3980000019073486,0.4300000071525574,0.3899999856948852,0.3980000019073486,469000,UZX
2026-06-15,0.3910000026226043,0.4009999930858612,0.3709999918937683,0.3880000114440918,502900,UZX
2026-06-16,0.3790000081062317,0.4230000078678131,0.3700000047683716,0.3989999890327453,349000,UZX
2026-06-17,0.3819999992847442,0.4099999964237213,0.3700000047683716,0.3799999952316284,425900,UZX
2026-06-18,0.414000004529953,0.4300000071525574,0.3819999992847442,0.3910000026226043,408200,UZX
2026-06-22,0.4040000140666961,0.4550000131130218,0.4020000100135803,0.4350000023841858,315300,UZX
2026-06-23,0.3840000033378601,0.4169999957084656,0.3799999952316284,0.3910000026226043,752300,UZX
2026-06-24,0.3720000088214874,0.3970000147819519,0.3700000047683716,0.3799999952316284,114200,UZX
2026-06-25,0.3529999852180481,0.3799999952316284,0.3400000035762787,0.3729999959468841,194600,UZX
2026-06-26,,,,,321110,UZX
